year,district,candidate,candidate_key,filing_status,filing_date,pdf_label,pdf_url,question_number,inline_answer,question_text
2026,3,Guy Frankenstein,2026|3|guy frankenstein,Qualified,"June 26, 2026",Candidate Filing Application,https://www.portland.gov/auditor/elections/documents/frankenstein-guy-aud-120-original/download,1,Original,"This form is filed as an:
Page 2: City office"
2026,3,Guy Frankenstein,2026|3|guy frankenstein,Qualified,"June 26, 2026",Candidate Filing Application,https://www.portland.gov/auditor/elections/documents/frankenstein-guy-aud-120-original/download,2,Councilor District 3,"I am filing for the office of:
Page 3: Candidate name"
2026,3,Guy Frankenstein,2026|3|guy frankenstein,Qualified,"June 26, 2026",Candidate Filing Application,https://www.portland.gov/auditor/elections/documents/frankenstein-guy-aud-120-original/download,3,,"First name
Guy"
2026,3,Guy Frankenstein,2026|3|guy frankenstein,Qualified,"June 26, 2026",Candidate Filing Application,https://www.portland.gov/auditor/elections/documents/frankenstein-guy-aud-120-original/download,4,,"Middle initial
B"
2026,3,Guy Frankenstein,2026|3|guy frankenstein,Qualified,"June 26, 2026",Candidate Filing Application,https://www.portland.gov/auditor/elections/documents/frankenstein-guy-aud-120-original/download,5,,"Last name
Frankenstein"
2026,3,Guy Frankenstein,2026|3|guy frankenstein,Qualified,"June 26, 2026",Candidate Filing Application,https://www.portland.gov/auditor/elections/documents/frankenstein-guy-aud-120-original/download,6,Respondent skipped this question,"Suffix
1 / 7
2026 Candidate Filing Application - AUD 120 Form"
2026,3,Guy Frankenstein,2026|3|guy frankenstein,Qualified,"June 26, 2026",Candidate Filing Application,https://www.portland.gov/auditor/elections/documents/frankenstein-guy-aud-120-original/download,7,,"Name should appear on the ballot as follows (nickname or shortened version of name may be added in parentheses):
Guy Frankenstein"
2026,3,Guy Frankenstein,2026|3|guy frankenstein,Qualified,"June 26, 2026",Candidate Filing Application,https://www.portland.gov/auditor/elections/documents/frankenstein-guy-aud-120-original/download,8,Respondent skipped this question,"Optional: How your name should be pronounced (phonetic
spelling):
Page 4: Certification Requirement for Auditor Candidates"
2026,3,Guy Frankenstein,2026|3|guy frankenstein,Qualified,"June 26, 2026",Candidate Filing Application,https://www.portland.gov/auditor/elections/documents/frankenstein-guy-aud-120-original/download,9,Respondent skipped this question,Select one:
2026,3,Guy Frankenstein,2026|3|guy frankenstein,Qualified,"June 26, 2026",Candidate Filing Application,https://www.portland.gov/auditor/elections/documents/frankenstein-guy-aud-120-original/download,10,Respondent skipped this question,"Acknowledgment:
Page 5: Auditor Certification Proof"
2026,3,Guy Frankenstein,2026|3|guy frankenstein,Qualified,"June 26, 2026",Candidate Filing Application,https://www.portland.gov/auditor/elections/documents/frankenstein-guy-aud-120-original/download,11,Respondent skipped this question,"City Auditor candidate applicants may upload proof of
certification below if not submitting certification by email or
in person.
Page 6: Candidate residence address"
2026,3,Guy Frankenstein,2026|3|guy frankenstein,Qualified,"June 26, 2026",Candidate Filing Application,https://www.portland.gov/auditor/elections/documents/frankenstein-guy-aud-120-original/download,12,,"Candidate residence address
Street address 3014 se 8th Ave
City Portland
County OR
State OR
Zip code 97202-2569"
2026,3,Guy Frankenstein,2026|3|guy frankenstein,Qualified,"June 26, 2026",Candidate Filing Application,https://www.portland.gov/auditor/elections/documents/frankenstein-guy-aud-120-original/download,13,Yes,"Have you resided at this address since November 3,
2025?
2 / 7
2026 Candidate Filing Application - AUD 120 Form"
2026,3,Guy Frankenstein,2026|3|guy frankenstein,Qualified,"June 26, 2026",Candidate Filing Application,https://www.portland.gov/auditor/elections/documents/frankenstein-guy-aud-120-original/download,14,Respondent skipped this question,"If you answered “No” to the question above, list the
address(es) where you have resided since November 3,
2025:"
2026,3,Guy Frankenstein,2026|3|guy frankenstein,Qualified,"June 26, 2026",Candidate Filing Application,https://www.portland.gov/auditor/elections/documents/frankenstein-guy-aud-120-original/download,15,Yes,"Candidate mailing address and residence address are the
same.
Page 7: Candidate mailing address"
2026,3,Guy Frankenstein,2026|3|guy frankenstein,Qualified,"June 26, 2026",Candidate Filing Application,https://www.portland.gov/auditor/elections/documents/frankenstein-guy-aud-120-original/download,16,Respondent skipped this question,"Candidate mailing address
Page 8: Candidate contact information"
2026,3,Guy Frankenstein,2026|3|guy frankenstein,Qualified,"June 26, 2026",Candidate Filing Application,https://www.portland.gov/auditor/elections/documents/frankenstein-guy-aud-120-original/download,17,Respondent skipped this question,"Outgoing communications from Portland City Elections to
candidates or interested parties will be primarily by email,
unless contact by phone is selected by checking the box
below."
2026,3,Guy Frankenstein,2026|3|guy frankenstein,Qualified,"June 26, 2026",Candidate Filing Application,https://www.portland.gov/auditor/elections/documents/frankenstein-guy-aud-120-original/download,18,,"At least one email or phone number is required.
Primary email address (e.g., campaign email): gb.frankenstein@gmail.com
Primary phone number: 7177817742"
2026,3,Guy Frankenstein,2026|3|guy frankenstein,Qualified,"June 26, 2026",Candidate Filing Application,https://www.portland.gov/auditor/elections/documents/frankenstein-guy-aud-120-original/download,19,Respondent skipped this question,"Alternate email address (e.g., personal email)"
2026,3,Guy Frankenstein,2026|3|guy frankenstein,Qualified,"June 26, 2026",Candidate Filing Application,https://www.portland.gov/auditor/elections/documents/frankenstein-guy-aud-120-original/download,20,Respondent skipped this question,Alternate phone number
2026,3,Guy Frankenstein,2026|3|guy frankenstein,Qualified,"June 26, 2026",Candidate Filing Application,https://www.portland.gov/auditor/elections/documents/frankenstein-guy-aud-120-original/download,21,Respondent skipped this question,"Campaign phone number
3 / 7
2026 Candidate Filing Application - AUD 120 Form"
2026,3,Guy Frankenstein,2026|3|guy frankenstein,Qualified,"June 26, 2026",Candidate Filing Application,https://www.portland.gov/auditor/elections/documents/frankenstein-guy-aud-120-original/download,22,,"Campaign website (if applicable)
guyfrankenstein.com
Page 9: Race and ethnicity (optional) - Tribe or Native Corporation"
2026,3,Guy Frankenstein,2026|3|guy frankenstein,Qualified,"June 26, 2026",Candidate Filing Application,https://www.portland.gov/auditor/elections/documents/frankenstein-guy-aud-120-original/download,23,Respondent skipped this question,"Please provide your Tribe or Native Corporation, if desired:
Page 10: Race and ethnicity (optional)"
2026,3,Guy Frankenstein,2026|3|guy frankenstein,Qualified,"June 26, 2026",Candidate Filing Application,https://www.portland.gov/auditor/elections/documents/frankenstein-guy-aud-120-original/download,24,White,"Race and ethnicity (check all that apply)
Page 11: Required background information"
2026,3,Guy Frankenstein,2026|3|guy frankenstein,Qualified,"June 26, 2026",Candidate Filing Application,https://www.portland.gov/auditor/elections/documents/frankenstein-guy-aud-120-original/download,25,,"Occupation (present employment, paid or unpaid). If not employed, enter ""Not Employed.""
Student"
2026,3,Guy Frankenstein,2026|3|guy frankenstein,Qualified,"June 26, 2026",Candidate Filing Application,https://www.portland.gov/auditor/elections/documents/frankenstein-guy-aud-120-original/download,26,,"Occupational background (previous employment, paid or unpaid). If no relevant experience, ""None"" or ""NA"" must be
entered.
N/A"
2026,3,Guy Frankenstein,2026|3|guy frankenstein,Qualified,"June 26, 2026",Candidate Filing Application,https://www.portland.gov/auditor/elections/documents/frankenstein-guy-aud-120-original/download,27,,"Prior governmental experience (elected or appointed). If no relevant experience, ""None"" or ""NA” must be entered.
N/A
Page 12: Educational background
4 / 7
2026 Candidate Filing Application - AUD 120 Form"
2026,3,Guy Frankenstein,2026|3|guy frankenstein,Qualified,"June 26, 2026",Candidate Filing Application,https://www.portland.gov/auditor/elections/documents/frankenstein-guy-aud-120-original/download,28,,"School attended:
Complete name of school University of Idaho
Diploma/Degree/Certificate BS
Course of study (optional) Criminology"
2026,3,Guy Frankenstein,2026|3|guy frankenstein,Qualified,"June 26, 2026",Candidate Filing Application,https://www.portland.gov/auditor/elections/documents/frankenstein-guy-aud-120-original/download,29,,"School attended:
Complete name of school John Jay School of Criminal Justice
Diploma/Degree/Certificate MA
Course of study (optional) Human Rights"
2026,3,Guy Frankenstein,2026|3|guy frankenstein,Qualified,"June 26, 2026",Candidate Filing Application,https://www.portland.gov/auditor/elections/documents/frankenstein-guy-aud-120-original/download,30,Respondent skipped this question,School attended:
2026,3,Guy Frankenstein,2026|3|guy frankenstein,Qualified,"June 26, 2026",Candidate Filing Application,https://www.portland.gov/auditor/elections/documents/frankenstein-guy-aud-120-original/download,31,Respondent skipped this question,School attended:
2026,3,Guy Frankenstein,2026|3|guy frankenstein,Qualified,"June 26, 2026",Candidate Filing Application,https://www.portland.gov/auditor/elections/documents/frankenstein-guy-aud-120-original/download,32,No,Do you have additional schools to add?
2026,3,Guy Frankenstein,2026|3|guy frankenstein,Qualified,"June 26, 2026",Candidate Filing Application,https://www.portland.gov/auditor/elections/documents/frankenstein-guy-aud-120-original/download,33,Respondent skipped this question,"Educational background (other)
Page 13: Educational background (additional schools)"
2026,3,Guy Frankenstein,2026|3|guy frankenstein,Qualified,"June 26, 2026",Candidate Filing Application,https://www.portland.gov/auditor/elections/documents/frankenstein-guy-aud-120-original/download,34,Respondent skipped this question,School attended
2026,3,Guy Frankenstein,2026|3|guy frankenstein,Qualified,"June 26, 2026",Candidate Filing Application,https://www.portland.gov/auditor/elections/documents/frankenstein-guy-aud-120-original/download,35,Respondent skipped this question,School attended:
2026,3,Guy Frankenstein,2026|3|guy frankenstein,Qualified,"June 26, 2026",Candidate Filing Application,https://www.portland.gov/auditor/elections/documents/frankenstein-guy-aud-120-original/download,36,Respondent skipped this question,"School attended:
5 / 7
2026 Candidate Filing Application - AUD 120 Form"
2026,3,Guy Frankenstein,2026|3|guy frankenstein,Qualified,"June 26, 2026",Candidate Filing Application,https://www.portland.gov/auditor/elections/documents/frankenstein-guy-aud-120-original/download,37,Respondent skipped this question,School attended
2026,3,Guy Frankenstein,2026|3|guy frankenstein,Qualified,"June 26, 2026",Candidate Filing Application,https://www.portland.gov/auditor/elections/documents/frankenstein-guy-aud-120-original/download,38,Respondent skipped this question,School attended
2026,3,Guy Frankenstein,2026|3|guy frankenstein,Qualified,"June 26, 2026",Candidate Filing Application,https://www.portland.gov/auditor/elections/documents/frankenstein-guy-aud-120-original/download,39,Respondent skipped this question,"School attended
Page 15: Small Donor Elections program"
2026,3,Guy Frankenstein,2026|3|guy frankenstein,Qualified,"June 26, 2026",Candidate Filing Application,https://www.portland.gov/auditor/elections/documents/frankenstein-guy-aud-120-original/download,40,I do not plan to participate in the City’s public funding,"program.
Select one:
Page 16: Candidate committee"
2026,3,Guy Frankenstein,2026|3|guy frankenstein,Qualified,"June 26, 2026",Candidate Filing Application,https://www.portland.gov/auditor/elections/documents/frankenstein-guy-aud-120-original/download,41,I have a candidate committee registered with the Oregon,"Secretary of State in ORESTAR. Name of candidate
Select one:
committee as registered in ORESTAR::
Guy Frankenstein for Portland City Council
Page 17: Filing Method"
2026,3,Guy Frankenstein,2026|3|guy frankenstein,Qualified,"June 26, 2026",Candidate Filing Application,https://www.portland.gov/auditor/elections/documents/frankenstein-guy-aud-120-original/download,42,Declaration with Fee ($500 for Auditor; $250 for,"Councilor)
I am filing by:
Page 18: Filing by Declaration of Candidacy with Fee"
2026,3,Guy Frankenstein,2026|3|guy frankenstein,Qualified,"June 26, 2026",Candidate Filing Application,https://www.portland.gov/auditor/elections/documents/frankenstein-guy-aud-120-original/download,43,I am filing this Candidate Filing Application along with,"the required filing fee pursuant to City Code Section
Acknowledgement:
2.08.060 (Candidacy by Declaration). I understand that
my filing for candidacy is not complete until I have
submitted a completed Candidate Filing Application
and paid the filing fee."
2026,3,Guy Frankenstein,2026|3|guy frankenstein,Qualified,"June 26, 2026",Candidate Filing Application,https://www.portland.gov/auditor/elections/documents/frankenstein-guy-aud-120-original/download,44,Paying through the online payment portal,"(portlandoregon.gov/auditor/candidatefilingfee/).
I am including the required fee by the following method:
Page 19: Filing by Declaration of Candidacy with Fee Waiver
6 / 7
2026 Candidate Filing Application - AUD 120 Form"
2026,3,Guy Frankenstein,2026|3|guy frankenstein,Qualified,"June 26, 2026",Candidate Filing Application,https://www.portland.gov/auditor/elections/documents/frankenstein-guy-aud-120-original/download,45,Respondent skipped this question,"Acknowledgment:
Page 20: Filing by Nominating Petition"
2026,3,Guy Frankenstein,2026|3|guy frankenstein,Qualified,"June 26, 2026",Candidate Filing Application,https://www.portland.gov/auditor/elections/documents/frankenstein-guy-aud-120-original/download,46,Respondent skipped this question,Some circulators may be paid:
2026,3,Guy Frankenstein,2026|3|guy frankenstein,Qualified,"June 26, 2026",Candidate Filing Application,https://www.portland.gov/auditor/elections/documents/frankenstein-guy-aud-120-original/download,47,Respondent skipped this question,Acknowledgment:
2026,3,Guy Frankenstein,2026|3|guy frankenstein,Qualified,"June 26, 2026",Candidate Filing Application,https://www.portland.gov/auditor/elections/documents/frankenstein-guy-aud-120-original/download,48,Respondent skipped this question,"A proposed signature sheet (SEL 121 Form) must be
submitted for review and approved in writing prior to
circulating for signatures.
Page 21: Residence address exemption"
2026,3,Guy Frankenstein,2026|3|guy frankenstein,Qualified,"June 26, 2026",Candidate Filing Application,https://www.portland.gov/auditor/elections/documents/frankenstein-guy-aud-120-original/download,49,I will not be filing the optional Residence Address,"Exemption Request.
Candidates must disclose their residence address as part
of their declaration of candidacy. Candidate declarations
are publicly disclosed online. Candidates have the option
to request their residence address be exempt from
disclosure by filing a separate Residence Address
Exemption Request with the Oregon Secretary of State.
The exemption request must include a publicly disclosable
mailing address. Even if exemption requests are granted,
residence addresses are still subject to in-person
inspection as a public record under ORS 192.311 to
192.478. An Address Exemption Request must be filed
within five (5) business days of filing this Candidate Filing
Application (AUD 120 Form) to avoid potential public
posting of a residence address.
Page 22: Candidate attestation and filing submission"
2026,3,Guy Frankenstein,2026|3|guy frankenstein,Qualified,"June 26, 2026",Candidate Filing Application,https://www.portland.gov/auditor/elections/documents/frankenstein-guy-aud-120-original/download,50,"By checking this box, I am attaching my electronic","signature to this online Candidate Filing Application
Candidate signature
(AUD 120 Form).
7 / 7"
2026,3,Keir Legree,2026|3|keir legree,Qualified,"July 10, 2026",Candidate Filing Application (Amended),https://www.portland.gov/auditor/elections/documents/legree-keir-aud-120-amended/download,1,Amendment,"This form is filed as an:
Page 2: City office"
2026,3,Keir Legree,2026|3|keir legree,Qualified,"July 10, 2026",Candidate Filing Application (Amended),https://www.portland.gov/auditor/elections/documents/legree-keir-aud-120-amended/download,2,Councilor District 3,"I am filing for the office of:
Page 3: Candidate name"
2026,3,Keir Legree,2026|3|keir legree,Qualified,"July 10, 2026",Candidate Filing Application (Amended),https://www.portland.gov/auditor/elections/documents/legree-keir-aud-120-amended/download,3,,"First name
Adrian"
2026,3,Keir Legree,2026|3|keir legree,Qualified,"July 10, 2026",Candidate Filing Application (Amended),https://www.portland.gov/auditor/elections/documents/legree-keir-aud-120-amended/download,4,,"Middle initial
Keir"
2026,3,Keir Legree,2026|3|keir legree,Qualified,"July 10, 2026",Candidate Filing Application (Amended),https://www.portland.gov/auditor/elections/documents/legree-keir-aud-120-amended/download,5,,"Last name
Legree"
2026,3,Keir Legree,2026|3|keir legree,Qualified,"July 10, 2026",Candidate Filing Application (Amended),https://www.portland.gov/auditor/elections/documents/legree-keir-aud-120-amended/download,6,Respondent skipped this question,"Suffix
1 / 7
2026 Candidate Filing Application - AUD 120 Form"
2026,3,Keir Legree,2026|3|keir legree,Qualified,"July 10, 2026",Candidate Filing Application (Amended),https://www.portland.gov/auditor/elections/documents/legree-keir-aud-120-amended/download,7,,"Name should appear on the ballot as follows (nickname or shortened version of name may be added in parentheses):
Keir Legree"
2026,3,Keir Legree,2026|3|keir legree,Qualified,"July 10, 2026",Candidate Filing Application (Amended),https://www.portland.gov/auditor/elections/documents/legree-keir-aud-120-amended/download,8,,"Optional: How your name should be pronounced (phonetic spelling):
Rhymes with Beer!
Page 4: Certification Requirement for Auditor Candidates"
2026,3,Keir Legree,2026|3|keir legree,Qualified,"July 10, 2026",Candidate Filing Application (Amended),https://www.portland.gov/auditor/elections/documents/legree-keir-aud-120-amended/download,9,Respondent skipped this question,Select one:
2026,3,Keir Legree,2026|3|keir legree,Qualified,"July 10, 2026",Candidate Filing Application (Amended),https://www.portland.gov/auditor/elections/documents/legree-keir-aud-120-amended/download,10,Respondent skipped this question,"Acknowledgment:
Page 5: Auditor Certification Proof"
2026,3,Keir Legree,2026|3|keir legree,Qualified,"July 10, 2026",Candidate Filing Application (Amended),https://www.portland.gov/auditor/elections/documents/legree-keir-aud-120-amended/download,11,Respondent skipped this question,"City Auditor candidate applicants may upload proof of
certification below if not submitting certification by email or
in person.
Page 6: Candidate residence address"
2026,3,Keir Legree,2026|3|keir legree,Qualified,"July 10, 2026",Candidate Filing Application (Amended),https://www.portland.gov/auditor/elections/documents/legree-keir-aud-120-amended/download,12,,"Candidate residence address
Street address
City
County
State
Zip code"
2026,3,Keir Legree,2026|3|keir legree,Qualified,"July 10, 2026",Candidate Filing Application (Amended),https://www.portland.gov/auditor/elections/documents/legree-keir-aud-120-amended/download,13,Yes,"Have you resided at this address since November 3,
2025?
2 / 7
2026 Candidate Filing Application - AUD 120 Form"
2026,3,Keir Legree,2026|3|keir legree,Qualified,"July 10, 2026",Candidate Filing Application (Amended),https://www.portland.gov/auditor/elections/documents/legree-keir-aud-120-amended/download,14,Respondent skipped this question,"If you answered “No” to the question above, list the
address(es) where you have resided since November 3,
2025:"
2026,3,Keir Legree,2026|3|keir legree,Qualified,"July 10, 2026",Candidate Filing Application (Amended),https://www.portland.gov/auditor/elections/documents/legree-keir-aud-120-amended/download,15,Yes,"Candidate mailing address and residence address are the
same.
Page 7: Candidate mailing address"
2026,3,Keir Legree,2026|3|keir legree,Qualified,"July 10, 2026",Candidate Filing Application (Amended),https://www.portland.gov/auditor/elections/documents/legree-keir-aud-120-amended/download,16,Respondent skipped this question,"Candidate mailing address
Page 8: Candidate contact information"
2026,3,Keir Legree,2026|3|keir legree,Qualified,"July 10, 2026",Candidate Filing Application (Amended),https://www.portland.gov/auditor/elections/documents/legree-keir-aud-120-amended/download,17,Respondent skipped this question,"Outgoing communications from Portland City Elections to
candidates or interested parties will be primarily by email,
unless contact by phone is selected by checking the box
below."
2026,3,Keir Legree,2026|3|keir legree,Qualified,"July 10, 2026",Candidate Filing Application (Amended),https://www.portland.gov/auditor/elections/documents/legree-keir-aud-120-amended/download,18,,"At least one email or phone number is required.
Primary email address (e.g., campaign email): keir@planxt.com
Primary phone number: 503-784-6136"
2026,3,Keir Legree,2026|3|keir legree,Qualified,"July 10, 2026",Candidate Filing Application (Amended),https://www.portland.gov/auditor/elections/documents/legree-keir-aud-120-amended/download,19,Respondent skipped this question,"Alternate email address (e.g., personal email)"
2026,3,Keir Legree,2026|3|keir legree,Qualified,"July 10, 2026",Candidate Filing Application (Amended),https://www.portland.gov/auditor/elections/documents/legree-keir-aud-120-amended/download,20,Respondent skipped this question,Alternate phone number
2026,3,Keir Legree,2026|3|keir legree,Qualified,"July 10, 2026",Candidate Filing Application (Amended),https://www.portland.gov/auditor/elections/documents/legree-keir-aud-120-amended/download,21,Respondent skipped this question,Campaign phone number
2026,3,Keir Legree,2026|3|keir legree,Qualified,"July 10, 2026",Candidate Filing Application (Amended),https://www.portland.gov/auditor/elections/documents/legree-keir-aud-120-amended/download,22,Respondent skipped this question,"Campaign website (if applicable)
3 / 7
2026 Candidate Filing Application - AUD 120 Form
Page 9: Race and ethnicity (optional) - Tribe or Native Corporation"
2026,3,Keir Legree,2026|3|keir legree,Qualified,"July 10, 2026",Candidate Filing Application (Amended),https://www.portland.gov/auditor/elections/documents/legree-keir-aud-120-amended/download,23,Respondent skipped this question,"Please provide your Tribe or Native Corporation, if desired:
Page 10: Race and ethnicity (optional)"
2026,3,Keir Legree,2026|3|keir legree,Qualified,"July 10, 2026",Candidate Filing Application (Amended),https://www.portland.gov/auditor/elections/documents/legree-keir-aud-120-amended/download,24,White,"Race and ethnicity (check all that apply)
Page 11: Required background information"
2026,3,Keir Legree,2026|3|keir legree,Qualified,"July 10, 2026",Candidate Filing Application (Amended),https://www.portland.gov/auditor/elections/documents/legree-keir-aud-120-amended/download,25,,"Occupation (present employment, paid or unpaid). If not employed, enter ""Not Employed.""
GM of Savoy Studios (An Art Glass Company)
- Founder PlanXT (online project management company)"
2026,3,Keir Legree,2026|3|keir legree,Qualified,"July 10, 2026",Candidate Filing Application (Amended),https://www.portland.gov/auditor/elections/documents/legree-keir-aud-120-amended/download,26,,"Occupational background (previous employment, paid or unpaid). If no relevant experience, ""None"" or ""NA"" must be
entered.
N/A"
2026,3,Keir Legree,2026|3|keir legree,Qualified,"July 10, 2026",Candidate Filing Application (Amended),https://www.portland.gov/auditor/elections/documents/legree-keir-aud-120-amended/download,27,,"Prior governmental experience (elected or appointed). If no relevant experience, ""None"" or ""NA” must be entered.
N/A
Page 12: Educational background"
2026,3,Keir Legree,2026|3|keir legree,Qualified,"July 10, 2026",Candidate Filing Application (Amended),https://www.portland.gov/auditor/elections/documents/legree-keir-aud-120-amended/download,28,,"School attended:
Complete name of school Rex Putnam High School
Last grade completed 12
Diploma/Degree/Certificate High School Diploma"
2026,3,Keir Legree,2026|3|keir legree,Qualified,"July 10, 2026",Candidate Filing Application (Amended),https://www.portland.gov/auditor/elections/documents/legree-keir-aud-120-amended/download,29,Respondent skipped this question,"School attended:
4 / 7
2026 Candidate Filing Application - AUD 120 Form"
2026,3,Keir Legree,2026|3|keir legree,Qualified,"July 10, 2026",Candidate Filing Application (Amended),https://www.portland.gov/auditor/elections/documents/legree-keir-aud-120-amended/download,30,Respondent skipped this question,School attended:
2026,3,Keir Legree,2026|3|keir legree,Qualified,"July 10, 2026",Candidate Filing Application (Amended),https://www.portland.gov/auditor/elections/documents/legree-keir-aud-120-amended/download,31,Respondent skipped this question,School attended:
2026,3,Keir Legree,2026|3|keir legree,Qualified,"July 10, 2026",Candidate Filing Application (Amended),https://www.portland.gov/auditor/elections/documents/legree-keir-aud-120-amended/download,32,No,Do you have additional schools to add?
2026,3,Keir Legree,2026|3|keir legree,Qualified,"July 10, 2026",Candidate Filing Application (Amended),https://www.portland.gov/auditor/elections/documents/legree-keir-aud-120-amended/download,33,Respondent skipped this question,"Educational background (other)
Page 13: Educational background (additional schools)"
2026,3,Keir Legree,2026|3|keir legree,Qualified,"July 10, 2026",Candidate Filing Application (Amended),https://www.portland.gov/auditor/elections/documents/legree-keir-aud-120-amended/download,34,Respondent skipped this question,School attended
2026,3,Keir Legree,2026|3|keir legree,Qualified,"July 10, 2026",Candidate Filing Application (Amended),https://www.portland.gov/auditor/elections/documents/legree-keir-aud-120-amended/download,35,Respondent skipped this question,School attended:
2026,3,Keir Legree,2026|3|keir legree,Qualified,"July 10, 2026",Candidate Filing Application (Amended),https://www.portland.gov/auditor/elections/documents/legree-keir-aud-120-amended/download,36,Respondent skipped this question,School attended:
2026,3,Keir Legree,2026|3|keir legree,Qualified,"July 10, 2026",Candidate Filing Application (Amended),https://www.portland.gov/auditor/elections/documents/legree-keir-aud-120-amended/download,37,Respondent skipped this question,School attended
2026,3,Keir Legree,2026|3|keir legree,Qualified,"July 10, 2026",Candidate Filing Application (Amended),https://www.portland.gov/auditor/elections/documents/legree-keir-aud-120-amended/download,38,Respondent skipped this question,School attended
2026,3,Keir Legree,2026|3|keir legree,Qualified,"July 10, 2026",Candidate Filing Application (Amended),https://www.portland.gov/auditor/elections/documents/legree-keir-aud-120-amended/download,39,Respondent skipped this question,"School attended
Page 15: Small Donor Elections program"
2026,3,Keir Legree,2026|3|keir legree,Qualified,"July 10, 2026",Candidate Filing Application (Amended),https://www.portland.gov/auditor/elections/documents/legree-keir-aud-120-amended/download,40,I do not plan to participate in the City’s public funding,"program.
Select one:
5 / 7
2026 Candidate Filing Application - AUD 120 Form
Page 16: Candidate committee"
2026,3,Keir Legree,2026|3|keir legree,Qualified,"July 10, 2026",Candidate Filing Application (Amended),https://www.portland.gov/auditor/elections/documents/legree-keir-aud-120-amended/download,41,I do not currently have a candidate committee,"registered in ORESTAR. I will be filing a Statement of
Select one:
Organization for Candidate Committee (SEL 220 Form)
with Oregon’s Secretary of State, Elections Division.
Page 17: Filing Method"
2026,3,Keir Legree,2026|3|keir legree,Qualified,"July 10, 2026",Candidate Filing Application (Amended),https://www.portland.gov/auditor/elections/documents/legree-keir-aud-120-amended/download,42,Declaration with Fee ($500 for Auditor; $250 for,"Councilor)
I am filing by:
Page 18: Filing by Declaration of Candidacy with Fee"
2026,3,Keir Legree,2026|3|keir legree,Qualified,"July 10, 2026",Candidate Filing Application (Amended),https://www.portland.gov/auditor/elections/documents/legree-keir-aud-120-amended/download,43,I am filing this Candidate Filing Application along with,"the required filing fee pursuant to City Code Section
Acknowledgement:
2.08.060 (Candidacy by Declaration). I understand that
my filing for candidacy is not complete until I have
submitted a completed Candidate Filing Application
and paid the filing fee."
2026,3,Keir Legree,2026|3|keir legree,Qualified,"July 10, 2026",Candidate Filing Application (Amended),https://www.portland.gov/auditor/elections/documents/legree-keir-aud-120-amended/download,44,Paying through the online payment portal,"(portlandoregon.gov/auditor/candidatefilingfee/).
I am including the required fee by the following method:
Page 19: Filing by Declaration of Candidacy with Fee Waiver"
2026,3,Keir Legree,2026|3|keir legree,Qualified,"July 10, 2026",Candidate Filing Application (Amended),https://www.portland.gov/auditor/elections/documents/legree-keir-aud-120-amended/download,45,Respondent skipped this question,"Acknowledgment:
Page 20: Filing by Nominating Petition"
2026,3,Keir Legree,2026|3|keir legree,Qualified,"July 10, 2026",Candidate Filing Application (Amended),https://www.portland.gov/auditor/elections/documents/legree-keir-aud-120-amended/download,46,Respondent skipped this question,Some circulators may be paid:
2026,3,Keir Legree,2026|3|keir legree,Qualified,"July 10, 2026",Candidate Filing Application (Amended),https://www.portland.gov/auditor/elections/documents/legree-keir-aud-120-amended/download,47,Respondent skipped this question,"Acknowledgment:
6 / 7
2026 Candidate Filing Application - AUD 120 Form"
2026,3,Keir Legree,2026|3|keir legree,Qualified,"July 10, 2026",Candidate Filing Application (Amended),https://www.portland.gov/auditor/elections/documents/legree-keir-aud-120-amended/download,48,Respondent skipped this question,"A proposed signature sheet (SEL 121 Form) must be
submitted for review and approved in writing prior to
circulating for signatures.
Page 21: Residence address exemption"
2026,3,Keir Legree,2026|3|keir legree,Qualified,"July 10, 2026",Candidate Filing Application (Amended),https://www.portland.gov/auditor/elections/documents/legree-keir-aud-120-amended/download,49,I will not be filing the optional Residence Address,"Exemption Request.
Candidates must disclose their residence address as part
of their declaration of candidacy. Candidate declarations
are publicly disclosed online. Candidates have the option
to request their residence address be exempt from
disclosure by filing a separate Residence Address
Exemption Request with the Oregon Secretary of State.
The exemption request must include a publicly disclosable
mailing address. Even if exemption requests are granted,
residence addresses are still subject to in-person
inspection as a public record under ORS 192.311 to
192.478. An Address Exemption Request must be filed
within five (5) business days of filing this Candidate Filing
Application (AUD 120 Form) to avoid potential public
posting of a residence address.
Page 22: Candidate attestation and filing submission"
2026,3,Keir Legree,2026|3|keir legree,Qualified,"July 10, 2026",Candidate Filing Application (Amended),https://www.portland.gov/auditor/elections/documents/legree-keir-aud-120-amended/download,50,"By checking this box, I am attaching my electronic","signature to this online Candidate Filing Application
Candidate signature
(AUD 120 Form).
7 / 7"
2026,3,Keir Legree,2026|3|keir legree,Qualified,"July 10, 2026",Candidate Filing Application (Original),https://www.portland.gov/auditor/elections/documents/keir-aud-120-original/download,1,Original,"This form is filed as an:
Page 2: City office"
2026,3,Keir Legree,2026|3|keir legree,Qualified,"July 10, 2026",Candidate Filing Application (Original),https://www.portland.gov/auditor/elections/documents/keir-aud-120-original/download,2,Councilor District 3,"I am filing for the office of:
Page 3: Candidate name"
2026,3,Keir Legree,2026|3|keir legree,Qualified,"July 10, 2026",Candidate Filing Application (Original),https://www.portland.gov/auditor/elections/documents/keir-aud-120-original/download,3,,"First name
Adrian"
2026,3,Keir Legree,2026|3|keir legree,Qualified,"July 10, 2026",Candidate Filing Application (Original),https://www.portland.gov/auditor/elections/documents/keir-aud-120-original/download,4,,"Middle initial
Keir"
2026,3,Keir Legree,2026|3|keir legree,Qualified,"July 10, 2026",Candidate Filing Application (Original),https://www.portland.gov/auditor/elections/documents/keir-aud-120-original/download,5,,"Last name
Legree"
2026,3,Keir Legree,2026|3|keir legree,Qualified,"July 10, 2026",Candidate Filing Application (Original),https://www.portland.gov/auditor/elections/documents/keir-aud-120-original/download,6,Respondent skipped this question,"Suffix
1 / 7
2026 Candidate Filing Application - AUD 120 Form"
2026,3,Keir Legree,2026|3|keir legree,Qualified,"July 10, 2026",Candidate Filing Application (Original),https://www.portland.gov/auditor/elections/documents/keir-aud-120-original/download,7,,"Name should appear on the ballot as follows (nickname or shortened version of name may be added in parentheses):
Keir"
2026,3,Keir Legree,2026|3|keir legree,Qualified,"July 10, 2026",Candidate Filing Application (Original),https://www.portland.gov/auditor/elections/documents/keir-aud-120-original/download,8,,"Optional: How your name should be pronounced (phonetic spelling):
Rhymes with Beer!
Page 4: Certification Requirement for Auditor Candidates"
2026,3,Keir Legree,2026|3|keir legree,Qualified,"July 10, 2026",Candidate Filing Application (Original),https://www.portland.gov/auditor/elections/documents/keir-aud-120-original/download,9,Respondent skipped this question,Select one:
2026,3,Keir Legree,2026|3|keir legree,Qualified,"July 10, 2026",Candidate Filing Application (Original),https://www.portland.gov/auditor/elections/documents/keir-aud-120-original/download,10,Respondent skipped this question,"Acknowledgment:
Page 5: Auditor Certification Proof"
2026,3,Keir Legree,2026|3|keir legree,Qualified,"July 10, 2026",Candidate Filing Application (Original),https://www.portland.gov/auditor/elections/documents/keir-aud-120-original/download,11,Respondent skipped this question,"City Auditor candidate applicants may upload proof of
certification below if not submitting certification by email or
in person.
Page 6: Candidate residence address"
2026,3,Keir Legree,2026|3|keir legree,Qualified,"July 10, 2026",Candidate Filing Application (Original),https://www.portland.gov/auditor/elections/documents/keir-aud-120-original/download,12,,"Candidate residence address
Street address
City
County
State
Zip code"
2026,3,Keir Legree,2026|3|keir legree,Qualified,"July 10, 2026",Candidate Filing Application (Original),https://www.portland.gov/auditor/elections/documents/keir-aud-120-original/download,13,Yes,"Have you resided at this address since November 3,
2025?
2 / 7
2026 Candidate Filing Application - AUD 120 Form"
2026,3,Keir Legree,2026|3|keir legree,Qualified,"July 10, 2026",Candidate Filing Application (Original),https://www.portland.gov/auditor/elections/documents/keir-aud-120-original/download,14,Respondent skipped this question,"If you answered “No” to the question above, list the
address(es) where you have resided since November 3,
2025:"
2026,3,Keir Legree,2026|3|keir legree,Qualified,"July 10, 2026",Candidate Filing Application (Original),https://www.portland.gov/auditor/elections/documents/keir-aud-120-original/download,15,Yes,"Candidate mailing address and residence address are the
same.
Page 7: Candidate mailing address"
2026,3,Keir Legree,2026|3|keir legree,Qualified,"July 10, 2026",Candidate Filing Application (Original),https://www.portland.gov/auditor/elections/documents/keir-aud-120-original/download,16,Respondent skipped this question,"Candidate mailing address
Page 8: Candidate contact information"
2026,3,Keir Legree,2026|3|keir legree,Qualified,"July 10, 2026",Candidate Filing Application (Original),https://www.portland.gov/auditor/elections/documents/keir-aud-120-original/download,17,Respondent skipped this question,"Outgoing communications from Portland City Elections to
candidates or interested parties will be primarily by email,
unless contact by phone is selected by checking the box
below."
2026,3,Keir Legree,2026|3|keir legree,Qualified,"July 10, 2026",Candidate Filing Application (Original),https://www.portland.gov/auditor/elections/documents/keir-aud-120-original/download,18,,"At least one email or phone number is required.
Primary email address (e.g., campaign email): keir@planxt.com
Primary phone number: 503-784-6136"
2026,3,Keir Legree,2026|3|keir legree,Qualified,"July 10, 2026",Candidate Filing Application (Original),https://www.portland.gov/auditor/elections/documents/keir-aud-120-original/download,19,,"Alternate email address (e.g., personal email)
keir@planxt.com"
2026,3,Keir Legree,2026|3|keir legree,Qualified,"July 10, 2026",Candidate Filing Application (Original),https://www.portland.gov/auditor/elections/documents/keir-aud-120-original/download,20,Respondent skipped this question,Alternate phone number
2026,3,Keir Legree,2026|3|keir legree,Qualified,"July 10, 2026",Candidate Filing Application (Original),https://www.portland.gov/auditor/elections/documents/keir-aud-120-original/download,21,Respondent skipped this question,"Campaign phone number
3 / 7
2026 Candidate Filing Application - AUD 120 Form"
2026,3,Keir Legree,2026|3|keir legree,Qualified,"July 10, 2026",Candidate Filing Application (Original),https://www.portland.gov/auditor/elections/documents/keir-aud-120-original/download,22,Respondent skipped this question,"Campaign website (if applicable)
Page 9: Race and ethnicity (optional) - Tribe or Native Corporation"
2026,3,Keir Legree,2026|3|keir legree,Qualified,"July 10, 2026",Candidate Filing Application (Original),https://www.portland.gov/auditor/elections/documents/keir-aud-120-original/download,23,Respondent skipped this question,"Please provide your Tribe or Native Corporation, if desired:
Page 10: Race and ethnicity (optional)"
2026,3,Keir Legree,2026|3|keir legree,Qualified,"July 10, 2026",Candidate Filing Application (Original),https://www.portland.gov/auditor/elections/documents/keir-aud-120-original/download,24,White,"Race and ethnicity (check all that apply)
Page 11: Required background information"
2026,3,Keir Legree,2026|3|keir legree,Qualified,"July 10, 2026",Candidate Filing Application (Original),https://www.portland.gov/auditor/elections/documents/keir-aud-120-original/download,25,,"Occupation (present employment, paid or unpaid). If not employed, enter ""Not Employed.""
- GM of Savoy Studios (An Art Glass Company)
- Founder PlanXT (online project management company)"
2026,3,Keir Legree,2026|3|keir legree,Qualified,"July 10, 2026",Candidate Filing Application (Original),https://www.portland.gov/auditor/elections/documents/keir-aud-120-original/download,26,,"Occupational background (previous employment, paid or unpaid). If no relevant experience, ""None"" or ""NA"" must be
entered.
NA"
2026,3,Keir Legree,2026|3|keir legree,Qualified,"July 10, 2026",Candidate Filing Application (Original),https://www.portland.gov/auditor/elections/documents/keir-aud-120-original/download,27,,"Prior governmental experience (elected or appointed). If no relevant experience, ""None"" or ""NA” must be entered.
NA
Page 12: Educational background"
2026,3,Keir Legree,2026|3|keir legree,Qualified,"July 10, 2026",Candidate Filing Application (Original),https://www.portland.gov/auditor/elections/documents/keir-aud-120-original/download,28,,"School attended:
Complete name of school Rex Putnam High School
Last grade completed 12
Diploma/Degree/Certificate High School Diploma
4 / 7
2026 Candidate Filing Application - AUD 120 Form"
2026,3,Keir Legree,2026|3|keir legree,Qualified,"July 10, 2026",Candidate Filing Application (Original),https://www.portland.gov/auditor/elections/documents/keir-aud-120-original/download,29,Respondent skipped this question,School attended:
2026,3,Keir Legree,2026|3|keir legree,Qualified,"July 10, 2026",Candidate Filing Application (Original),https://www.portland.gov/auditor/elections/documents/keir-aud-120-original/download,30,Respondent skipped this question,School attended:
2026,3,Keir Legree,2026|3|keir legree,Qualified,"July 10, 2026",Candidate Filing Application (Original),https://www.portland.gov/auditor/elections/documents/keir-aud-120-original/download,31,Respondent skipped this question,School attended:
2026,3,Keir Legree,2026|3|keir legree,Qualified,"July 10, 2026",Candidate Filing Application (Original),https://www.portland.gov/auditor/elections/documents/keir-aud-120-original/download,32,No,Do you have additional schools to add?
2026,3,Keir Legree,2026|3|keir legree,Qualified,"July 10, 2026",Candidate Filing Application (Original),https://www.portland.gov/auditor/elections/documents/keir-aud-120-original/download,33,Respondent skipped this question,"Educational background (other)
Page 13: Educational background (additional schools)"
2026,3,Keir Legree,2026|3|keir legree,Qualified,"July 10, 2026",Candidate Filing Application (Original),https://www.portland.gov/auditor/elections/documents/keir-aud-120-original/download,34,Respondent skipped this question,School attended
2026,3,Keir Legree,2026|3|keir legree,Qualified,"July 10, 2026",Candidate Filing Application (Original),https://www.portland.gov/auditor/elections/documents/keir-aud-120-original/download,35,Respondent skipped this question,School attended:
2026,3,Keir Legree,2026|3|keir legree,Qualified,"July 10, 2026",Candidate Filing Application (Original),https://www.portland.gov/auditor/elections/documents/keir-aud-120-original/download,36,Respondent skipped this question,School attended:
2026,3,Keir Legree,2026|3|keir legree,Qualified,"July 10, 2026",Candidate Filing Application (Original),https://www.portland.gov/auditor/elections/documents/keir-aud-120-original/download,37,Respondent skipped this question,School attended
2026,3,Keir Legree,2026|3|keir legree,Qualified,"July 10, 2026",Candidate Filing Application (Original),https://www.portland.gov/auditor/elections/documents/keir-aud-120-original/download,38,Respondent skipped this question,School attended
2026,3,Keir Legree,2026|3|keir legree,Qualified,"July 10, 2026",Candidate Filing Application (Original),https://www.portland.gov/auditor/elections/documents/keir-aud-120-original/download,39,Respondent skipped this question,"School attended
Page 15: Small Donor Elections program
5 / 7
2026 Candidate Filing Application - AUD 120 Form"
2026,3,Keir Legree,2026|3|keir legree,Qualified,"July 10, 2026",Candidate Filing Application (Original),https://www.portland.gov/auditor/elections/documents/keir-aud-120-original/download,40,"I have not filed a Notice of Intent, but I plan on","participating in the City’s public funding program.
Select one:
Page 16: Candidate committee"
2026,3,Keir Legree,2026|3|keir legree,Qualified,"July 10, 2026",Candidate Filing Application (Original),https://www.portland.gov/auditor/elections/documents/keir-aud-120-original/download,41,I do not currently have a candidate committee,"registered in ORESTAR. I will be filing a Statement of
Select one:
Organization for Candidate Committee (SEL 220 Form)
with Oregon’s Secretary of State, Elections Division.
Page 17: Filing Method"
2026,3,Keir Legree,2026|3|keir legree,Qualified,"July 10, 2026",Candidate Filing Application (Original),https://www.portland.gov/auditor/elections/documents/keir-aud-120-original/download,42,Declaration with Fee ($500 for Auditor; $250 for,"Councilor)
I am filing by:
Page 18: Filing by Declaration of Candidacy with Fee"
2026,3,Keir Legree,2026|3|keir legree,Qualified,"July 10, 2026",Candidate Filing Application (Original),https://www.portland.gov/auditor/elections/documents/keir-aud-120-original/download,43,I am filing this Candidate Filing Application along with,"the required filing fee pursuant to City Code Section
Acknowledgement:
2.08.060 (Candidacy by Declaration). I understand that
my filing for candidacy is not complete until I have
submitted a completed Candidate Filing Application
and paid the filing fee."
2026,3,Keir Legree,2026|3|keir legree,Qualified,"July 10, 2026",Candidate Filing Application (Original),https://www.portland.gov/auditor/elections/documents/keir-aud-120-original/download,44,Paying through the online payment portal,"(portlandoregon.gov/auditor/candidatefilingfee/).
I am including the required fee by the following method:
Page 19: Filing by Declaration of Candidacy with Fee Waiver"
2026,3,Keir Legree,2026|3|keir legree,Qualified,"July 10, 2026",Candidate Filing Application (Original),https://www.portland.gov/auditor/elections/documents/keir-aud-120-original/download,45,Respondent skipped this question,"Acknowledgment:
Page 20: Filing by Nominating Petition"
2026,3,Keir Legree,2026|3|keir legree,Qualified,"July 10, 2026",Candidate Filing Application (Original),https://www.portland.gov/auditor/elections/documents/keir-aud-120-original/download,46,Respondent skipped this question,Some circulators may be paid:
2026,3,Keir Legree,2026|3|keir legree,Qualified,"July 10, 2026",Candidate Filing Application (Original),https://www.portland.gov/auditor/elections/documents/keir-aud-120-original/download,47,Respondent skipped this question,"Acknowledgment:
6 / 7
2026 Candidate Filing Application - AUD 120 Form"
2026,3,Keir Legree,2026|3|keir legree,Qualified,"July 10, 2026",Candidate Filing Application (Original),https://www.portland.gov/auditor/elections/documents/keir-aud-120-original/download,48,Respondent skipped this question,"A proposed signature sheet (SEL 121 Form) must be
submitted for review and approved in writing prior to
circulating for signatures.
Page 21: Residence address exemption"
2026,3,Keir Legree,2026|3|keir legree,Qualified,"July 10, 2026",Candidate Filing Application (Original),https://www.portland.gov/auditor/elections/documents/keir-aud-120-original/download,49,I will not be filing the optional Residence Address,"Exemption Request.
Candidates must disclose their residence address as part
of their declaration of candidacy. Candidate declarations
are publicly disclosed online. Candidates have the option
to request their residence address be exempt from
disclosure by filing a separate Residence Address
Exemption Request with the Oregon Secretary of State.
The exemption request must include a publicly disclosable
mailing address. Even if exemption requests are granted,
residence addresses are still subject to in-person
inspection as a public record under ORS 192.311 to
192.478. An Address Exemption Request must be filed
within five (5) business days of filing this Candidate Filing
Application (AUD 120 Form) to avoid potential public
posting of a residence address.
Page 22: Candidate attestation and filing submission"
2026,3,Keir Legree,2026|3|keir legree,Qualified,"July 10, 2026",Candidate Filing Application (Original),https://www.portland.gov/auditor/elections/documents/keir-aud-120-original/download,50,"By checking this box, I am attaching my electronic","signature to this online Candidate Filing Application
Candidate signature
(AUD 120 Form).
7 / 7"
2026,3,Esther León,2026|3|esther leon,Qualified,"July 20, 2026",Candidate Filing Application,https://www.portland.gov/auditor/elections/documents/leon-esther-aud-120/download,1,Original,"This form is filed as an:
Page 2: City office"
2026,3,Esther León,2026|3|esther leon,Qualified,"July 20, 2026",Candidate Filing Application,https://www.portland.gov/auditor/elections/documents/leon-esther-aud-120/download,2,Councilor District 3,"I am filing for the office of:
Page 3: Candidate name"
2026,3,Esther León,2026|3|esther leon,Qualified,"July 20, 2026",Candidate Filing Application,https://www.portland.gov/auditor/elections/documents/leon-esther-aud-120/download,3,,"First name
Esther"
2026,3,Esther León,2026|3|esther leon,Qualified,"July 20, 2026",Candidate Filing Application,https://www.portland.gov/auditor/elections/documents/leon-esther-aud-120/download,4,,"Middle initial
E"
2026,3,Esther León,2026|3|esther leon,Qualified,"July 20, 2026",Candidate Filing Application,https://www.portland.gov/auditor/elections/documents/leon-esther-aud-120/download,5,,"Last name
Leon"
2026,3,Esther León,2026|3|esther leon,Qualified,"July 20, 2026",Candidate Filing Application,https://www.portland.gov/auditor/elections/documents/leon-esther-aud-120/download,6,Respondent skipped this question,"Suffix
1 / 8
2026 Candidate Filing Application - AUD 120 Form"
2026,3,Esther León,2026|3|esther leon,Qualified,"July 20, 2026",Candidate Filing Application,https://www.portland.gov/auditor/elections/documents/leon-esther-aud-120/download,7,,"Name should appear on the ballot as follows (nickname or shortened version of name may be added in parentheses):
Esther León"
2026,3,Esther León,2026|3|esther leon,Qualified,"July 20, 2026",Candidate Filing Application,https://www.portland.gov/auditor/elections/documents/leon-esther-aud-120/download,8,Respondent skipped this question,"Optional: How your name should be pronounced (phonetic
spelling):
Page 4: Certification Requirement for Auditor Candidates"
2026,3,Esther León,2026|3|esther leon,Qualified,"July 20, 2026",Candidate Filing Application,https://www.portland.gov/auditor/elections/documents/leon-esther-aud-120/download,9,Respondent skipped this question,Select one:
2026,3,Esther León,2026|3|esther leon,Qualified,"July 20, 2026",Candidate Filing Application,https://www.portland.gov/auditor/elections/documents/leon-esther-aud-120/download,10,Respondent skipped this question,"Acknowledgment:
Page 5: Auditor Certification Proof"
2026,3,Esther León,2026|3|esther leon,Qualified,"July 20, 2026",Candidate Filing Application,https://www.portland.gov/auditor/elections/documents/leon-esther-aud-120/download,11,Respondent skipped this question,"City Auditor candidate applicants may upload proof of
certification below if not submitting certification by email or
in person.
Page 6: Candidate residence address"
2026,3,Esther León,2026|3|esther leon,Qualified,"July 20, 2026",Candidate Filing Application,https://www.portland.gov/auditor/elections/documents/leon-esther-aud-120/download,12,,"Candidate residence address
Street address 4224 SE 10th Ave
City Portland
County Multnomah
State OR
Zip code 97202"
2026,3,Esther León,2026|3|esther leon,Qualified,"July 20, 2026",Candidate Filing Application,https://www.portland.gov/auditor/elections/documents/leon-esther-aud-120/download,13,Yes,"Have you resided at this address since November 3,
2025?
2 / 8
2026 Candidate Filing Application - AUD 120 Form"
2026,3,Esther León,2026|3|esther leon,Qualified,"July 20, 2026",Candidate Filing Application,https://www.portland.gov/auditor/elections/documents/leon-esther-aud-120/download,14,Respondent skipped this question,"If you answered “No” to the question above, list the
address(es) where you have resided since November 3,
2025:"
2026,3,Esther León,2026|3|esther leon,Qualified,"July 20, 2026",Candidate Filing Application,https://www.portland.gov/auditor/elections/documents/leon-esther-aud-120/download,15,Yes,"Candidate mailing address and residence address are the
same.
Page 7: Candidate mailing address"
2026,3,Esther León,2026|3|esther leon,Qualified,"July 20, 2026",Candidate Filing Application,https://www.portland.gov/auditor/elections/documents/leon-esther-aud-120/download,16,Respondent skipped this question,"Candidate mailing address
Page 8: Candidate contact information"
2026,3,Esther León,2026|3|esther leon,Qualified,"July 20, 2026",Candidate Filing Application,https://www.portland.gov/auditor/elections/documents/leon-esther-aud-120/download,17,I prefer contact by phone as my primary contact method,"instead of email.
Outgoing communications from Portland City Elections to
candidates or interested parties will be primarily by email,
unless contact by phone is selected by checking the box
below."
2026,3,Esther León,2026|3|esther leon,Qualified,"July 20, 2026",Candidate Filing Application,https://www.portland.gov/auditor/elections/documents/leon-esther-aud-120/download,18,,"At least one email or phone number is required.
Primary email address (e.g., campaign email): esther.for.portland@gmail.com
Primary phone number: 562-457-9929"
2026,3,Esther León,2026|3|esther leon,Qualified,"July 20, 2026",Candidate Filing Application,https://www.portland.gov/auditor/elections/documents/leon-esther-aud-120/download,19,,"Alternate email address (e.g., personal email)
ee.leon@icloud.com"
2026,3,Esther León,2026|3|esther leon,Qualified,"July 20, 2026",Candidate Filing Application,https://www.portland.gov/auditor/elections/documents/leon-esther-aud-120/download,20,Respondent skipped this question,Alternate phone number
2026,3,Esther León,2026|3|esther leon,Qualified,"July 20, 2026",Candidate Filing Application,https://www.portland.gov/auditor/elections/documents/leon-esther-aud-120/download,21,Respondent skipped this question,"Campaign phone number
3 / 8
2026 Candidate Filing Application - AUD 120 Form"
2026,3,Esther León,2026|3|esther leon,Qualified,"July 20, 2026",Candidate Filing Application,https://www.portland.gov/auditor/elections/documents/leon-esther-aud-120/download,22,,"Campaign website (if applicable)
estherforportland.com
Page 9: Race and ethnicity (optional) - Tribe or Native Corporation"
2026,3,Esther León,2026|3|esther leon,Qualified,"July 20, 2026",Candidate Filing Application,https://www.portland.gov/auditor/elections/documents/leon-esther-aud-120/download,23,Respondent skipped this question,"Please provide your Tribe or Native Corporation, if desired:
Page 10: Race and ethnicity (optional)"
2026,3,Esther León,2026|3|esther leon,Qualified,"July 20, 2026",Candidate Filing Application,https://www.portland.gov/auditor/elections/documents/leon-esther-aud-120/download,24,"Hispanic, Latino, Latina, or Latinx,","Race and ethnicity (check all that apply) White
Page 11: Required background information"
2026,3,Esther León,2026|3|esther leon,Qualified,"July 20, 2026",Candidate Filing Application,https://www.portland.gov/auditor/elections/documents/leon-esther-aud-120/download,25,,"Occupation (present employment, paid or unpaid). If not employed, enter ""Not Employed.""
Doctor of Physical Therapy, part time community college faculty for Physical Therapy Assistant program and Anatomy & Physiology."
2026,3,Esther León,2026|3|esther leon,Qualified,"July 20, 2026",Candidate Filing Application,https://www.portland.gov/auditor/elections/documents/leon-esther-aud-120/download,26,,"Occupational background (previous employment, paid or unpaid). If no relevant experience, ""None"" or ""NA"" must be
entered.
Doctor of Physical Therapy since 2018. Part time community college faculty since 2024."
2026,3,Esther León,2026|3|esther leon,Qualified,"July 20, 2026",Candidate Filing Application,https://www.portland.gov/auditor/elections/documents/leon-esther-aud-120/download,27,,"Prior governmental experience (elected or appointed). If no relevant experience, ""None"" or ""NA” must be entered.
None
Page 12: Educational background
4 / 8
2026 Candidate Filing Application - AUD 120 Form"
2026,3,Esther León,2026|3|esther leon,Qualified,"July 20, 2026",Candidate Filing Application,https://www.portland.gov/auditor/elections/documents/leon-esther-aud-120/download,28,,"School attended:
Complete name of school Remnant Christian School
Last grade completed 12
Diploma/Degree/Certificate High School Diploma"
2026,3,Esther León,2026|3|esther leon,Qualified,"July 20, 2026",Candidate Filing Application,https://www.portland.gov/auditor/elections/documents/leon-esther-aud-120/download,29,,"School attended:
Complete name of school Whittier College
Last grade completed Senior (4th year)
Diploma/Degree/Certificate Bachelor of Arts
Course of study (optional) Major in Kinesiology & Nutrition Science, Minor in
Spanish"
2026,3,Esther León,2026|3|esther leon,Qualified,"July 20, 2026",Candidate Filing Application,https://www.portland.gov/auditor/elections/documents/leon-esther-aud-120/download,30,,"School attended:
Complete name of school University of Southern California
Last grade completed 3rd Year (complete program)
Diploma/Degree/Certificate Doctorate of Physical Therapy
Course of study (optional) Physical Therapy"
2026,3,Esther León,2026|3|esther leon,Qualified,"July 20, 2026",Candidate Filing Application,https://www.portland.gov/auditor/elections/documents/leon-esther-aud-120/download,31,Respondent skipped this question,School attended:
2026,3,Esther León,2026|3|esther leon,Qualified,"July 20, 2026",Candidate Filing Application,https://www.portland.gov/auditor/elections/documents/leon-esther-aud-120/download,32,No,Do you have additional schools to add?
2026,3,Esther León,2026|3|esther leon,Qualified,"July 20, 2026",Candidate Filing Application,https://www.portland.gov/auditor/elections/documents/leon-esther-aud-120/download,33,Respondent skipped this question,"Educational background (other)
Page 13: Educational background (additional schools)"
2026,3,Esther León,2026|3|esther leon,Qualified,"July 20, 2026",Candidate Filing Application,https://www.portland.gov/auditor/elections/documents/leon-esther-aud-120/download,34,Respondent skipped this question,"School attended
5 / 8
2026 Candidate Filing Application - AUD 120 Form"
2026,3,Esther León,2026|3|esther leon,Qualified,"July 20, 2026",Candidate Filing Application,https://www.portland.gov/auditor/elections/documents/leon-esther-aud-120/download,35,Respondent skipped this question,School attended:
2026,3,Esther León,2026|3|esther leon,Qualified,"July 20, 2026",Candidate Filing Application,https://www.portland.gov/auditor/elections/documents/leon-esther-aud-120/download,36,Respondent skipped this question,School attended:
2026,3,Esther León,2026|3|esther leon,Qualified,"July 20, 2026",Candidate Filing Application,https://www.portland.gov/auditor/elections/documents/leon-esther-aud-120/download,37,Respondent skipped this question,School attended
2026,3,Esther León,2026|3|esther leon,Qualified,"July 20, 2026",Candidate Filing Application,https://www.portland.gov/auditor/elections/documents/leon-esther-aud-120/download,38,Respondent skipped this question,School attended
2026,3,Esther León,2026|3|esther leon,Qualified,"July 20, 2026",Candidate Filing Application,https://www.portland.gov/auditor/elections/documents/leon-esther-aud-120/download,39,Respondent skipped this question,"School attended
Page 15: Small Donor Elections program"
2026,3,Esther León,2026|3|esther leon,Qualified,"July 20, 2026",Candidate Filing Application,https://www.portland.gov/auditor/elections/documents/leon-esther-aud-120/download,40,I have filed a Notice of Intent to participate in the City’s,"public funding program.
Select one:
Page 16: Candidate committee"
2026,3,Esther León,2026|3|esther leon,Qualified,"July 20, 2026",Candidate Filing Application,https://www.portland.gov/auditor/elections/documents/leon-esther-aud-120/download,41,I have a candidate committee registered with the Oregon,"Secretary of State in ORESTAR. Name of candidate
Select one:
committee as registered in ORESTAR::
Esther for Portland
Page 17: Filing Method"
2026,3,Esther León,2026|3|esther leon,Qualified,"July 20, 2026",Candidate Filing Application,https://www.portland.gov/auditor/elections/documents/leon-esther-aud-120/download,42,Declaration with Fee ($500 for Auditor; $250 for,"Councilor)
I am filing by:
Page 18: Filing by Declaration of Candidacy with Fee
6 / 8
2026 Candidate Filing Application - AUD 120 Form"
2026,3,Esther León,2026|3|esther leon,Qualified,"July 20, 2026",Candidate Filing Application,https://www.portland.gov/auditor/elections/documents/leon-esther-aud-120/download,43,I am filing this Candidate Filing Application along with,"the required filing fee pursuant to City Code Section
Acknowledgement:
2.08.060 (Candidacy by Declaration). I understand that
my filing for candidacy is not complete until I have
submitted a completed Candidate Filing Application
and paid the filing fee."
2026,3,Esther León,2026|3|esther leon,Qualified,"July 20, 2026",Candidate Filing Application,https://www.portland.gov/auditor/elections/documents/leon-esther-aud-120/download,44,Paying through the online payment portal,"(portlandoregon.gov/auditor/candidatefilingfee/).
I am including the required fee by the following method:
Page 19: Filing by Declaration of Candidacy with Fee Waiver"
2026,3,Esther León,2026|3|esther leon,Qualified,"July 20, 2026",Candidate Filing Application,https://www.portland.gov/auditor/elections/documents/leon-esther-aud-120/download,45,Respondent skipped this question,"Acknowledgment:
Page 20: Filing by Nominating Petition"
2026,3,Esther León,2026|3|esther leon,Qualified,"July 20, 2026",Candidate Filing Application,https://www.portland.gov/auditor/elections/documents/leon-esther-aud-120/download,46,Respondent skipped this question,Some circulators may be paid:
2026,3,Esther León,2026|3|esther leon,Qualified,"July 20, 2026",Candidate Filing Application,https://www.portland.gov/auditor/elections/documents/leon-esther-aud-120/download,47,Respondent skipped this question,Acknowledgment:
2026,3,Esther León,2026|3|esther leon,Qualified,"July 20, 2026",Candidate Filing Application,https://www.portland.gov/auditor/elections/documents/leon-esther-aud-120/download,48,Respondent skipped this question,"A proposed signature sheet (SEL 121 Form) must be
submitted for review and approved in writing prior to
circulating for signatures.
Page 21: Residence address exemption
7 / 8
2026 Candidate Filing Application - AUD 120 Form"
2026,3,Esther León,2026|3|esther leon,Qualified,"July 20, 2026",Candidate Filing Application,https://www.portland.gov/auditor/elections/documents/leon-esther-aud-120/download,49,I don’t want my residence address to be publicly,"disclosed. I will be filing a separate Residence Address
Candidates must disclose their residence address as part
Exemption Request (SEL 180 Form) with the Secretary
of their declaration of candidacy. Candidate declarations
are publicly disclosed online. Candidates have the option of State. I understand I should file my request within
to request their residence address be exempt from five (5) business days to avoid the potential publication
disclosure by filing a separate Residence Address of my residence address.
Exemption Request with the Oregon Secretary of State.
The exemption request must include a publicly disclosable
mailing address. Even if exemption requests are granted,
residence addresses are still subject to in-person
inspection as a public record under ORS 192.311 to
192.478. An Address Exemption Request must be filed
within five (5) business days of filing this Candidate Filing
Application (AUD 120 Form) to avoid potential public
posting of a residence address.
Page 22: Candidate attestation and filing submission"
2026,3,Esther León,2026|3|esther leon,Qualified,"July 20, 2026",Candidate Filing Application,https://www.portland.gov/auditor/elections/documents/leon-esther-aud-120/download,50,"By checking this box, I am attaching my electronic","signature to this online Candidate Filing Application
Candidate signature
(AUD 120 Form).
8 / 8"
2026,3,Kimberly Tucker,2026|3|kimberly tucker,Qualified,"July 1, 2026",Candidate Filing Application,https://www.portland.gov/auditor/elections/documents/tucker-kimberly-aud-120/download,1,Original,"This form is filed as an:
Page 2: City office"
2026,3,Kimberly Tucker,2026|3|kimberly tucker,Qualified,"July 1, 2026",Candidate Filing Application,https://www.portland.gov/auditor/elections/documents/tucker-kimberly-aud-120/download,2,Councilor District 3,"I am filing for the office of:
Page 3: Candidate name"
2026,3,Kimberly Tucker,2026|3|kimberly tucker,Qualified,"July 1, 2026",Candidate Filing Application,https://www.portland.gov/auditor/elections/documents/tucker-kimberly-aud-120/download,3,,"First name
Kimberly"
2026,3,Kimberly Tucker,2026|3|kimberly tucker,Qualified,"July 1, 2026",Candidate Filing Application,https://www.portland.gov/auditor/elections/documents/tucker-kimberly-aud-120/download,4,,"Middle initial
A"
2026,3,Kimberly Tucker,2026|3|kimberly tucker,Qualified,"July 1, 2026",Candidate Filing Application,https://www.portland.gov/auditor/elections/documents/tucker-kimberly-aud-120/download,5,,"Last name
Tucker"
2026,3,Kimberly Tucker,2026|3|kimberly tucker,Qualified,"July 1, 2026",Candidate Filing Application,https://www.portland.gov/auditor/elections/documents/tucker-kimberly-aud-120/download,6,Respondent skipped this question,"Suffix
1 / 8
2026 Candidate Filing Application - AUD 120 Form"
2026,3,Kimberly Tucker,2026|3|kimberly tucker,Qualified,"July 1, 2026",Candidate Filing Application,https://www.portland.gov/auditor/elections/documents/tucker-kimberly-aud-120/download,7,,"Name should appear on the ballot as follows (nickname or shortened version of name may be added in parentheses):
Kimberly Tucker"
2026,3,Kimberly Tucker,2026|3|kimberly tucker,Qualified,"July 1, 2026",Candidate Filing Application,https://www.portland.gov/auditor/elections/documents/tucker-kimberly-aud-120/download,8,Respondent skipped this question,"Optional: How your name should be pronounced (phonetic
spelling):
Page 4: Certification Requirement for Auditor Candidates"
2026,3,Kimberly Tucker,2026|3|kimberly tucker,Qualified,"July 1, 2026",Candidate Filing Application,https://www.portland.gov/auditor/elections/documents/tucker-kimberly-aud-120/download,9,Respondent skipped this question,Select one:
2026,3,Kimberly Tucker,2026|3|kimberly tucker,Qualified,"July 1, 2026",Candidate Filing Application,https://www.portland.gov/auditor/elections/documents/tucker-kimberly-aud-120/download,10,Respondent skipped this question,"Acknowledgment:
Page 5: Auditor Certification Proof"
2026,3,Kimberly Tucker,2026|3|kimberly tucker,Qualified,"July 1, 2026",Candidate Filing Application,https://www.portland.gov/auditor/elections/documents/tucker-kimberly-aud-120/download,11,Respondent skipped this question,"City Auditor candidate applicants may upload proof of
certification below if not submitting certification by email or
in person.
Page 6: Candidate residence address"
2026,3,Kimberly Tucker,2026|3|kimberly tucker,Qualified,"July 1, 2026",Candidate Filing Application,https://www.portland.gov/auditor/elections/documents/tucker-kimberly-aud-120/download,12,,"Candidate residence address
Street address 8519 NE Milton Street
City Portland
County Multnomah
State Oregon
Zip code 97220"
2026,3,Kimberly Tucker,2026|3|kimberly tucker,Qualified,"July 1, 2026",Candidate Filing Application,https://www.portland.gov/auditor/elections/documents/tucker-kimberly-aud-120/download,13,Yes,"Have you resided at this address since November 3,
2025?
2 / 8
2026 Candidate Filing Application - AUD 120 Form"
2026,3,Kimberly Tucker,2026|3|kimberly tucker,Qualified,"July 1, 2026",Candidate Filing Application,https://www.portland.gov/auditor/elections/documents/tucker-kimberly-aud-120/download,14,Respondent skipped this question,"If you answered “No” to the question above, list the
address(es) where you have resided since November 3,
2025:"
2026,3,Kimberly Tucker,2026|3|kimberly tucker,Qualified,"July 1, 2026",Candidate Filing Application,https://www.portland.gov/auditor/elections/documents/tucker-kimberly-aud-120/download,15,Yes,"Candidate mailing address and residence address are the
same.
Page 7: Candidate mailing address"
2026,3,Kimberly Tucker,2026|3|kimberly tucker,Qualified,"July 1, 2026",Candidate Filing Application,https://www.portland.gov/auditor/elections/documents/tucker-kimberly-aud-120/download,16,Respondent skipped this question,"Candidate mailing address
Page 8: Candidate contact information"
2026,3,Kimberly Tucker,2026|3|kimberly tucker,Qualified,"July 1, 2026",Candidate Filing Application,https://www.portland.gov/auditor/elections/documents/tucker-kimberly-aud-120/download,17,Respondent skipped this question,"Outgoing communications from Portland City Elections to
candidates or interested parties will be primarily by email,
unless contact by phone is selected by checking the box
below."
2026,3,Kimberly Tucker,2026|3|kimberly tucker,Qualified,"July 1, 2026",Candidate Filing Application,https://www.portland.gov/auditor/elections/documents/tucker-kimberly-aud-120/download,18,,"At least one email or phone number is required.
Primary email address (e.g., campaign email): kimberlyforpdx.dx@gmail.com"
2026,3,Kimberly Tucker,2026|3|kimberly tucker,Qualified,"July 1, 2026",Candidate Filing Application,https://www.portland.gov/auditor/elections/documents/tucker-kimberly-aud-120/download,19,,"Alternate email address (e.g., personal email)
kimberlyanne2237@gmail.com"
2026,3,Kimberly Tucker,2026|3|kimberly tucker,Qualified,"July 1, 2026",Candidate Filing Application,https://www.portland.gov/auditor/elections/documents/tucker-kimberly-aud-120/download,20,Respondent skipped this question,Alternate phone number
2026,3,Kimberly Tucker,2026|3|kimberly tucker,Qualified,"July 1, 2026",Candidate Filing Application,https://www.portland.gov/auditor/elections/documents/tucker-kimberly-aud-120/download,21,Respondent skipped this question,"Campaign phone number
3 / 8
2026 Candidate Filing Application - AUD 120 Form"
2026,3,Kimberly Tucker,2026|3|kimberly tucker,Qualified,"July 1, 2026",Candidate Filing Application,https://www.portland.gov/auditor/elections/documents/tucker-kimberly-aud-120/download,22,,"Campaign website (if applicable)
kimberlyforpdxd3.com
Page 9: Race and ethnicity (optional) - Tribe or Native Corporation"
2026,3,Kimberly Tucker,2026|3|kimberly tucker,Qualified,"July 1, 2026",Candidate Filing Application,https://www.portland.gov/auditor/elections/documents/tucker-kimberly-aud-120/download,23,Respondent skipped this question,"Please provide your Tribe or Native Corporation, if desired:
Page 10: Race and ethnicity (optional)"
2026,3,Kimberly Tucker,2026|3|kimberly tucker,Qualified,"July 1, 2026",Candidate Filing Application,https://www.portland.gov/auditor/elections/documents/tucker-kimberly-aud-120/download,24,White,"Race and ethnicity (check all that apply)
Page 11: Required background information"
2026,3,Kimberly Tucker,2026|3|kimberly tucker,Qualified,"July 1, 2026",Candidate Filing Application,https://www.portland.gov/auditor/elections/documents/tucker-kimberly-aud-120/download,25,,"Occupation (present employment, paid or unpaid). If not employed, enter ""Not Employed.""
Board Certified Behavior Analyst, Kadiant, 2026-present"
2026,3,Kimberly Tucker,2026|3|kimberly tucker,Qualified,"July 1, 2026",Candidate Filing Application,https://www.portland.gov/auditor/elections/documents/tucker-kimberly-aud-120/download,26,,"Occupational background (previous employment, paid or unpaid). If no relevant experience, ""None"" or ""NA"" must be
entered.
Board Certified Behavior Analyst, Skipping Stones Behavioral Learning Center, 2025
Board Certified Behavior Analyst, Step Forward ABA, 2024-2025
Board Certified Behavior Analyst, Centria Autism Services, 2022-2024
Registered Behavior Technician (2015-2018), Board Certified Assistant Behavior Analyst (2018-2021), Board Certified Behavior Analyst
(2021-2022), Family Support Center of Colorado Springs, 2015-2022
Sales Support Associate, Victoria's Secret, 2012-2015"
2026,3,Kimberly Tucker,2026|3|kimberly tucker,Qualified,"July 1, 2026",Candidate Filing Application,https://www.portland.gov/auditor/elections/documents/tucker-kimberly-aud-120/download,27,,"Prior governmental experience (elected or appointed). If no relevant experience, ""None"" or ""NA” must be entered.
N/A
Page 12: Educational background
4 / 8
2026 Candidate Filing Application - AUD 120 Form"
2026,3,Kimberly Tucker,2026|3|kimberly tucker,Qualified,"July 1, 2026",Candidate Filing Application,https://www.portland.gov/auditor/elections/documents/tucker-kimberly-aud-120/download,28,,"School attended:
Complete name of school University of Colorado, Colorado Springs
Diploma/Degree/Certificate Master of Arts
Course of study (optional) Special Education with Inclusive Behavior Intervention
Certificate"
2026,3,Kimberly Tucker,2026|3|kimberly tucker,Qualified,"July 1, 2026",Candidate Filing Application,https://www.portland.gov/auditor/elections/documents/tucker-kimberly-aud-120/download,29,,"School attended:
Complete name of school Florida Institute of Technology
Diploma/Degree/Certificate Post-Bachelor's Certificate
Course of study (optional) Applied Behavior Analysis"
2026,3,Kimberly Tucker,2026|3|kimberly tucker,Qualified,"July 1, 2026",Candidate Filing Application,https://www.portland.gov/auditor/elections/documents/tucker-kimberly-aud-120/download,30,,"School attended:
Complete name of school Colorado Mesa University
Diploma/Degree/Certificate Bachelor of Arts
Course of study (optional) Psychology"
2026,3,Kimberly Tucker,2026|3|kimberly tucker,Qualified,"July 1, 2026",Candidate Filing Application,https://www.portland.gov/auditor/elections/documents/tucker-kimberly-aud-120/download,31,,"School attended:
Complete name of school Delta High School
Last grade completed 12
Diploma/Degree/Certificate High School Diploma"
2026,3,Kimberly Tucker,2026|3|kimberly tucker,Qualified,"July 1, 2026",Candidate Filing Application,https://www.portland.gov/auditor/elections/documents/tucker-kimberly-aud-120/download,32,No,Do you have additional schools to add?
2026,3,Kimberly Tucker,2026|3|kimberly tucker,Qualified,"July 1, 2026",Candidate Filing Application,https://www.portland.gov/auditor/elections/documents/tucker-kimberly-aud-120/download,33,Respondent skipped this question,"Educational background (other)
Page 13: Educational background (additional schools)"
2026,3,Kimberly Tucker,2026|3|kimberly tucker,Qualified,"July 1, 2026",Candidate Filing Application,https://www.portland.gov/auditor/elections/documents/tucker-kimberly-aud-120/download,34,Respondent skipped this question,"School attended
5 / 8
2026 Candidate Filing Application - AUD 120 Form"
2026,3,Kimberly Tucker,2026|3|kimberly tucker,Qualified,"July 1, 2026",Candidate Filing Application,https://www.portland.gov/auditor/elections/documents/tucker-kimberly-aud-120/download,35,Respondent skipped this question,School attended:
2026,3,Kimberly Tucker,2026|3|kimberly tucker,Qualified,"July 1, 2026",Candidate Filing Application,https://www.portland.gov/auditor/elections/documents/tucker-kimberly-aud-120/download,36,Respondent skipped this question,School attended:
2026,3,Kimberly Tucker,2026|3|kimberly tucker,Qualified,"July 1, 2026",Candidate Filing Application,https://www.portland.gov/auditor/elections/documents/tucker-kimberly-aud-120/download,37,Respondent skipped this question,School attended
2026,3,Kimberly Tucker,2026|3|kimberly tucker,Qualified,"July 1, 2026",Candidate Filing Application,https://www.portland.gov/auditor/elections/documents/tucker-kimberly-aud-120/download,38,Respondent skipped this question,School attended
2026,3,Kimberly Tucker,2026|3|kimberly tucker,Qualified,"July 1, 2026",Candidate Filing Application,https://www.portland.gov/auditor/elections/documents/tucker-kimberly-aud-120/download,39,Respondent skipped this question,"School attended
Page 15: Small Donor Elections program"
2026,3,Kimberly Tucker,2026|3|kimberly tucker,Qualified,"July 1, 2026",Candidate Filing Application,https://www.portland.gov/auditor/elections/documents/tucker-kimberly-aud-120/download,40,I do not plan to participate in the City’s public funding,"program.
Select one:
Page 16: Candidate committee"
2026,3,Kimberly Tucker,2026|3|kimberly tucker,Qualified,"July 1, 2026",Candidate Filing Application,https://www.portland.gov/auditor/elections/documents/tucker-kimberly-aud-120/download,41,I do not have a candidate committee registered in,"ORESTAR, and I do not expect to spend morethan
Select one:
$1,500 or receive more than $1,500 during each calendar
year. I understand that I must still keep records of all
campaign transactions and that if total contributions or
total expenditures exceed $1,500 during a calendar year,
I must follow registration and reporting requirements
under City and State laws.
Page 17: Filing Method"
2026,3,Kimberly Tucker,2026|3|kimberly tucker,Qualified,"July 1, 2026",Candidate Filing Application,https://www.portland.gov/auditor/elections/documents/tucker-kimberly-aud-120/download,42,Declaration with Fee ($500 for Auditor; $250 for,"Councilor)
I am filing by:
Page 18: Filing by Declaration of Candidacy with Fee
6 / 8
2026 Candidate Filing Application - AUD 120 Form"
2026,3,Kimberly Tucker,2026|3|kimberly tucker,Qualified,"July 1, 2026",Candidate Filing Application,https://www.portland.gov/auditor/elections/documents/tucker-kimberly-aud-120/download,43,I am filing this Candidate Filing Application along with,"the required filing fee pursuant to City Code Section
Acknowledgement:
2.08.060 (Candidacy by Declaration). I understand that
my filing for candidacy is not complete until I have
submitted a completed Candidate Filing Application
and paid the filing fee."
2026,3,Kimberly Tucker,2026|3|kimberly tucker,Qualified,"July 1, 2026",Candidate Filing Application,https://www.portland.gov/auditor/elections/documents/tucker-kimberly-aud-120/download,44,Paying through the online payment portal,"(portlandoregon.gov/auditor/candidatefilingfee/).
I am including the required fee by the following method:
Page 19: Filing by Declaration of Candidacy with Fee Waiver"
2026,3,Kimberly Tucker,2026|3|kimberly tucker,Qualified,"July 1, 2026",Candidate Filing Application,https://www.portland.gov/auditor/elections/documents/tucker-kimberly-aud-120/download,45,Respondent skipped this question,"Acknowledgment:
Page 20: Filing by Nominating Petition"
2026,3,Kimberly Tucker,2026|3|kimberly tucker,Qualified,"July 1, 2026",Candidate Filing Application,https://www.portland.gov/auditor/elections/documents/tucker-kimberly-aud-120/download,46,Respondent skipped this question,Some circulators may be paid:
2026,3,Kimberly Tucker,2026|3|kimberly tucker,Qualified,"July 1, 2026",Candidate Filing Application,https://www.portland.gov/auditor/elections/documents/tucker-kimberly-aud-120/download,47,Respondent skipped this question,Acknowledgment:
2026,3,Kimberly Tucker,2026|3|kimberly tucker,Qualified,"July 1, 2026",Candidate Filing Application,https://www.portland.gov/auditor/elections/documents/tucker-kimberly-aud-120/download,48,Respondent skipped this question,"A proposed signature sheet (SEL 121 Form) must be
submitted for review and approved in writing prior to
circulating for signatures.
Page 21: Residence address exemption
7 / 8
2026 Candidate Filing Application - AUD 120 Form"
2026,3,Kimberly Tucker,2026|3|kimberly tucker,Qualified,"July 1, 2026",Candidate Filing Application,https://www.portland.gov/auditor/elections/documents/tucker-kimberly-aud-120/download,49,I will not be filing the optional Residence Address,"Exemption Request.
Candidates must disclose their residence address as part
of their declaration of candidacy. Candidate declarations
are publicly disclosed online. Candidates have the option
to request their residence address be exempt from
disclosure by filing a separate Residence Address
Exemption Request with the Oregon Secretary of State.
The exemption request must include a publicly disclosable
mailing address. Even if exemption requests are granted,
residence addresses are still subject to in-person
inspection as a public record under ORS 192.311 to
192.478. An Address Exemption Request must be filed
within five (5) business days of filing this Candidate Filing
Application (AUD 120 Form) to avoid potential public
posting of a residence address.
Page 22: Candidate attestation and filing submission"
2026,3,Kimberly Tucker,2026|3|kimberly tucker,Qualified,"July 1, 2026",Candidate Filing Application,https://www.portland.gov/auditor/elections/documents/tucker-kimberly-aud-120/download,50,"By checking this box, I am attaching my electronic","signature to this online Candidate Filing Application
Candidate signature
(AUD 120 Form).
8 / 8"
2026,4,Eli Arnold,2026|4|eli arnold,Qualified,"June 30, 2026",Candidate Filing Application,https://www.portland.gov/auditor/elections/documents/arnold-eli-aud-120/download,1,Original,"This form is filed as an:
Page 2: City office"
2026,4,Eli Arnold,2026|4|eli arnold,Qualified,"June 30, 2026",Candidate Filing Application,https://www.portland.gov/auditor/elections/documents/arnold-eli-aud-120/download,2,Councilor District 4,"I am filing for the office of:
Page 3: Candidate name"
2026,4,Eli Arnold,2026|4|eli arnold,Qualified,"June 30, 2026",Candidate Filing Application,https://www.portland.gov/auditor/elections/documents/arnold-eli-aud-120/download,3,,"First name
Eli"
2026,4,Eli Arnold,2026|4|eli arnold,Qualified,"June 30, 2026",Candidate Filing Application,https://www.portland.gov/auditor/elections/documents/arnold-eli-aud-120/download,4,Respondent skipped this question,Middle initial
2026,4,Eli Arnold,2026|4|eli arnold,Qualified,"June 30, 2026",Candidate Filing Application,https://www.portland.gov/auditor/elections/documents/arnold-eli-aud-120/download,5,,"Last name
Arnold"
2026,4,Eli Arnold,2026|4|eli arnold,Qualified,"June 30, 2026",Candidate Filing Application,https://www.portland.gov/auditor/elections/documents/arnold-eli-aud-120/download,6,Respondent skipped this question,Suffix
2026,4,Eli Arnold,2026|4|eli arnold,Qualified,"June 30, 2026",Candidate Filing Application,https://www.portland.gov/auditor/elections/documents/arnold-eli-aud-120/download,7,,"Name should appear on the ballot as follows (nickname or shortened version of name may be added in parentheses):
Eli Arnold
1 / 7

2026 Candidate Filing Application - AUD 120 Form"
2026,4,Eli Arnold,2026|4|eli arnold,Qualified,"June 30, 2026",Candidate Filing Application,https://www.portland.gov/auditor/elections/documents/arnold-eli-aud-120/download,15,Yes,"Candidate mailing address and residence address are the
same.
Page 7: Candidate mailing address"
2026,4,Eli Arnold,2026|4|eli arnold,Qualified,"June 30, 2026",Candidate Filing Application,https://www.portland.gov/auditor/elections/documents/arnold-eli-aud-120/download,16,Respondent skipped this question,"Candidate mailing address
Page 8: Candidate contact information"
2026,4,Eli Arnold,2026|4|eli arnold,Qualified,"June 30, 2026",Candidate Filing Application,https://www.portland.gov/auditor/elections/documents/arnold-eli-aud-120/download,17,Respondent skipped this question,"Outgoing communications from Portland City Elections to
candidates or interested parties will be primarily by email,
unless contact by phone is selected by checking the box
below."
2026,4,Eli Arnold,2026|4|eli arnold,Qualified,"June 30, 2026",Candidate Filing Application,https://www.portland.gov/auditor/elections/documents/arnold-eli-aud-120/download,18,,"At least one email or phone number is required.
Primary email address (e.g., campaign email): eli@eliforportland.com"
2026,4,Eli Arnold,2026|4|eli arnold,Qualified,"June 30, 2026",Candidate Filing Application,https://www.portland.gov/auditor/elections/documents/arnold-eli-aud-120/download,19,Respondent skipped this question,"Alternate email address (e.g., personal email)"
2026,4,Eli Arnold,2026|4|eli arnold,Qualified,"June 30, 2026",Candidate Filing Application,https://www.portland.gov/auditor/elections/documents/arnold-eli-aud-120/download,20,Respondent skipped this question,Alternate phone number
2026,4,Eli Arnold,2026|4|eli arnold,Qualified,"June 30, 2026",Candidate Filing Application,https://www.portland.gov/auditor/elections/documents/arnold-eli-aud-120/download,21,Respondent skipped this question,Campaign phone number
2026,4,Eli Arnold,2026|4|eli arnold,Qualified,"June 30, 2026",Candidate Filing Application,https://www.portland.gov/auditor/elections/documents/arnold-eli-aud-120/download,22,,"Campaign website (if applicable)
eliforportland.com
Page 9: Race and ethnicity (optional) - Tribe or Native Corporation
3 / 7
2026 Candidate Filing Application - AUD 120 Form"
2026,4,Eli Arnold,2026|4|eli arnold,Qualified,"June 30, 2026",Candidate Filing Application,https://www.portland.gov/auditor/elections/documents/arnold-eli-aud-120/download,23,Respondent skipped this question,"Please provide your Tribe or Native Corporation, if desired:
Page 10: Race and ethnicity (optional)"
2026,4,Eli Arnold,2026|4|eli arnold,Qualified,"June 30, 2026",Candidate Filing Application,https://www.portland.gov/auditor/elections/documents/arnold-eli-aud-120/download,24,White,"Race and ethnicity (check all that apply)
Page 11: Required background information"
2026,4,Eli Arnold,2026|4|eli arnold,Qualified,"June 30, 2026",Candidate Filing Application,https://www.portland.gov/auditor/elections/documents/arnold-eli-aud-120/download,25,,"Occupation (present employment, paid or unpaid). If not employed, enter ""Not Employed.""
Police Officer"
2026,4,Eli Arnold,2026|4|eli arnold,Qualified,"June 30, 2026",Candidate Filing Application,https://www.portland.gov/auditor/elections/documents/arnold-eli-aud-120/download,26,,"Occupational background (previous employment, paid or unpaid). If no relevant experience, ""None"" or ""NA"" must be
entered.
US Army Officer, Intel Analyst, Pilot, Community Garden Manager"
2026,4,Eli Arnold,2026|4|eli arnold,Qualified,"June 30, 2026",Candidate Filing Application,https://www.portland.gov/auditor/elections/documents/arnold-eli-aud-120/download,27,,"Prior governmental experience (elected or appointed). If no relevant experience, ""None"" or ""NA” must be entered.
Democratic Party Precinct Committee Person
Page 12: Educational background"
2026,4,Eli Arnold,2026|4|eli arnold,Qualified,"June 30, 2026",Candidate Filing Application,https://www.portland.gov/auditor/elections/documents/arnold-eli-aud-120/download,28,,"School attended:
Complete name of school Portland State University
Diploma/Degree/Certificate BS"
2026,4,Eli Arnold,2026|4|eli arnold,Qualified,"June 30, 2026",Candidate Filing Application,https://www.portland.gov/auditor/elections/documents/arnold-eli-aud-120/download,29,Respondent skipped this question,School attended:
2026,4,Eli Arnold,2026|4|eli arnold,Qualified,"June 30, 2026",Candidate Filing Application,https://www.portland.gov/auditor/elections/documents/arnold-eli-aud-120/download,30,Respondent skipped this question,"School attended:
4 / 7
2026 Candidate Filing Application - AUD 120 Form"
2026,4,Eli Arnold,2026|4|eli arnold,Qualified,"June 30, 2026",Candidate Filing Application,https://www.portland.gov/auditor/elections/documents/arnold-eli-aud-120/download,31,Respondent skipped this question,School attended:
2026,4,Eli Arnold,2026|4|eli arnold,Qualified,"June 30, 2026",Candidate Filing Application,https://www.portland.gov/auditor/elections/documents/arnold-eli-aud-120/download,32,No,Do you have additional schools to add?
2026,4,Eli Arnold,2026|4|eli arnold,Qualified,"June 30, 2026",Candidate Filing Application,https://www.portland.gov/auditor/elections/documents/arnold-eli-aud-120/download,33,Respondent skipped this question,"Educational background (other)
Page 13: Educational background (additional schools)"
2026,4,Eli Arnold,2026|4|eli arnold,Qualified,"June 30, 2026",Candidate Filing Application,https://www.portland.gov/auditor/elections/documents/arnold-eli-aud-120/download,34,Respondent skipped this question,School attended
2026,4,Eli Arnold,2026|4|eli arnold,Qualified,"June 30, 2026",Candidate Filing Application,https://www.portland.gov/auditor/elections/documents/arnold-eli-aud-120/download,35,Respondent skipped this question,School attended:
2026,4,Eli Arnold,2026|4|eli arnold,Qualified,"June 30, 2026",Candidate Filing Application,https://www.portland.gov/auditor/elections/documents/arnold-eli-aud-120/download,36,Respondent skipped this question,School attended:
2026,4,Eli Arnold,2026|4|eli arnold,Qualified,"June 30, 2026",Candidate Filing Application,https://www.portland.gov/auditor/elections/documents/arnold-eli-aud-120/download,37,Respondent skipped this question,School attended
2026,4,Eli Arnold,2026|4|eli arnold,Qualified,"June 30, 2026",Candidate Filing Application,https://www.portland.gov/auditor/elections/documents/arnold-eli-aud-120/download,38,Respondent skipped this question,School attended
2026,4,Eli Arnold,2026|4|eli arnold,Qualified,"June 30, 2026",Candidate Filing Application,https://www.portland.gov/auditor/elections/documents/arnold-eli-aud-120/download,39,Respondent skipped this question,"School attended
Page 15: Small Donor Elections program"
2026,4,Eli Arnold,2026|4|eli arnold,Qualified,"June 30, 2026",Candidate Filing Application,https://www.portland.gov/auditor/elections/documents/arnold-eli-aud-120/download,40,I have filed a Notice of Intent to participate in the City’s,"public funding program.
Select one:
Page 16: Candidate committee
5 / 7
2026 Candidate Filing Application - AUD 120 Form"
2026,4,Eli Arnold,2026|4|eli arnold,Qualified,"June 30, 2026",Candidate Filing Application,https://www.portland.gov/auditor/elections/documents/arnold-eli-aud-120/download,41,I have a candidate committee registered with the Oregon,"Secretary of State in ORESTAR. Name of candidate
Select one:
committee as registered in ORESTAR::
Eli for Portland
Page 17: Filing Method"
2026,4,Eli Arnold,2026|4|eli arnold,Qualified,"June 30, 2026",Candidate Filing Application,https://www.portland.gov/auditor/elections/documents/arnold-eli-aud-120/download,42,Declaration with Fee ($500 for Auditor; $250 for,"Councilor)
I am filing by:
Page 18: Filing by Declaration of Candidacy with Fee"
2026,4,Eli Arnold,2026|4|eli arnold,Qualified,"June 30, 2026",Candidate Filing Application,https://www.portland.gov/auditor/elections/documents/arnold-eli-aud-120/download,43,I am filing this Candidate Filing Application along with,"the required filing fee pursuant to City Code Section
Acknowledgement:
2.08.060 (Candidacy by Declaration). I understand that
my filing for candidacy is not complete until I have
submitted a completed Candidate Filing Application
and paid the filing fee."
2026,4,Eli Arnold,2026|4|eli arnold,Qualified,"June 30, 2026",Candidate Filing Application,https://www.portland.gov/auditor/elections/documents/arnold-eli-aud-120/download,44,Paying through the online payment portal,"(portlandoregon.gov/auditor/candidatefilingfee/).
I am including the required fee by the following method:
Page 19: Filing by Declaration of Candidacy with Fee Waiver"
2026,4,Eli Arnold,2026|4|eli arnold,Qualified,"June 30, 2026",Candidate Filing Application,https://www.portland.gov/auditor/elections/documents/arnold-eli-aud-120/download,45,Respondent skipped this question,"Acknowledgment:
Page 20: Filing by Nominating Petition"
2026,4,Eli Arnold,2026|4|eli arnold,Qualified,"June 30, 2026",Candidate Filing Application,https://www.portland.gov/auditor/elections/documents/arnold-eli-aud-120/download,46,Respondent skipped this question,Some circulators may be paid:
2026,4,Eli Arnold,2026|4|eli arnold,Qualified,"June 30, 2026",Candidate Filing Application,https://www.portland.gov/auditor/elections/documents/arnold-eli-aud-120/download,47,Respondent skipped this question,Acknowledgment:
2026,4,Eli Arnold,2026|4|eli arnold,Qualified,"June 30, 2026",Candidate Filing Application,https://www.portland.gov/auditor/elections/documents/arnold-eli-aud-120/download,48,Respondent skipped this question,"A proposed signature sheet (SEL 121 Form) must be
submitted for review and approved in writing prior to
circulating for signatures.
6 / 7
2026 Candidate Filing Application - AUD 120 Form
Page 21: Residence address exemption"
2026,4,Eli Arnold,2026|4|eli arnold,Qualified,"June 30, 2026",Candidate Filing Application,https://www.portland.gov/auditor/elections/documents/arnold-eli-aud-120/download,49,I don’t want my residence address to be publicly,"disclosed. I will be filing a separate Residence Address
Candidates must disclose their residence address as part
Exemption Request (SEL 180 Form) with the Secretary
of their declaration of candidacy. Candidate declarations
are publicly disclosed online. Candidates have the option of State. I understand I should file my request within
to request their residence address be exempt from five (5) business days to avoid the potential publication
disclosure by filing a separate Residence Address of my residence address.
Exemption Request with the Oregon Secretary of State.
The exemption request must include a publicly disclosable
mailing address. Even if exemption requests are granted,
residence addresses are still subject to in-person
inspection as a public record under ORS 192.311 to
192.478. An Address Exemption Request must be filed
within five (5) business days of filing this Candidate Filing
Application (AUD 120 Form) to avoid potential public
posting of a residence address.
Page 22: Candidate attestation and filing submission"
2026,4,Eli Arnold,2026|4|eli arnold,Qualified,"June 30, 2026",Candidate Filing Application,https://www.portland.gov/auditor/elections/documents/arnold-eli-aud-120/download,50,"By checking this box, I am attaching my electronic","signature to this online Candidate Filing Application
Candidate signature
(AUD 120 Form).
7 / 7"
2026,4,Olivia Clark,2026|4|olivia clark,Qualified,"June 30, 2026",Candidate Filing Application,https://www.portland.gov/auditor/elections/documents/clark-olivia-aud-120/download,1,Original,"This form is filed as an:
Page 2: City office"
2026,4,Olivia Clark,2026|4|olivia clark,Qualified,"June 30, 2026",Candidate Filing Application,https://www.portland.gov/auditor/elections/documents/clark-olivia-aud-120/download,2,Councilor District 4,"I am filing for the office of:
Page 3: Candidate name"
2026,4,Olivia Clark,2026|4|olivia clark,Qualified,"June 30, 2026",Candidate Filing Application,https://www.portland.gov/auditor/elections/documents/clark-olivia-aud-120/download,3,,"First name
Olivia"
2026,4,Olivia Clark,2026|4|olivia clark,Qualified,"June 30, 2026",Candidate Filing Application,https://www.portland.gov/auditor/elections/documents/clark-olivia-aud-120/download,4,,"Middle initial
N"
2026,4,Olivia Clark,2026|4|olivia clark,Qualified,"June 30, 2026",Candidate Filing Application,https://www.portland.gov/auditor/elections/documents/clark-olivia-aud-120/download,5,,"Last name
Clark"
2026,4,Olivia Clark,2026|4|olivia clark,Qualified,"June 30, 2026",Candidate Filing Application,https://www.portland.gov/auditor/elections/documents/clark-olivia-aud-120/download,6,Respondent skipped this question,"Suffix
1 / 8

2026 Candidate Filing Application - AUD 120 Form"
2026,4,Olivia Clark,2026|4|olivia clark,Qualified,"June 30, 2026",Candidate Filing Application,https://www.portland.gov/auditor/elections/documents/clark-olivia-aud-120/download,14,Respondent skipped this question,"If you answered “No” to the question above, list the
address(es) where you have resided since November 3,
2025:"
2026,4,Olivia Clark,2026|4|olivia clark,Qualified,"June 30, 2026",Candidate Filing Application,https://www.portland.gov/auditor/elections/documents/clark-olivia-aud-120/download,15,Yes,"Candidate mailing address and residence address are the
same.
Page 7: Candidate mailing address"
2026,4,Olivia Clark,2026|4|olivia clark,Qualified,"June 30, 2026",Candidate Filing Application,https://www.portland.gov/auditor/elections/documents/clark-olivia-aud-120/download,16,Respondent skipped this question,"Candidate mailing address
Page 8: Candidate contact information"
2026,4,Olivia Clark,2026|4|olivia clark,Qualified,"June 30, 2026",Candidate Filing Application,https://www.portland.gov/auditor/elections/documents/clark-olivia-aud-120/download,17,Respondent skipped this question,"Outgoing communications from Portland City Elections to
candidates or interested parties will be primarily by email,
unless contact by phone is selected by checking the box
below."
2026,4,Olivia Clark,2026|4|olivia clark,Qualified,"June 30, 2026",Candidate Filing Application,https://www.portland.gov/auditor/elections/documents/clark-olivia-aud-120/download,18,,"At least one email or phone number is required.
Primary email address (e.g., campaign email): Onclark@gmail.com
Primary phone number: 5033138797"
2026,4,Olivia Clark,2026|4|olivia clark,Qualified,"June 30, 2026",Candidate Filing Application,https://www.portland.gov/auditor/elections/documents/clark-olivia-aud-120/download,19,Respondent skipped this question,"Alternate email address (e.g., personal email)"
2026,4,Olivia Clark,2026|4|olivia clark,Qualified,"June 30, 2026",Candidate Filing Application,https://www.portland.gov/auditor/elections/documents/clark-olivia-aud-120/download,20,Respondent skipped this question,Alternate phone number
2026,4,Olivia Clark,2026|4|olivia clark,Qualified,"June 30, 2026",Candidate Filing Application,https://www.portland.gov/auditor/elections/documents/clark-olivia-aud-120/download,21,Respondent skipped this question,"Campaign phone number
3 / 8
2026 Candidate Filing Application - AUD 120 Form"
2026,4,Olivia Clark,2026|4|olivia clark,Qualified,"June 30, 2026",Candidate Filing Application,https://www.portland.gov/auditor/elections/documents/clark-olivia-aud-120/download,22,,"Campaign website (if applicable)
OliviaforPortland.com
Page 9: Race and ethnicity (optional) - Tribe or Native Corporation"
2026,4,Olivia Clark,2026|4|olivia clark,Qualified,"June 30, 2026",Candidate Filing Application,https://www.portland.gov/auditor/elections/documents/clark-olivia-aud-120/download,23,Respondent skipped this question,"Please provide your Tribe or Native Corporation, if desired:
Page 10: Race and ethnicity (optional)"
2026,4,Olivia Clark,2026|4|olivia clark,Qualified,"June 30, 2026",Candidate Filing Application,https://www.portland.gov/auditor/elections/documents/clark-olivia-aud-120/download,24,White,"Race and ethnicity (check all that apply)
Page 11: Required background information"
2026,4,Olivia Clark,2026|4|olivia clark,Qualified,"June 30, 2026",Candidate Filing Application,https://www.portland.gov/auditor/elections/documents/clark-olivia-aud-120/download,25,,"Occupation (present employment, paid or unpaid). If not employed, enter ""Not Employed.""
Portland City Councilor, Council Vice President"
2026,4,Olivia Clark,2026|4|olivia clark,Qualified,"June 30, 2026",Candidate Filing Application,https://www.portland.gov/auditor/elections/documents/clark-olivia-aud-120/download,26,,"Occupational background (previous employment, paid or unpaid). If no relevant experience, ""None"" or ""NA"" must be
entered.
Policy and Legislative Director
Executive Director Public Affairs, TriMet
Legislative and Intergovernmental Affairs, Governor John Kitzhaber
Assistant to the Director, Oregon Department of Environmental Quality
Intergovernmental Affairs Director, City of Salem"
2026,4,Olivia Clark,2026|4|olivia clark,Qualified,"June 30, 2026",Candidate Filing Application,https://www.portland.gov/auditor/elections/documents/clark-olivia-aud-120/download,27,,"Prior governmental experience (elected or appointed). If no relevant experience, ""None"" or ""NA” must be entered.
Elected to Portland City Council 2024
TriMet (see above #21)
Governor’s Office (see above)
Oregon DEQ (see above)
City of Salem (see above)
Page 12: Educational background
4 / 8
2026 Candidate Filing Application - AUD 120 Form"
2026,4,Olivia Clark,2026|4|olivia clark,Qualified,"June 30, 2026",Candidate Filing Application,https://www.portland.gov/auditor/elections/documents/clark-olivia-aud-120/download,28,,"School attended:
Complete name of school University of Redlands
Last grade completed BA
Diploma/Degree/Certificate BA
Course of study (optional) Sociology"
2026,4,Olivia Clark,2026|4|olivia clark,Qualified,"June 30, 2026",Candidate Filing Application,https://www.portland.gov/auditor/elections/documents/clark-olivia-aud-120/download,29,,"School attended:
Complete name of school University of Oregon
Last grade completed MA
Diploma/Degree/Certificate Masters Degree
Course of study (optional) Sociology"
2026,4,Olivia Clark,2026|4|olivia clark,Qualified,"June 30, 2026",Candidate Filing Application,https://www.portland.gov/auditor/elections/documents/clark-olivia-aud-120/download,30,,"School attended:
Complete name of school L’Universite de Paul Valery, Montpelier, France
Last grade completed Junior year
Course of study (optional) Liberal arts"
2026,4,Olivia Clark,2026|4|olivia clark,Qualified,"June 30, 2026",Candidate Filing Application,https://www.portland.gov/auditor/elections/documents/clark-olivia-aud-120/download,31,Respondent skipped this question,School attended:
2026,4,Olivia Clark,2026|4|olivia clark,Qualified,"June 30, 2026",Candidate Filing Application,https://www.portland.gov/auditor/elections/documents/clark-olivia-aud-120/download,32,No,Do you have additional schools to add?
2026,4,Olivia Clark,2026|4|olivia clark,Qualified,"June 30, 2026",Candidate Filing Application,https://www.portland.gov/auditor/elections/documents/clark-olivia-aud-120/download,33,Respondent skipped this question,"Educational background (other)
Page 13: Educational background (additional schools)"
2026,4,Olivia Clark,2026|4|olivia clark,Qualified,"June 30, 2026",Candidate Filing Application,https://www.portland.gov/auditor/elections/documents/clark-olivia-aud-120/download,34,Respondent skipped this question,"School attended
5 / 8
2026 Candidate Filing Application - AUD 120 Form"
2026,4,Olivia Clark,2026|4|olivia clark,Qualified,"June 30, 2026",Candidate Filing Application,https://www.portland.gov/auditor/elections/documents/clark-olivia-aud-120/download,35,Respondent skipped this question,School attended:
2026,4,Olivia Clark,2026|4|olivia clark,Qualified,"June 30, 2026",Candidate Filing Application,https://www.portland.gov/auditor/elections/documents/clark-olivia-aud-120/download,36,Respondent skipped this question,School attended:
2026,4,Olivia Clark,2026|4|olivia clark,Qualified,"June 30, 2026",Candidate Filing Application,https://www.portland.gov/auditor/elections/documents/clark-olivia-aud-120/download,37,Respondent skipped this question,School attended
2026,4,Olivia Clark,2026|4|olivia clark,Qualified,"June 30, 2026",Candidate Filing Application,https://www.portland.gov/auditor/elections/documents/clark-olivia-aud-120/download,38,Respondent skipped this question,School attended
2026,4,Olivia Clark,2026|4|olivia clark,Qualified,"June 30, 2026",Candidate Filing Application,https://www.portland.gov/auditor/elections/documents/clark-olivia-aud-120/download,39,Respondent skipped this question,"School attended
Page 15: Small Donor Elections program"
2026,4,Olivia Clark,2026|4|olivia clark,Qualified,"June 30, 2026",Candidate Filing Application,https://www.portland.gov/auditor/elections/documents/clark-olivia-aud-120/download,40,I have filed a Notice of Intent to participate in the City’s,"public funding program.
Select one:
Page 16: Candidate committee"
2026,4,Olivia Clark,2026|4|olivia clark,Qualified,"June 30, 2026",Candidate Filing Application,https://www.portland.gov/auditor/elections/documents/clark-olivia-aud-120/download,41,I have a candidate committee registered with the Oregon,"Secretary of State in ORESTAR. Name of candidate
Select one:
committee as registered in ORESTAR::
Friends of Olivia ID #23199
Page 17: Filing Method"
2026,4,Olivia Clark,2026|4|olivia clark,Qualified,"June 30, 2026",Candidate Filing Application,https://www.portland.gov/auditor/elections/documents/clark-olivia-aud-120/download,42,Declaration with Fee ($500 for Auditor; $250 for,"Councilor)
I am filing by:
Page 18: Filing by Declaration of Candidacy with Fee
6 / 8
2026 Candidate Filing Application - AUD 120 Form"
2026,4,Olivia Clark,2026|4|olivia clark,Qualified,"June 30, 2026",Candidate Filing Application,https://www.portland.gov/auditor/elections/documents/clark-olivia-aud-120/download,43,I am filing this Candidate Filing Application along with,"the required filing fee pursuant to City Code Section
Acknowledgement:
2.08.060 (Candidacy by Declaration). I understand that
my filing for candidacy is not complete until I have
submitted a completed Candidate Filing Application
and paid the filing fee."
2026,4,Olivia Clark,2026|4|olivia clark,Qualified,"June 30, 2026",Candidate Filing Application,https://www.portland.gov/auditor/elections/documents/clark-olivia-aud-120/download,44,Paying through the online payment portal,"(portlandoregon.gov/auditor/candidatefilingfee/).
I am including the required fee by the following method:
Page 19: Filing by Declaration of Candidacy with Fee Waiver"
2026,4,Olivia Clark,2026|4|olivia clark,Qualified,"June 30, 2026",Candidate Filing Application,https://www.portland.gov/auditor/elections/documents/clark-olivia-aud-120/download,45,Respondent skipped this question,"Acknowledgment:
Page 20: Filing by Nominating Petition"
2026,4,Olivia Clark,2026|4|olivia clark,Qualified,"June 30, 2026",Candidate Filing Application,https://www.portland.gov/auditor/elections/documents/clark-olivia-aud-120/download,46,Respondent skipped this question,Some circulators may be paid:
2026,4,Olivia Clark,2026|4|olivia clark,Qualified,"June 30, 2026",Candidate Filing Application,https://www.portland.gov/auditor/elections/documents/clark-olivia-aud-120/download,47,Respondent skipped this question,Acknowledgment:
2026,4,Olivia Clark,2026|4|olivia clark,Qualified,"June 30, 2026",Candidate Filing Application,https://www.portland.gov/auditor/elections/documents/clark-olivia-aud-120/download,48,Respondent skipped this question,"A proposed signature sheet (SEL 121 Form) must be
submitted for review and approved in writing prior to
circulating for signatures.
Page 21: Residence address exemption
7 / 8
2026 Candidate Filing Application - AUD 120 Form"
2026,4,Olivia Clark,2026|4|olivia clark,Qualified,"June 30, 2026",Candidate Filing Application,https://www.portland.gov/auditor/elections/documents/clark-olivia-aud-120/download,49,I don’t want my residence address to be publicly,"disclosed. I will be filing a separate Residence Address
Candidates must disclose their residence address as part
Exemption Request (SEL 180 Form) with the Secretary
of their declaration of candidacy. Candidate declarations
are publicly disclosed online. Candidates have the option of State. I understand I should file my request within
to request their residence address be exempt from five (5) business days to avoid the potential publication
disclosure by filing a separate Residence Address of my residence address.
Exemption Request with the Oregon Secretary of State.
The exemption request must include a publicly disclosable
mailing address. Even if exemption requests are granted,
residence addresses are still subject to in-person
inspection as a public record under ORS 192.311 to
192.478. An Address Exemption Request must be filed
within five (5) business days of filing this Candidate Filing
Application (AUD 120 Form) to avoid potential public
posting of a residence address.
Page 22: Candidate attestation and filing submission"
2026,4,Olivia Clark,2026|4|olivia clark,Qualified,"June 30, 2026",Candidate Filing Application,https://www.portland.gov/auditor/elections/documents/clark-olivia-aud-120/download,50,"By checking this box, I am attaching my electronic","signature to this online Candidate Filing Application
Candidate signature
(AUD 120 Form).
8 / 8"
2026,4,Jamey Evenstar,2026|4|jamey evenstar,Qualified,"July 14, 2026",Candidate Filing Application,https://www.portland.gov/sites/default/files/2026/Evenstar--Jamey---AUD-120_Redacted.pdf,1,Original,"This form is filed as an:
Page 2: City office"
2026,4,Jamey Evenstar,2026|4|jamey evenstar,Qualified,"July 14, 2026",Candidate Filing Application,https://www.portland.gov/sites/default/files/2026/Evenstar--Jamey---AUD-120_Redacted.pdf,2,Councilor District 4,"I am filing for the office of:
Page 3: Candidate name"
2026,4,Jamey Evenstar,2026|4|jamey evenstar,Qualified,"July 14, 2026",Candidate Filing Application,https://www.portland.gov/sites/default/files/2026/Evenstar--Jamey---AUD-120_Redacted.pdf,3,,"First name
Jamey"
2026,4,Jamey Evenstar,2026|4|jamey evenstar,Qualified,"July 14, 2026",Candidate Filing Application,https://www.portland.gov/sites/default/files/2026/Evenstar--Jamey---AUD-120_Redacted.pdf,4,Respondent skipped this question,Middle initial
2026,4,Jamey Evenstar,2026|4|jamey evenstar,Qualified,"July 14, 2026",Candidate Filing Application,https://www.portland.gov/sites/default/files/2026/Evenstar--Jamey---AUD-120_Redacted.pdf,5,,"Last name
Evenstar"
2026,4,Jamey Evenstar,2026|4|jamey evenstar,Qualified,"July 14, 2026",Candidate Filing Application,https://www.portland.gov/sites/default/files/2026/Evenstar--Jamey---AUD-120_Redacted.pdf,6,Respondent skipped this question,Suffix
2026,4,Jamey Evenstar,2026|4|jamey evenstar,Qualified,"July 14, 2026",Candidate Filing Application,https://www.portland.gov/sites/default/files/2026/Evenstar--Jamey---AUD-120_Redacted.pdf,7,,"Name should appear on the ballot as follows (nickname or shortened version of name may be added in parentheses):
Jamey Evenstar
1 / 7
2026 Candidate Filing Application - AUD 120 Form"
2026,4,Jamey Evenstar,2026|4|jamey evenstar,Qualified,"July 14, 2026",Candidate Filing Application,https://www.portland.gov/sites/default/files/2026/Evenstar--Jamey---AUD-120_Redacted.pdf,8,Respondent skipped this question,"Optional: How your name should be pronounced (phonetic
spelling):
Page 4: Certification Requirement for Auditor Candidates"
2026,4,Jamey Evenstar,2026|4|jamey evenstar,Qualified,"July 14, 2026",Candidate Filing Application,https://www.portland.gov/sites/default/files/2026/Evenstar--Jamey---AUD-120_Redacted.pdf,9,Respondent skipped this question,Select one:
2026,4,Jamey Evenstar,2026|4|jamey evenstar,Qualified,"July 14, 2026",Candidate Filing Application,https://www.portland.gov/sites/default/files/2026/Evenstar--Jamey---AUD-120_Redacted.pdf,10,Respondent skipped this question,"Acknowledgment:
Page 5: Auditor Certification Proof"
2026,4,Jamey Evenstar,2026|4|jamey evenstar,Qualified,"July 14, 2026",Candidate Filing Application,https://www.portland.gov/sites/default/files/2026/Evenstar--Jamey---AUD-120_Redacted.pdf,11,Respondent skipped this question,"City Auditor candidate applicants may upload proof of
certification below if not submitting certification by email or
in person.
Page 6: Candidate residence address"
2026,4,Jamey Evenstar,2026|4|jamey evenstar,Qualified,"July 14, 2026",Candidate Filing Application,https://www.portland.gov/sites/default/files/2026/Evenstar--Jamey---AUD-120_Redacted.pdf,12,,"Candidate residence address
Street address
City
County
State
Zip code"
2026,4,Jamey Evenstar,2026|4|jamey evenstar,Qualified,"July 14, 2026",Candidate Filing Application,https://www.portland.gov/sites/default/files/2026/Evenstar--Jamey---AUD-120_Redacted.pdf,13,Yes,"Have you resided at this address since November 3,
2025?"
2026,4,Jamey Evenstar,2026|4|jamey evenstar,Qualified,"July 14, 2026",Candidate Filing Application,https://www.portland.gov/sites/default/files/2026/Evenstar--Jamey---AUD-120_Redacted.pdf,14,Respondent skipped this question,"If you answered “No” to the question above, list the
address(es) where you have resided since November 3,
2025:
2 / 7
2026 Candidate Filing Application - AUD 120 Form"
2026,4,Jamey Evenstar,2026|4|jamey evenstar,Qualified,"July 14, 2026",Candidate Filing Application,https://www.portland.gov/sites/default/files/2026/Evenstar--Jamey---AUD-120_Redacted.pdf,15,Yes,"Candidate mailing address and residence address are the
same.
Page 7: Candidate mailing address"
2026,4,Jamey Evenstar,2026|4|jamey evenstar,Qualified,"July 14, 2026",Candidate Filing Application,https://www.portland.gov/sites/default/files/2026/Evenstar--Jamey---AUD-120_Redacted.pdf,16,Respondent skipped this question,"Candidate mailing address
Page 8: Candidate contact information"
2026,4,Jamey Evenstar,2026|4|jamey evenstar,Qualified,"July 14, 2026",Candidate Filing Application,https://www.portland.gov/sites/default/files/2026/Evenstar--Jamey---AUD-120_Redacted.pdf,17,Respondent skipped this question,"Outgoing communications from Portland City Elections to
candidates or interested parties will be primarily by email,
unless contact by phone is selected by checking the box
below."
2026,4,Jamey Evenstar,2026|4|jamey evenstar,Qualified,"July 14, 2026",Candidate Filing Application,https://www.portland.gov/sites/default/files/2026/Evenstar--Jamey---AUD-120_Redacted.pdf,18,,"At least one email or phone number is required.
Primary email address (e.g., campaign email): evenstarforportland@gmail.com
Primary phone number: 907-982-6828"
2026,4,Jamey Evenstar,2026|4|jamey evenstar,Qualified,"July 14, 2026",Candidate Filing Application,https://www.portland.gov/sites/default/files/2026/Evenstar--Jamey---AUD-120_Redacted.pdf,19,,"Alternate email address (e.g., personal email)
jamey.duhamel@gmail.com"
2026,4,Jamey Evenstar,2026|4|jamey evenstar,Qualified,"July 14, 2026",Candidate Filing Application,https://www.portland.gov/sites/default/files/2026/Evenstar--Jamey---AUD-120_Redacted.pdf,20,Respondent skipped this question,Alternate phone number
2026,4,Jamey Evenstar,2026|4|jamey evenstar,Qualified,"July 14, 2026",Candidate Filing Application,https://www.portland.gov/sites/default/files/2026/Evenstar--Jamey---AUD-120_Redacted.pdf,21,Respondent skipped this question,Campaign phone number
2026,4,Jamey Evenstar,2026|4|jamey evenstar,Qualified,"July 14, 2026",Candidate Filing Application,https://www.portland.gov/sites/default/files/2026/Evenstar--Jamey---AUD-120_Redacted.pdf,22,,"Campaign website (if applicable)
evenstarforportland.com
Page 9: Race and ethnicity (optional) - Tribe or Native Corporation
3 / 7
2026 Candidate Filing Application - AUD 120 Form"
2026,4,Jamey Evenstar,2026|4|jamey evenstar,Qualified,"July 14, 2026",Candidate Filing Application,https://www.portland.gov/sites/default/files/2026/Evenstar--Jamey---AUD-120_Redacted.pdf,23,Respondent skipped this question,"Please provide your Tribe or Native Corporation, if desired:
Page 10: Race and ethnicity (optional)"
2026,4,Jamey Evenstar,2026|4|jamey evenstar,Qualified,"July 14, 2026",Candidate Filing Application,https://www.portland.gov/sites/default/files/2026/Evenstar--Jamey---AUD-120_Redacted.pdf,24,White,"Race and ethnicity (check all that apply)
Page 11: Required background information"
2026,4,Jamey Evenstar,2026|4|jamey evenstar,Qualified,"July 14, 2026",Candidate Filing Application,https://www.portland.gov/sites/default/files/2026/Evenstar--Jamey---AUD-120_Redacted.pdf,25,,"Occupation (present employment, paid or unpaid). If not employed, enter ""Not Employed.""
Not employed"
2026,4,Jamey Evenstar,2026|4|jamey evenstar,Qualified,"July 14, 2026",Candidate Filing Application,https://www.portland.gov/sites/default/files/2026/Evenstar--Jamey---AUD-120_Redacted.pdf,26,,"Occupational background (previous employment, paid or unpaid). If no relevant experience, ""None"" or ""NA"" must be
entered.
City of Portland employee"
2026,4,Jamey Evenstar,2026|4|jamey evenstar,Qualified,"July 14, 2026",Candidate Filing Application,https://www.portland.gov/sites/default/files/2026/Evenstar--Jamey---AUD-120_Redacted.pdf,27,,"Prior governmental experience (elected or appointed). If no relevant experience, ""None"" or ""NA” must be entered.
None
Page 12: Educational background"
2026,4,Jamey Evenstar,2026|4|jamey evenstar,Qualified,"July 14, 2026",Candidate Filing Application,https://www.portland.gov/sites/default/files/2026/Evenstar--Jamey---AUD-120_Redacted.pdf,28,,"School attended:
Complete name of school University of Phoenix
Diploma/Degree/Certificate Bachelor's of Science
Course of study (optional) Psychology
4 / 7
2026 Candidate Filing Application - AUD 120 Form"
2026,4,Jamey Evenstar,2026|4|jamey evenstar,Qualified,"July 14, 2026",Candidate Filing Application,https://www.portland.gov/sites/default/files/2026/Evenstar--Jamey---AUD-120_Redacted.pdf,29,,"School attended:
Complete name of school University of Alaska, Anchorage
Last grade completed 3rd year
Course of study (optional) Social Work"
2026,4,Jamey Evenstar,2026|4|jamey evenstar,Qualified,"July 14, 2026",Candidate Filing Application,https://www.portland.gov/sites/default/files/2026/Evenstar--Jamey---AUD-120_Redacted.pdf,30,Respondent skipped this question,School attended:
2026,4,Jamey Evenstar,2026|4|jamey evenstar,Qualified,"July 14, 2026",Candidate Filing Application,https://www.portland.gov/sites/default/files/2026/Evenstar--Jamey---AUD-120_Redacted.pdf,31,Respondent skipped this question,School attended:
2026,4,Jamey Evenstar,2026|4|jamey evenstar,Qualified,"July 14, 2026",Candidate Filing Application,https://www.portland.gov/sites/default/files/2026/Evenstar--Jamey---AUD-120_Redacted.pdf,32,No,Do you have additional schools to add?
2026,4,Jamey Evenstar,2026|4|jamey evenstar,Qualified,"July 14, 2026",Candidate Filing Application,https://www.portland.gov/sites/default/files/2026/Evenstar--Jamey---AUD-120_Redacted.pdf,33,Respondent skipped this question,"Educational background (other)
Page 13: Educational background (additional schools)"
2026,4,Jamey Evenstar,2026|4|jamey evenstar,Qualified,"July 14, 2026",Candidate Filing Application,https://www.portland.gov/sites/default/files/2026/Evenstar--Jamey---AUD-120_Redacted.pdf,34,Respondent skipped this question,School attended
2026,4,Jamey Evenstar,2026|4|jamey evenstar,Qualified,"July 14, 2026",Candidate Filing Application,https://www.portland.gov/sites/default/files/2026/Evenstar--Jamey---AUD-120_Redacted.pdf,35,Respondent skipped this question,School attended:
2026,4,Jamey Evenstar,2026|4|jamey evenstar,Qualified,"July 14, 2026",Candidate Filing Application,https://www.portland.gov/sites/default/files/2026/Evenstar--Jamey---AUD-120_Redacted.pdf,36,Respondent skipped this question,School attended:
2026,4,Jamey Evenstar,2026|4|jamey evenstar,Qualified,"July 14, 2026",Candidate Filing Application,https://www.portland.gov/sites/default/files/2026/Evenstar--Jamey---AUD-120_Redacted.pdf,37,Respondent skipped this question,School attended
2026,4,Jamey Evenstar,2026|4|jamey evenstar,Qualified,"July 14, 2026",Candidate Filing Application,https://www.portland.gov/sites/default/files/2026/Evenstar--Jamey---AUD-120_Redacted.pdf,38,Respondent skipped this question,"School attended
5 / 7
2026 Candidate Filing Application - AUD 120 Form"
2026,4,Jamey Evenstar,2026|4|jamey evenstar,Qualified,"July 14, 2026",Candidate Filing Application,https://www.portland.gov/sites/default/files/2026/Evenstar--Jamey---AUD-120_Redacted.pdf,39,Respondent skipped this question,"School attended
Page 15: Small Donor Elections program"
2026,4,Jamey Evenstar,2026|4|jamey evenstar,Qualified,"July 14, 2026",Candidate Filing Application,https://www.portland.gov/sites/default/files/2026/Evenstar--Jamey---AUD-120_Redacted.pdf,40,I have filed a Notice of Intent to participate in the City’s,"public funding program.
Select one:
Page 16: Candidate committee"
2026,4,Jamey Evenstar,2026|4|jamey evenstar,Qualified,"July 14, 2026",Candidate Filing Application,https://www.portland.gov/sites/default/files/2026/Evenstar--Jamey---AUD-120_Redacted.pdf,41,I have a candidate committee registered with the Oregon,"Secretary of State in ORESTAR. Name of candidate
Select one:
committee as registered in ORESTAR::
Evenstar for Portland
Page 17: Filing Method"
2026,4,Jamey Evenstar,2026|4|jamey evenstar,Qualified,"July 14, 2026",Candidate Filing Application,https://www.portland.gov/sites/default/files/2026/Evenstar--Jamey---AUD-120_Redacted.pdf,42,Declaration with Fee ($500 for Auditor; $250 for,"Councilor)
I am filing by:
Page 18: Filing by Declaration of Candidacy with Fee"
2026,4,Jamey Evenstar,2026|4|jamey evenstar,Qualified,"July 14, 2026",Candidate Filing Application,https://www.portland.gov/sites/default/files/2026/Evenstar--Jamey---AUD-120_Redacted.pdf,43,I am filing this Candidate Filing Application along with,"the required filing fee pursuant to City Code Section
Acknowledgement:
2.08.060 (Candidacy by Declaration). I understand that
my filing for candidacy is not complete until I have
submitted a completed Candidate Filing Application
and paid the filing fee."
2026,4,Jamey Evenstar,2026|4|jamey evenstar,Qualified,"July 14, 2026",Candidate Filing Application,https://www.portland.gov/sites/default/files/2026/Evenstar--Jamey---AUD-120_Redacted.pdf,44,Paying through the online payment portal,"(portlandoregon.gov/auditor/candidatefilingfee/).
I am including the required fee by the following method:
Page 19: Filing by Declaration of Candidacy with Fee Waiver"
2026,4,Jamey Evenstar,2026|4|jamey evenstar,Qualified,"July 14, 2026",Candidate Filing Application,https://www.portland.gov/sites/default/files/2026/Evenstar--Jamey---AUD-120_Redacted.pdf,45,Respondent skipped this question,"Acknowledgment:
Page 20: Filing by Nominating Petition
6 / 7
2026 Candidate Filing Application - AUD 120 Form"
2026,4,Jamey Evenstar,2026|4|jamey evenstar,Qualified,"July 14, 2026",Candidate Filing Application,https://www.portland.gov/sites/default/files/2026/Evenstar--Jamey---AUD-120_Redacted.pdf,46,Respondent skipped this question,Some circulators may be paid:
2026,4,Jamey Evenstar,2026|4|jamey evenstar,Qualified,"July 14, 2026",Candidate Filing Application,https://www.portland.gov/sites/default/files/2026/Evenstar--Jamey---AUD-120_Redacted.pdf,47,Respondent skipped this question,Acknowledgment:
2026,4,Jamey Evenstar,2026|4|jamey evenstar,Qualified,"July 14, 2026",Candidate Filing Application,https://www.portland.gov/sites/default/files/2026/Evenstar--Jamey---AUD-120_Redacted.pdf,48,Respondent skipped this question,"A proposed signature sheet (SEL 121 Form) must be
submitted for review and approved in writing prior to
circulating for signatures.
Page 21: Residence address exemption"
2026,4,Jamey Evenstar,2026|4|jamey evenstar,Qualified,"July 14, 2026",Candidate Filing Application,https://www.portland.gov/sites/default/files/2026/Evenstar--Jamey---AUD-120_Redacted.pdf,49,I don’t want my residence address to be publicly,"disclosed. I will be filing a separate Residence Address
Candidates must disclose their residence address as part
Exemption Request (SEL 180 Form) with the Secretary
of their declaration of candidacy. Candidate declarations
are publicly disclosed online. Candidates have the option of State. I understand I should file my request within
to request their residence address be exempt from five (5) business days to avoid the potential publication
disclosure by filing a separate Residence Address of my residence address.
Exemption Request with the Oregon Secretary of State.
The exemption request must include a publicly disclosable
mailing address. Even if exemption requests are granted,
residence addresses are still subject to in-person
inspection as a public record under ORS 192.311 to
192.478. An Address Exemption Request must be filed
within five (5) business days of filing this Candidate Filing
Application (AUD 120 Form) to avoid potential public
posting of a residence address.
Page 22: Candidate attestation and filing submission"
2026,4,Jamey Evenstar,2026|4|jamey evenstar,Qualified,"July 14, 2026",Candidate Filing Application,https://www.portland.gov/sites/default/files/2026/Evenstar--Jamey---AUD-120_Redacted.pdf,50,"By checking this box, I am attaching my electronic","signature to this online Candidate Filing Application
Candidate signature
(AUD 120 Form).
7 / 7"
2026,4,Eric Zimmerman,2026|4|eric zimmerman,Qualified,"July 13, 2026",Candidate Filing Application,https://www.portland.gov/auditor/elections/documents/zimmerman-eric-aud-120redacted/download,1,Original,"This form is filed as an:
Page 2: City office"
2026,4,Eric Zimmerman,2026|4|eric zimmerman,Qualified,"July 13, 2026",Candidate Filing Application,https://www.portland.gov/auditor/elections/documents/zimmerman-eric-aud-120redacted/download,2,Councilor District 4,"I am filing for the office of:
Page 3: Candidate name"
2026,4,Eric Zimmerman,2026|4|eric zimmerman,Qualified,"July 13, 2026",Candidate Filing Application,https://www.portland.gov/auditor/elections/documents/zimmerman-eric-aud-120redacted/download,3,,"First name
Eric"
2026,4,Eric Zimmerman,2026|4|eric zimmerman,Qualified,"July 13, 2026",Candidate Filing Application,https://www.portland.gov/auditor/elections/documents/zimmerman-eric-aud-120redacted/download,4,,"Middle initial
J."
2026,4,Eric Zimmerman,2026|4|eric zimmerman,Qualified,"July 13, 2026",Candidate Filing Application,https://www.portland.gov/auditor/elections/documents/zimmerman-eric-aud-120redacted/download,5,,"Last name
Zimmerman"
2026,4,Eric Zimmerman,2026|4|eric zimmerman,Qualified,"July 13, 2026",Candidate Filing Application,https://www.portland.gov/auditor/elections/documents/zimmerman-eric-aud-120redacted/download,6,Respondent skipped this question,"Suffix
1 / 8
2026 Candidate Filing Application - AUD 120 Form"
2026,4,Eric Zimmerman,2026|4|eric zimmerman,Qualified,"July 13, 2026",Candidate Filing Application,https://www.portland.gov/auditor/elections/documents/zimmerman-eric-aud-120redacted/download,7,,"Name should appear on the ballot as follows (nickname or shortened version of name may be added in parentheses):
Eric Zimmerman"
2026,4,Eric Zimmerman,2026|4|eric zimmerman,Qualified,"July 13, 2026",Candidate Filing Application,https://www.portland.gov/auditor/elections/documents/zimmerman-eric-aud-120redacted/download,8,Respondent skipped this question,"Optional: How your name should be pronounced (phonetic
spelling):
Page 4: Certification Requirement for Auditor Candidates"
2026,4,Eric Zimmerman,2026|4|eric zimmerman,Qualified,"July 13, 2026",Candidate Filing Application,https://www.portland.gov/auditor/elections/documents/zimmerman-eric-aud-120redacted/download,9,Respondent skipped this question,Select one:
2026,4,Eric Zimmerman,2026|4|eric zimmerman,Qualified,"July 13, 2026",Candidate Filing Application,https://www.portland.gov/auditor/elections/documents/zimmerman-eric-aud-120redacted/download,10,Respondent skipped this question,"Acknowledgment:
Page 5: Auditor Certification Proof"
2026,4,Eric Zimmerman,2026|4|eric zimmerman,Qualified,"July 13, 2026",Candidate Filing Application,https://www.portland.gov/auditor/elections/documents/zimmerman-eric-aud-120redacted/download,11,Respondent skipped this question,"City Auditor candidate applicants may upload proof of
certification below if not submitting certification by email or
in person.
Page 6: Candidate residence address"
2026,4,Eric Zimmerman,2026|4|eric zimmerman,Qualified,"July 13, 2026",Candidate Filing Application,https://www.portland.gov/auditor/elections/documents/zimmerman-eric-aud-120redacted/download,12,,"Candidate residence address
Street address
City
County
State
Zip code"
2026,4,Eric Zimmerman,2026|4|eric zimmerman,Qualified,"July 13, 2026",Candidate Filing Application,https://www.portland.gov/auditor/elections/documents/zimmerman-eric-aud-120redacted/download,13,Yes,"Have you resided at this address since November 3,
2025?
2 / 8
2026 Candidate Filing Application - AUD 120 Form"
2026,4,Eric Zimmerman,2026|4|eric zimmerman,Qualified,"July 13, 2026",Candidate Filing Application,https://www.portland.gov/auditor/elections/documents/zimmerman-eric-aud-120redacted/download,14,Respondent skipped this question,"If you answered “No” to the question above, list the
address(es) where you have resided since November 3,
2025:"
2026,4,Eric Zimmerman,2026|4|eric zimmerman,Qualified,"July 13, 2026",Candidate Filing Application,https://www.portland.gov/auditor/elections/documents/zimmerman-eric-aud-120redacted/download,15,No,"Candidate mailing address and residence address are the
same.
Page 7: Candidate mailing address"
2026,4,Eric Zimmerman,2026|4|eric zimmerman,Qualified,"July 13, 2026",Candidate Filing Application,https://www.portland.gov/auditor/elections/documents/zimmerman-eric-aud-120redacted/download,16,,"Candidate mailing address
Street address P.O. Box 42307
City Portland
County Multnomah
State OR
Zip code 97242
Page 8: Candidate contact information"
2026,4,Eric Zimmerman,2026|4|eric zimmerman,Qualified,"July 13, 2026",Candidate Filing Application,https://www.portland.gov/auditor/elections/documents/zimmerman-eric-aud-120redacted/download,17,I prefer contact by phone as my primary contact method,"instead of email.
Outgoing communications from Portland City Elections to
candidates or interested parties will be primarily by email,
unless contact by phone is selected by checking the box
below."
2026,4,Eric Zimmerman,2026|4|eric zimmerman,Qualified,"July 13, 2026",Candidate Filing Application,https://www.portland.gov/auditor/elections/documents/zimmerman-eric-aud-120redacted/download,18,,"At least one email or phone number is required.
Primary email address (e.g., campaign email): ez4pdx@gmail.com
Primary phone number:"
2026,4,Eric Zimmerman,2026|4|eric zimmerman,Qualified,"July 13, 2026",Candidate Filing Application,https://www.portland.gov/auditor/elections/documents/zimmerman-eric-aud-120redacted/download,19,,"Alternate email address (e.g., personal email)
info@ez4pdx.com
3 / 8
2026 Candidate Filing Application - AUD 120 Form"
2026,4,Eric Zimmerman,2026|4|eric zimmerman,Qualified,"July 13, 2026",Candidate Filing Application,https://www.portland.gov/auditor/elections/documents/zimmerman-eric-aud-120redacted/download,20,Respondent skipped this question,Alternate phone number
2026,4,Eric Zimmerman,2026|4|eric zimmerman,Qualified,"July 13, 2026",Candidate Filing Application,https://www.portland.gov/auditor/elections/documents/zimmerman-eric-aud-120redacted/download,21,,"Campaign phone number
971-910-0482"
2026,4,Eric Zimmerman,2026|4|eric zimmerman,Qualified,"July 13, 2026",Candidate Filing Application,https://www.portland.gov/auditor/elections/documents/zimmerman-eric-aud-120redacted/download,22,,"Campaign website (if applicable)
www.ez4pdx.com
Page 9: Race and ethnicity (optional) - Tribe or Native Corporation"
2026,4,Eric Zimmerman,2026|4|eric zimmerman,Qualified,"July 13, 2026",Candidate Filing Application,https://www.portland.gov/auditor/elections/documents/zimmerman-eric-aud-120redacted/download,23,Respondent skipped this question,"Please provide your Tribe or Native Corporation, if desired:
Page 10: Race and ethnicity (optional)"
2026,4,Eric Zimmerman,2026|4|eric zimmerman,Qualified,"July 13, 2026",Candidate Filing Application,https://www.portland.gov/auditor/elections/documents/zimmerman-eric-aud-120redacted/download,24,White,"Race and ethnicity (check all that apply)
Page 11: Required background information"
2026,4,Eric Zimmerman,2026|4|eric zimmerman,Qualified,"July 13, 2026",Candidate Filing Application,https://www.portland.gov/auditor/elections/documents/zimmerman-eric-aud-120redacted/download,25,,"Occupation (present employment, paid or unpaid). If not employed, enter ""Not Employed.""
City Councilor"
2026,4,Eric Zimmerman,2026|4|eric zimmerman,Qualified,"July 13, 2026",Candidate Filing Application,https://www.portland.gov/auditor/elections/documents/zimmerman-eric-aud-120redacted/download,26,,"Occupational background (previous employment, paid or unpaid). If no relevant experience, ""None"" or ""NA"" must be
entered.
Chief of Staff, Multnomah County; Senior Advisor, City of Portland; Deputy City Manager, City of Medford; Assistant City Manager,
City of Tigard; Chief of Staff, Multnomah County; Property Appraiser, Multnomah County; Oregon Army National Guard/U.S. Army.
4 / 8
2026 Candidate Filing Application - AUD 120 Form"
2026,4,Eric Zimmerman,2026|4|eric zimmerman,Qualified,"July 13, 2026",Candidate Filing Application,https://www.portland.gov/auditor/elections/documents/zimmerman-eric-aud-120redacted/download,27,,"Prior governmental experience (elected or appointed). If no relevant experience, ""None"" or ""NA” must be entered.
Chief of Staff, Multnomah County; Senior Advisor, City of Portland; Deputy Chief for the Office of Defense Cooperation, U.S. Embassy
Dhaka; Deputy City Manager, City of Medford; Assistant City Manager, City of Tigard; Chief of Staff, Multnomah County; Property
Appraiser, Multnomah County; Oregon Army National Guard/U.S. Army.
Page 12: Educational background"
2026,4,Eric Zimmerman,2026|4|eric zimmerman,Qualified,"July 13, 2026",Candidate Filing Application,https://www.portland.gov/auditor/elections/documents/zimmerman-eric-aud-120redacted/download,28,,"School attended:
Complete name of school Command and General Staff College, U.S. Army
Last grade completed NA
Diploma/Degree/Certificate Certificate
Course of study (optional) Core and Advanced Operations"
2026,4,Eric Zimmerman,2026|4|eric zimmerman,Qualified,"July 13, 2026",Candidate Filing Application,https://www.portland.gov/auditor/elections/documents/zimmerman-eric-aud-120redacted/download,29,,"School attended:
Complete name of school University of Portland
Last grade completed Master
Diploma/Degree/Certificate MBA
Course of study (optional) Non-Profit Business Administration"
2026,4,Eric Zimmerman,2026|4|eric zimmerman,Qualified,"July 13, 2026",Candidate Filing Application,https://www.portland.gov/auditor/elections/documents/zimmerman-eric-aud-120redacted/download,30,,"School attended:
Complete name of school University of Portland
Last grade completed 16
Diploma/Degree/Certificate B.S.
Course of study (optional) Organzational Communication
5 / 8
2026 Candidate Filing Application - AUD 120 Form"
2026,4,Eric Zimmerman,2026|4|eric zimmerman,Qualified,"July 13, 2026",Candidate Filing Application,https://www.portland.gov/auditor/elections/documents/zimmerman-eric-aud-120redacted/download,31,,"School attended:
Complete name of school Clackamas High School
Last grade completed 12
Diploma/Degree/Certificate Diploma
Course of study (optional) General"
2026,4,Eric Zimmerman,2026|4|eric zimmerman,Qualified,"July 13, 2026",Candidate Filing Application,https://www.portland.gov/auditor/elections/documents/zimmerman-eric-aud-120redacted/download,32,No,Do you have additional schools to add?
2026,4,Eric Zimmerman,2026|4|eric zimmerman,Qualified,"July 13, 2026",Candidate Filing Application,https://www.portland.gov/auditor/elections/documents/zimmerman-eric-aud-120redacted/download,33,Respondent skipped this question,"Educational background (other)
Page 13: Educational background (additional schools)"
2026,4,Eric Zimmerman,2026|4|eric zimmerman,Qualified,"July 13, 2026",Candidate Filing Application,https://www.portland.gov/auditor/elections/documents/zimmerman-eric-aud-120redacted/download,34,Respondent skipped this question,School attended
2026,4,Eric Zimmerman,2026|4|eric zimmerman,Qualified,"July 13, 2026",Candidate Filing Application,https://www.portland.gov/auditor/elections/documents/zimmerman-eric-aud-120redacted/download,35,Respondent skipped this question,School attended:
2026,4,Eric Zimmerman,2026|4|eric zimmerman,Qualified,"July 13, 2026",Candidate Filing Application,https://www.portland.gov/auditor/elections/documents/zimmerman-eric-aud-120redacted/download,36,Respondent skipped this question,School attended:
2026,4,Eric Zimmerman,2026|4|eric zimmerman,Qualified,"July 13, 2026",Candidate Filing Application,https://www.portland.gov/auditor/elections/documents/zimmerman-eric-aud-120redacted/download,37,Respondent skipped this question,School attended
2026,4,Eric Zimmerman,2026|4|eric zimmerman,Qualified,"July 13, 2026",Candidate Filing Application,https://www.portland.gov/auditor/elections/documents/zimmerman-eric-aud-120redacted/download,38,Respondent skipped this question,School attended
2026,4,Eric Zimmerman,2026|4|eric zimmerman,Qualified,"July 13, 2026",Candidate Filing Application,https://www.portland.gov/auditor/elections/documents/zimmerman-eric-aud-120redacted/download,39,Respondent skipped this question,"School attended
Page 15: Small Donor Elections program
6 / 8
2026 Candidate Filing Application - AUD 120 Form"
2026,4,Eric Zimmerman,2026|4|eric zimmerman,Qualified,"July 13, 2026",Candidate Filing Application,https://www.portland.gov/auditor/elections/documents/zimmerman-eric-aud-120redacted/download,40,I have filed a Notice of Intent to participate in the City’s,"public funding program.
Select one:
Page 16: Candidate committee"
2026,4,Eric Zimmerman,2026|4|eric zimmerman,Qualified,"July 13, 2026",Candidate Filing Application,https://www.portland.gov/auditor/elections/documents/zimmerman-eric-aud-120redacted/download,41,I have a candidate committee registered with the Oregon,"Secretary of State in ORESTAR. Name of candidate
Select one:
committee as registered in ORESTAR::
Friends of Eric Zimmerman
Page 17: Filing Method"
2026,4,Eric Zimmerman,2026|4|eric zimmerman,Qualified,"July 13, 2026",Candidate Filing Application,https://www.portland.gov/auditor/elections/documents/zimmerman-eric-aud-120redacted/download,42,Declaration with Fee ($500 for Auditor; $250 for,"Councilor)
I am filing by:
Page 18: Filing by Declaration of Candidacy with Fee"
2026,4,Eric Zimmerman,2026|4|eric zimmerman,Qualified,"July 13, 2026",Candidate Filing Application,https://www.portland.gov/auditor/elections/documents/zimmerman-eric-aud-120redacted/download,43,I am filing this Candidate Filing Application along with,"the required filing fee pursuant to City Code Section
Acknowledgement:
2.08.060 (Candidacy by Declaration). I understand that
my filing for candidacy is not complete until I have
submitted a completed Candidate Filing Application
and paid the filing fee."
2026,4,Eric Zimmerman,2026|4|eric zimmerman,Qualified,"July 13, 2026",Candidate Filing Application,https://www.portland.gov/auditor/elections/documents/zimmerman-eric-aud-120redacted/download,44,Paying through the online payment portal,"(portlandoregon.gov/auditor/candidatefilingfee/).
I am including the required fee by the following method:
Page 19: Filing by Declaration of Candidacy with Fee Waiver"
2026,4,Eric Zimmerman,2026|4|eric zimmerman,Qualified,"July 13, 2026",Candidate Filing Application,https://www.portland.gov/auditor/elections/documents/zimmerman-eric-aud-120redacted/download,45,Respondent skipped this question,"Acknowledgment:
Page 20: Filing by Nominating Petition"
2026,4,Eric Zimmerman,2026|4|eric zimmerman,Qualified,"July 13, 2026",Candidate Filing Application,https://www.portland.gov/auditor/elections/documents/zimmerman-eric-aud-120redacted/download,46,Respondent skipped this question,Some circulators may be paid:
2026,4,Eric Zimmerman,2026|4|eric zimmerman,Qualified,"July 13, 2026",Candidate Filing Application,https://www.portland.gov/auditor/elections/documents/zimmerman-eric-aud-120redacted/download,47,Respondent skipped this question,"Acknowledgment:
7 / 8
2026 Candidate Filing Application - AUD 120 Form"
2026,4,Eric Zimmerman,2026|4|eric zimmerman,Qualified,"July 13, 2026",Candidate Filing Application,https://www.portland.gov/auditor/elections/documents/zimmerman-eric-aud-120redacted/download,48,Respondent skipped this question,"A proposed signature sheet (SEL 121 Form) must be
submitted for review and approved in writing prior to
circulating for signatures.
Page 21: Residence address exemption"
2026,4,Eric Zimmerman,2026|4|eric zimmerman,Qualified,"July 13, 2026",Candidate Filing Application,https://www.portland.gov/auditor/elections/documents/zimmerman-eric-aud-120redacted/download,49,I don’t want my residence address to be publicly,"disclosed. I will be filing a separate Residence Address
Candidates must disclose their residence address as part
Exemption Request (SEL 180 Form) with the Secretary
of their declaration of candidacy. Candidate declarations
are publicly disclosed online. Candidates have the option of State. I understand I should file my request within
to request their residence address be exempt from five (5) business days to avoid the potential publication
disclosure by filing a separate Residence Address of my residence address.
Exemption Request with the Oregon Secretary of State.
The exemption request must include a publicly disclosable
mailing address. Even if exemption requests are granted,
residence addresses are still subject to in-person
inspection as a public record under ORS 192.311 to
192.478. An Address Exemption Request must be filed
within five (5) business days of filing this Candidate Filing
Application (AUD 120 Form) to avoid potential public
posting of a residence address.
Page 22: Candidate attestation and filing submission"
2026,4,Eric Zimmerman,2026|4|eric zimmerman,Qualified,"July 13, 2026",Candidate Filing Application,https://www.portland.gov/auditor/elections/documents/zimmerman-eric-aud-120redacted/download,50,"By checking this box, I am attaching my electronic","signature to this online Candidate Filing Application
Candidate signature
(AUD 120 Form).
8 / 8"
