year,district,candidate_a,candidate_b,boost_a_given_b,boost_b_given_a,boost_mean,boost_asymmetry
2024,1,Candace Avalos,Steph Routh,0.18339325421766595,0.16834589824444657,0.17586957623105626,0.015047355973219378
2024,1,Candace Avalos,Jamie Dunphy,0.1710756386205745,0.14190358132312447,0.1564896099718495,0.029172057297450038
2024,1,Candace Avalos,Loretta Smith,-0.004048420399824004,-0.0032697171810497916,-0.003659068790436898,-0.0007787032187742127
2024,1,Candace Avalos,Timur Ender,0.20014428893403402,0.15152613386850255,0.1758352114012683,0.048618155065531465
2024,1,Candace Avalos,Terrence Hayes,-0.047234062739997584,-0.033870134269077146,-0.040552098504537365,-0.013363928470920439
2024,1,Candace Avalos,Noah Ernst,-0.1767278097572738,-0.0921140234446903,-0.13442091660098204,-0.08461378631258351
2024,1,Candace Avalos,David Linn,0.06243643634303986,0.026144398996834045,0.04429041766993695,0.03629203734620581
2024,1,Candace Avalos,Cayle Tern,0.23581926073016835,0.09596076352791377,0.16589001212904106,0.13985849720225457
2024,1,Candace Avalos,Doug Clove,-0.2687698193001972,-0.0916499410763191,-0.18020988018825818,-0.17711987822387812
2024,1,Candace Avalos,Deian Salazar,-0.0653855133147137,-0.015451500923430339,-0.04041850711907202,-0.04993401239128337
2024,1,Candace Avalos,Michael (Mike) Sands,-0.11716290896069342,-0.0273399413912859,-0.07225142517598966,-0.08982296756940752
2024,1,Candace Avalos,Joe Allen,-0.19790195452007353,-0.04403845083068955,-0.12097020267538154,-0.15386350368938398
2024,1,Candace Avalos,Joe Furi,-0.2238179999113964,-0.04090983336953265,-0.1323639166404645,-0.18290816654186376
2024,1,Candace Avalos,Peggy Sue Owens,-0.024176992800758912,-0.004200870577362736,-0.014188931689060824,-0.019976122223396175
2024,1,Candace Avalos,Thomas Shervey,-0.15726251838585503,-0.02476847586020539,-0.09101549712303021,-0.13249404252564964
2024,1,Candace Avalos,Uncertified Write In,-0.27833785272051825,-0.008037510185444524,-0.14318768145298139,-0.27030034253507373
2024,1,Steph Routh,Jamie Dunphy,0.22462851340943168,0.20297889641253436,0.21380370491098302,0.021649616996897325
2024,1,Steph Routh,Loretta Smith,0.01960650142308079,0.017250651741325063,0.018428576582202927,0.0023558496817557284
2024,1,Steph Routh,Timur Ender,0.15686657209292976,0.12937654952752498,0.14312156081022737,0.02749002256540478
2024,1,Steph Routh,Terrence Hayes,-0.021527718605238277,-0.0168166870337495,-0.01917220281949389,-0.004711031571488777
2024,1,Steph Routh,Noah Ernst,-0.13936749112157798,-0.07913400694506034,-0.10925074903331916,-0.06023348417651764
2024,1,Steph Routh,David Linn,0.08188663393230577,0.037353765889668294,0.059620199910987035,0.04453286804263748
2024,1,Steph Routh,Cayle Tern,0.08132699456348425,0.03605204979157198,0.05868952217752811,0.04527494477191227
2024,1,Steph Routh,Doug Clove,-0.20073545025042633,-0.07456870223833108,-0.1376520762443787,-0.12616674801209526
2024,1,Steph Routh,Deian Salazar,-0.10410718689617865,-0.02680097932718649,-0.06545408311168258,-0.07730620756899216
2024,1,Steph Routh,Michael (Mike) Sands,-0.08339965202372607,-0.021200811737538197,-0.05230023188063213,-0.06219884028618787
2024,1,Steph Routh,Joe Allen,-0.177081899254189,-0.042927632622529674,-0.11000476593835934,-0.1341542666316593
2024,1,Steph Routh,Joe Furi,-0.21387991183423993,-0.042587634107894165,-0.12823377297106706,-0.17129227772634575
2024,1,Steph Routh,Peggy Sue Owens,-0.19014180073505366,-0.035991126567706574,-0.11306646365138012,-0.15415067416734707
2024,1,Steph Routh,Thomas Shervey,-0.07016383398642556,-0.012038383844931236,-0.0411011089156784,-0.058125450141494325
2024,1,Steph Routh,Uncertified Write In,-0.2652706210787594,-0.008344863471313226,-0.13680774227503634,-0.2569257576074462
2024,1,Jamie Dunphy,Loretta Smith,-0.004503967241872908,-0.004385454622514551,-0.0044447109321937295,-0.00011851261935835744
2024,1,Jamie Dunphy,Timur Ender,0.11615329618185194,0.10601582387837893,0.11108456003011544,0.010137472303473005
2024,1,Jamie Dunphy,Terrence Hayes,-0.04371644955358922,-0.03779212506887708,-0.04075428731123315,-0.00592432448471214
2024,1,Jamie Dunphy,Noah Ernst,-0.11288836874790459,-0.0709357015532312,-0.0919120351505679,-0.04195266719467339
2024,1,Jamie Dunphy,David Linn,0.09276765777663826,0.046830841424438246,0.06979924960053825,0.04593681635220001
2024,1,Jamie Dunphy,Cayle Tern,0.06260603005403487,0.03071322351486791,0.04665962678445139,0.03189280653916696
2024,1,Jamie Dunphy,Doug Clove,-0.17559228087172396,-0.07218582504921496,-0.12388905296046945,-0.103406455822509
2024,1,Jamie Dunphy,Deian Salazar,-0.09749403248505206,-0.027775506168724637,-0.06263476932688836,-0.06971852631632743
2024,1,Jamie Dunphy,Michael (Mike) Sands,-0.05245939045271947,-0.014757931391030349,-0.03360866092187491,-0.03770145906168912
2024,1,Jamie Dunphy,Joe Allen,-0.130121008603451,-0.03490793706714129,-0.08251447283529614,-0.0952130715363097
2024,1,Jamie Dunphy,Joe Furi,-0.16891090390192348,-0.03722075684249208,-0.10306583037220778,-0.1316901470594314
2024,1,Jamie Dunphy,Peggy Sue Owens,-0.091721653748083,-0.019213377279444124,-0.05546751551376356,-0.07250827646863887
2024,1,Jamie Dunphy,Thomas Shervey,-0.03732864896637511,-0.007087794906609504,-0.022208221936492308,-0.030240854059765607
2024,1,Jamie Dunphy,Uncertified Write In,-0.22242923207032939,-0.007743475702285966,-0.11508635388630768,-0.2146857563680434
2024,1,Loretta Smith,Timur Ender,-0.04234071684244095,-0.03968971333017507,-0.04101521508630801,-0.0026510035122658815
2024,1,Loretta Smith,Terrence Hayes,0.1528143486126976,0.13567541727640925,0.14424488294455343,0.017138931336288354
2024,1,Loretta Smith,Noah Ernst,0.01140678024358771,0.007361381867608985,0.009384081055598348,0.004045398375978726
2024,1,Loretta Smith,David Linn,-0.017839379581582937,-0.009249019974348266,-0.013544199777965601,-0.008590359607234671
2024,1,Loretta Smith,Cayle Tern,-0.0700814737892439,-0.035309621552732345,-0.05269554767098812,-0.03477185223651155
2024,1,Loretta Smith,Doug Clove,-0.018332069031206433,-0.0077399577487739235,-0.013036013389990178,-0.01059211128243251
2024,1,Loretta Smith,Deian Salazar,0.05428319909743812,0.015882906675418126,0.03508305288642812,0.03840029242201999
2024,1,Loretta Smith,Michael (Mike) Sands,-0.009175403827537898,-0.0026509896734812632,-0.005913196750509581,-0.006524414154056635
2024,1,Loretta Smith,Joe Allen,-0.05884521892243744,-0.016213192824770767,-0.0375292058736041,-0.04263202609766667
2024,1,Loretta Smith,Joe Furi,0.02571781397561057,0.00582025705520102,0.015769035515405795,0.01989755692040955
2024,1,Loretta Smith,Peggy Sue Owens,0.10906932027878402,0.02346470196611518,0.06626701112244959,0.08560461831266884
2024,1,Loretta Smith,Thomas Shervey,-0.09442687383374787,-0.018413870470137553,-0.05642037215194271,-0.07601300336361032
2024,1,Loretta Smith,Uncertified Write In,-0.0960073609377447,-0.00343264752463133,-0.04972000423118802,-0.09257471341311337
2024,1,Timur Ender,Terrence Hayes,-0.04006028552010327,-0.03794296944474368,-0.03900162748242347,-0.0021173160753595877
2024,1,Timur Ender,Noah Ernst,-0.14344159602307596,-0.09875330190080789,-0.12109744896194193,-0.044688294122268074
2024,1,Timur Ender,David Linn,0.06709127011895782,0.037107545532635094,0.05209940782579646,0.02998372458632273
2024,1,Timur Ender,Cayle Tern,0.2156470026058238,0.11590802530616734,0.16577751395599558,0.09973897729965647
2024,1,Timur Ender,Doug Clove,-0.15419023603018955,-0.06944871646560859,-0.11181947624789906,-0.08474151956458097
2024,1,Timur Ender,Deian Salazar,-0.09200992261963514,-0.028719670946999648,-0.060364796783317395,-0.0632902516726355
2024,1,Timur Ender,Michael (Mike) Sands,-0.04603604393214372,-0.014189303848108847,-0.030112673890126285,-0.031846740084034875
2024,1,Timur Ender,Joe Allen,-0.08908895508245807,-0.026185536388277364,-0.057637245735367715,-0.0629034186941807
2024,1,Timur Ender,Joe Furi,-0.14900014597245825,-0.035972867131801235,-0.09248650655212974,-0.11302727884065703
2024,1,Timur Ender,Peggy Sue Owens,-0.17947586711760302,-0.04119065902704983,-0.11033326307232642,-0.1382852080905532
2024,1,Timur Ender,Thomas Shervey,-0.10466046450702826,-0.021772704296247967,-0.06321658440163812,-0.08288776021078029
2024,1,Timur Ender,Uncertified Write In,-0.23770519486413233,-0.009066582055856986,-0.12338588845999465,-0.22863861280827535
2024,1,Terrence Hayes,Noah Ernst,0.09895119637091365,0.07192506952344363,0.08543813294717864,0.027026126847470022
2024,1,Terrence Hayes,David Linn,-0.05187233955515541,-0.030291081230805372,-0.04108171039298039,-0.02158125832435004
2024,1,Terrence Hayes,Cayle Tern,-0.07302783452700623,-0.04144204976822216,-0.057234942147614196,-0.03158578475878407
2024,1,Terrence Hayes,Doug Clove,0.07981574916572665,0.03795584539458646,0.058885797280156554,0.04185990377114018
2024,1,Terrence Hayes,Deian Salazar,0.10855290895447162,0.03577412205914886,0.07216351550681024,0.07277878689532276
2024,1,Terrence Hayes,Michael (Mike) Sands,-0.003505265783924627,-0.0011406877317763214,-0.0023229767578504742,-0.0023645780521483056
2024,1,Terrence Hayes,Joe Allen,-0.03621687581694699,-0.011239094361681745,-0.02372798508931437,-0.024977781455265247
2024,1,Terrence Hayes,Joe Furi,0.06318362550080964,0.016105552438673204,0.03964458896974142,0.04707807306213643
2024,1,Terrence Hayes,Peggy Sue Owens,-0.08399628309031631,-0.020353329947794443,-0.05217480651905538,-0.06364295314252187
2024,1,Terrence Hayes,Thomas Shervey,0.013071774790156532,0.002871091262546435,0.007971433026351483,0.010200683527610097
2024,1,Terrence Hayes,Uncertified Write In,-0.08628427871048494,-0.0034747160525359696,-0.04487949738151045,-0.08280956265794898
2024,1,Noah Ernst,David Linn,0.03601617258868084,0.028934584974742356,0.0324753787817116,0.007081587613938484
2024,1,Noah Ernst,Cayle Tern,-0.11621080173298504,-0.09072773345705475,-0.1034692675950199,-0.02548306827593029
2024,1,Noah Ernst,Doug Clove,0.20155796317985902,0.13186538121873767,0.16671167219929833,0.06969258196112135
2024,1,Noah Ernst,Deian Salazar,0.047600896260063585,0.021581588499091378,0.03459124237957748,0.026019307760972207
2024,1,Noah Ernst,Michael (Mike) Sands,-0.010711435917218681,-0.004795504138020712,-0.007753470027619697,-0.005915931779197969
2024,1,Noah Ernst,Joe Allen,0.11757551772017533,0.05019702656414515,0.08388627214216024,0.06737849115603017
2024,1,Noah Ernst,Joe Furi,0.18849462506713333,0.06610142374833985,0.12729802440773658,0.12239320131879347
2024,1,Noah Ernst,Peggy Sue Owens,0.03504462909969097,0.011682549542194068,0.02336358932094252,0.023362079557496904
2024,1,Noah Ernst,Thomas Shervey,0.031533503435352994,0.00952851943372246,0.020531011434537727,0.022004984001630534
2024,1,Noah Ernst,Uncertified Write In,-0.028106381425008486,-0.0015571603701775346,-0.014831770897593011,-0.02654922105483095
2024,1,David Linn,Cayle Tern,0.08931972459832074,0.0868003029370854,0.08806001376770307,0.002519421661235338
2024,1,David Linn,Doug Clove,0.00587394605354874,0.004783448346696223,0.005328697200122481,0.0010904977068525168
2024,1,David Linn,Deian Salazar,-0.010344106311491907,-0.005837697062534369,-0.008090901687013138,-0.004506409248957538
2024,1,David Linn,Michael (Mike) Sands,0.08139407839861315,0.045358604821878354,0.06337634161024575,0.0360354735767348
2024,1,David Linn,Joe Allen,0.06323686051230923,0.03360560315728145,0.04842123183479534,0.02963125735502778
2024,1,David Linn,Joe Furi,0.016416955569296315,0.007166131399296005,0.01179154348429616,0.00925082417000031
2024,1,David Linn,Peggy Sue Owens,0.06733844262415115,0.02794213154363373,0.04764028708389244,0.039396311080517415
2024,1,David Linn,Thomas Shervey,0.07506806332220048,0.02823505985317,0.05165156158768524,0.04683300346903048
2024,1,David Linn,Uncertified Write In,-0.1288427109967466,-0.0088852277103076,-0.0688639693535271,-0.119957483286439
2024,1,Cayle Tern,Doug Clove,-0.08887376250387062,-0.07447505558899566,-0.08167440904643314,-0.014398706914874965
2024,1,Cayle Tern,Deian Salazar,0.03113835331846529,0.01808299472042428,0.024610674019444785,0.013055358598041009
2024,1,Cayle Tern,Michael (Mike) Sands,0.016705050971163676,0.009579455341150692,0.013142253156157184,0.007125595630012985
2024,1,Cayle Tern,Joe Allen,-0.023867608739908036,-0.0130519811617089,-0.01845979495080847,-0.010815627578199136
2024,1,Cayle Tern,Joe Furi,-0.021920105783323346,-0.00984602478072244,-0.015883065282022893,-0.012074081002600906
2024,1,Cayle Tern,Peggy Sue Owens,0.017386281597501885,0.007423852058352803,0.012405066827927344,0.009962429539149081
2024,1,Cayle Tern,Thomas Shervey,-0.020878804742022306,-0.008081003005217108,-0.014479903873619707,-0.012797801736805198
2024,1,Cayle Tern,Uncertified Write In,-0.10871113829752847,-0.007714519581206358,-0.05821282893936742,-0.10099661871632211
2024,1,Doug Clove,Deian Salazar,0.11308110909589633,0.07836596813678472,0.09572353861634053,0.034715140959111615
2024,1,Doug Clove,Michael (Mike) Sands,0.08693653511872065,0.05949193157867409,0.07321423334869737,0.02744460354004656
2024,1,Doug Clove,Joe Allen,0.17969856816595328,0.11726674637986284,0.14848265727290805,0.06243182178609044
2024,1,Doug Clove,Joe Furi,0.2631821067453546,0.14107087771020588,0.20212649222778023,0.1221112290351487
2024,1,Doug Clove,Peggy Sue Owens,0.03043443626183509,0.015507814289087318,0.022971125275461204,0.014926621972747772
2024,1,Doug Clove,Thomas Shervey,0.15450973579753455,0.0713638408326029,0.11293678831506873,0.08314589496493165
2024,1,Doug Clove,Uncertified Write In,0.02661977033853921,0.0022542489566285684,0.01443700964758389,0.024365521381910643
2024,1,Deian Salazar,Michael (Mike) Sands,0.023718500507520016,0.023421005062157732,0.023569752784838874,0.00029749544536228356
2024,1,Deian Salazar,Joe Allen,0.05465625515694762,0.05146745425744498,0.0530618547071963,0.0031888008995026446
2024,1,Deian Salazar,Joe Furi,0.090527499302662,0.07002031968107836,0.08027390949187019,0.020507179621583646
2024,1,Deian Salazar,Peggy Sue Owens,0.07240054930701208,0.05323407929852332,0.0628173143027677,0.019166470008488756
2024,1,Deian Salazar,Thomas Shervey,0.05633011660228528,0.03754270599091876,0.04693641129660202,0.018787410611366517
2024,1,Deian Salazar,Uncertified Write In,-0.0372037665312477,-0.004546184317672418,-0.020874975424460058,-0.03265758221357528
2024,1,Michael (Mike) Sands,Joe Allen,0.127436927919374,0.1215261697152614,0.1244815488173177,0.005910758204112604
2024,1,Michael (Mike) Sands,Joe Furi,0.06184587130914483,0.04844355200697065,0.05514471165805774,0.013402319302174184
2024,1,Michael (Mike) Sands,Peggy Sue Owens,0.09797727045424261,0.07295497678742587,0.08546612362083424,0.02502229366681674
2024,1,Michael (Mike) Sands,Thomas Shervey,0.1240230263006711,0.08370838207014118,0.10386570418540614,0.04031464423052991
2024,1,Michael (Mike) Sands,Uncertified Write In,-0.051216363837071635,-0.006337975740422837,-0.028777169788747236,-0.0448783880966488
2024,1,Joe Allen,Joe Furi,0.14240596195764027,0.1169711937775168,0.12968857786757854,0.025434768180123468
2024,1,Joe Allen,Peggy Sue Owens,0.17054114853169994,0.13316320962041311,0.15185217907605653,0.03737793891128682
2024,1,Joe Allen,Thomas Shervey,0.15188577383266172,0.10750018341698177,0.12969297862482174,0.04438559041567995
2024,1,Joe Allen,Uncertified Write In,-0.02693232868702676,-0.003494952037489042,-0.015213640362257901,-0.023437376649537718
2024,1,Joe Furi,Peggy Sue Owens,0.0572997491214379,0.05446995807146025,0.055884853596449076,0.002829791049977645
2024,1,Joe Furi,Thomas Shervey,0.09867680374829171,0.08502691664502678,0.09185186019665925,0.013649887103264938
2024,1,Joe Furi,Uncertified Write In,0.010818306124565594,0.0017091328840529926,0.006263719504309293,0.009109173240512601
2024,1,Peggy Sue Owens,Thomas Shervey,0.03264957637083904,0.029594743947410823,0.03112216015912493,0.0030548324234282165
2024,1,Peggy Sue Owens,Uncertified Write In,-0.020263038745517895,-0.0033675714431036473,-0.011815305094310771,-0.016895467302414247
2024,1,Thomas Shervey,Uncertified Write In,-0.01959515205169198,-0.003592723914809793,-0.011593937983250887,-0.01600242813688219
2024,2,Elana Pirtle-Guiney,Dan Ryan,0.08195407593156068,0.08159055837752777,0.08177231715454422,0.00036351755403291053
2024,2,Elana Pirtle-Guiney,Michelle DePass,0.1317282556599545,0.12536249193365345,0.12854537379680397,0.006365763726301044
2024,2,Elana Pirtle-Guiney,Sameer Kanal,-0.0016603410786013573,-0.0015101409693547008,-0.001585241023978029,-0.0001502001092466565
2024,2,Elana Pirtle-Guiney,Nat West,0.007278596857197894,0.006513524314895269,0.006896060586046582,0.000765072542302625
2024,2,Elana Pirtle-Guiney,Tiffani Penson,-0.02115342485639954,-0.018610174290029535,-0.019881799573214537,-0.0025432505663700034
2024,2,Elana Pirtle-Guiney,Jonathan Tasini,0.01250617603574844,0.00808003786131295,0.010293106948530695,0.00442613817443549
2024,2,Elana Pirtle-Guiney,Marnie Glickman,0.04177258512034321,0.02525517738190941,0.03351388125112631,0.016517407738433798
2024,2,Elana Pirtle-Guiney,Mariah Hudson,0.07633940401442996,0.044667952313917736,0.060503678164173846,0.03167145170051222
2024,2,Elana Pirtle-Guiney,Michael (Mike) Marshall,0.09724635970384377,0.044508343223855634,0.0708773514638497,0.05273801647998813
2024,2,Elana Pirtle-Guiney,James Armstrong,0.12162490347894706,0.04792875850880418,0.08477683099387562,0.07369614497014287
2024,2,Elana Pirtle-Guiney,Jennifer Park,-0.11008089125887272,-0.03573420784299347,-0.07290754955093309,-0.07434668341587924
2024,2,Elana Pirtle-Guiney,Bob Simril,-0.1808898539288904,-0.05839277355437682,-0.11964131374163361,-0.12249708037451358
2024,2,Elana Pirtle-Guiney,Debbie Kitchin,0.001839320907690123,0.00048779468918781765,0.0011635577984389703,0.0013515262185023053
2024,2,Elana Pirtle-Guiney,Chris Olson,-0.1394323649237722,-0.030553216651470927,-0.08499279078762156,-0.10887914827230127
2024,2,Elana Pirtle-Guiney,Nabil Zaghloul,-0.05952987292702444,-0.011260436451294861,-0.03539515468915965,-0.04826943647572958
2024,2,Elana Pirtle-Guiney,Laura Streib,-0.0984238194028198,-0.013924322296745367,-0.056174070849782584,-0.08449949710607443
2024,2,Elana Pirtle-Guiney,Liz Taylor,-0.15955364184899556,-0.02110589058309493,-0.09032976621604524,-0.13844775126590064
2024,2,Elana Pirtle-Guiney,Will Mespelt,-0.31514265915497214,-0.03571886565185922,-0.17543076240341568,-0.2794237935031129
2024,2,Elana Pirtle-Guiney,Reuben Berlin,-0.2247887814804229,-0.024822013222887834,-0.12480539735165536,-0.19996676825753507
2024,2,Elana Pirtle-Guiney,Sam Sachs,-0.2196291410681308,-0.018099471646328975,-0.11886430635722989,-0.20152966942180184
2024,2,Elana Pirtle-Guiney,Antonio Jamal PettyJohnBlue,-0.17129464112631648,-0.008152841125161146,-0.08972374112573882,-0.16314180000115533
2024,2,Elana Pirtle-Guiney,Uncertified Write In,-0.25023751962382934,-0.004067418537132979,-0.12715246908048117,-0.24617010108669637
2024,2,Dan Ryan,Michelle DePass,-0.016461185647043908,-0.015735496140268423,-0.016098340893656166,-0.0007256895067754843
2024,2,Dan Ryan,Sameer Kanal,-0.2314344283858249,-0.2114359322291415,-0.22143518030748321,-0.019998496156683393
2024,2,Dan Ryan,Nat West,-0.1124496917298678,-0.10107815237976686,-0.10676392205481733,-0.011371539350100934
2024,2,Dan Ryan,Tiffani Penson,0.03763627387726104,0.033258834120402925,0.03544755399883198,0.004377439756858115
2024,2,Dan Ryan,Jonathan Tasini,-0.19853194484353567,-0.12883976019568177,-0.1636858525196087,-0.0696921846478539
2024,2,Dan Ryan,Marnie Glickman,-0.19315285890671627,-0.11729806925868647,-0.15522546408270138,-0.0758547896480298
2024,2,Dan Ryan,Mariah Hudson,0.193515637344919,0.11373496436871178,0.1536253008568154,0.07978067297620722
2024,2,Dan Ryan,Michael (Mike) Marshall,0.15589833779134882,0.0716704634165645,0.11378440060395666,0.08422787437478432
2024,2,Dan Ryan,James Armstrong,0.22156588424494478,0.08770153889212493,0.15463371156853484,0.13386434535281985
2024,2,Dan Ryan,Jennifer Park,-0.28169951923772624,-0.09185207679682456,-0.1867757980172754,-0.18984744244090168
2024,2,Dan Ryan,Bob Simril,0.1320546625954912,0.04281828695132264,0.08743647477340692,0.08923637564416856
2024,2,Dan Ryan,Debbie Kitchin,-0.11359824031282839,-0.030260898345731757,-0.07192956932928007,-0.08333734196709663
2024,2,Dan Ryan,Chris Olson,-0.3002004033978775,-0.0660747106669792,-0.18313755703242834,-0.2341256927308983
2024,2,Dan Ryan,Nabil Zaghloul,0.021428102951943806,0.0040713144370529974,0.012749708694498402,0.01735678851489081
2024,2,Dan Ryan,Laura Streib,-0.10944885970575363,-0.015553056391531643,-0.06250095804864264,-0.09389580331422198
2024,2,Dan Ryan,Liz Taylor,-0.10419735424415516,-0.013844724082212316,-0.05902103916318374,-0.09035263016194284
2024,2,Dan Ryan,Will Mespelt,0.05654928619534527,0.006437959537540186,0.03149362286644273,0.050111326657805086
2024,2,Dan Ryan,Reuben Berlin,-0.03280820145388191,-0.0036389446096110126,-0.018223573031746463,-0.0291692568442709
2024,2,Dan Ryan,Sam Sachs,-0.023608140364697716,-0.00195419710370226,-0.012781168734199988,-0.021653943260995456
2024,2,Dan Ryan,Antonio Jamal PettyJohnBlue,-0.1987544295944408,-0.009501948489522013,-0.10412818904198141,-0.1892524811049188
2024,2,Dan Ryan,Uncertified Write In,-0.12977558941642664,-0.0021188006596596807,-0.06594719503804317,-0.12765678875676695
2024,2,Michelle DePass,Sameer Kanal,0.13395793490174002,0.12802652137303544,0.13099222813738773,0.005931413528704577
2024,2,Michelle DePass,Nat West,0.01165400070430428,0.010958591487740588,0.011306296096022433,0.0006954092165636916
2024,2,Michelle DePass,Tiffani Penson,-0.05959516429894529,-0.055092451039022494,-0.05734380766898389,-0.004502713259922797
2024,2,Michelle DePass,Jonathan Tasini,0.03229772448974538,0.02192664111992404,0.02711218280483471,0.010371083369821343
2024,2,Michelle DePass,Marnie Glickman,0.008355502298916462,0.005308147204371116,0.006831824751643789,0.0030473550945453454
2024,2,Michelle DePass,Mariah Hudson,-0.060743572596541895,-0.03734727628275669,-0.04904542443964929,-0.023396296313785203
2024,2,Michelle DePass,Michael (Mike) Marshall,-0.04362194646416895,-0.020978983452226985,-0.032300464958197966,-0.022642963011941963
2024,2,Michelle DePass,James Armstrong,0.05007815663845866,0.020736398480490192,0.035407277559474426,0.029341758157968467
2024,2,Michelle DePass,Jennifer Park,-0.05032258229584674,-0.017165105036765577,-0.03374384366630616,-0.033157477259081164
2024,2,Michelle DePass,Bob Simril,-0.2557026599738112,-0.08673441753435235,-0.17121853875408177,-0.16896824243945885
2024,2,Michelle DePass,Debbie Kitchin,-0.05988456697812239,-0.016688057914178087,-0.03828631244615024,-0.0431965090639443
2024,2,Michelle DePass,Chris Olson,-0.18255879276633144,-0.04203464905195581,-0.11229672090914362,-0.14052414371437563
2024,2,Michelle DePass,Nabil Zaghloul,-0.16981660113772362,-0.03375295009734834,-0.10178477561753599,-0.13606365104037527
2024,2,Michelle DePass,Laura Streib,-0.13347923938550393,-0.019842614759626002,-0.07666092707256497,-0.11363662462587792
2024,2,Michelle DePass,Liz Taylor,-0.1731670185538907,-0.02406985450462365,-0.09861843652925717,-0.14909716404926704
2024,2,Michelle DePass,Will Mespelt,-0.3127324504944624,-0.037245579471375315,-0.17498901498291886,-0.2754868710230871
2024,2,Michelle DePass,Reuben Berlin,-0.2672795380200186,-0.03101268771825556,-0.14914611286913707,-0.23626685030176303
2024,2,Michelle DePass,Sam Sachs,-0.19356300980220567,-0.016761374330964942,-0.10516219206658531,-0.17680163547124073
2024,2,Michelle DePass,Antonio Jamal PettyJohnBlue,-0.0008435585887301977,-4.2188276040074774e-05,-0.00044287343238513625,-0.000801370312690123
2024,2,Michelle DePass,Uncertified Write In,-0.19466347719887236,-0.003324774831343429,-0.0989941260151079,-0.19133870236752892
2024,2,Sameer Kanal,Nat West,0.1618502072782269,0.15924340530011893,0.16054680628917292,0.0026068019781079754
2024,2,Sameer Kanal,Tiffani Penson,-0.032653992230722295,-0.03158536183816146,-0.03211967703444188,-0.001068630392560832
2024,2,Sameer Kanal,Jonathan Tasini,0.2521871569856878,0.17913961934237455,0.21566338816403116,0.07304753764331323
2024,2,Sameer Kanal,Marnie Glickman,0.22076689244999875,0.146748218614575,0.18375755553228687,0.07401867383542376
2024,2,Sameer Kanal,Mariah Hudson,-0.21059863130475873,-0.13548232662640264,-0.17304047896558067,-0.07511630467835609
2024,2,Sameer Kanal,Michael (Mike) Marshall,-0.14617694320721414,-0.07355746846964664,-0.10986720583843039,-0.0726194747375675
2024,2,Sameer Kanal,James Armstrong,-0.2368199076011508,-0.10260575052123781,-0.1697128290611943,-0.13421415707991297
2024,2,Sameer Kanal,Jennifer Park,0.22441551842787827,0.08009491231364599,0.15225521537076214,0.14432060611423228
2024,2,Sameer Kanal,Bob Simril,-0.2246932315674896,-0.07974706518222438,-0.15222014837485698,-0.14494616638526522
2024,2,Sameer Kanal,Debbie Kitchin,0.05478122466638807,0.01597317023126718,0.03537719744882763,0.03880805443512089
2024,2,Sameer Kanal,Chris Olson,0.24886104894767308,0.05995564734818008,0.1544083481479266,0.18890540159949298
2024,2,Sameer Kanal,Nabil Zaghloul,-0.044652886751579746,-0.00928644802116721,-0.026969667386373478,-0.035366438730412536
2024,2,Sameer Kanal,Laura Streib,-0.10218164371552052,-0.015893756697023982,-0.05903770020627225,-0.08628788701849655
2024,2,Sameer Kanal,Liz Taylor,-0.15665797569683249,-0.02278396444538442,-0.08972097007110845,-0.13387401125144807
2024,2,Sameer Kanal,Will Mespelt,-0.24999058655625156,-0.031152574377068816,-0.14057158046666018,-0.21883801217918275
2024,2,Sameer Kanal,Reuben Berlin,-0.15686254785244585,-0.019044144028287188,-0.08795334594036652,-0.13781840382415866
2024,2,Sameer Kanal,Sam Sachs,-0.17272327649069608,-0.0156497219202299,-0.09418649920546299,-0.15707355457046618
2024,2,Sameer Kanal,Antonio Jamal PettyJohnBlue,-0.010945148054918308,-0.0005727520687105921,-0.00575895006181445,-0.010372395986207716
2024,2,Sameer Kanal,Uncertified Write In,-0.17594838977971403,-0.0031443548866562088,-0.08954637233318512,-0.17280403489305782
2024,2,Nat West,Tiffani Penson,0.022246809076260643,0.02187102328412921,0.022058916180194926,0.00037578579213143337
2024,2,Nat West,Jonathan Tasini,0.11876563897642556,0.0857454916499727,0.10225556531319913,0.033020147326452864
2024,2,Nat West,Marnie Glickman,0.17186235311761844,0.11611048822444464,0.14398642067103154,0.0557518648931738
2024,2,Nat West,Mariah Hudson,-0.12748775858157213,-0.08335802019562719,-0.10542288938859966,-0.044129738385944944
2024,2,Nat West,Michael (Mike) Marshall,-0.11971408489247853,-0.06122727800996655,-0.09047068145122254,-0.05848680688251198
2024,2,Nat West,James Armstrong,-0.12738122854477735,-0.056093266492815264,-0.0917372475187963,-0.07128796205196208
2024,2,Nat West,Jennifer Park,0.11684406312636286,0.04238483526438597,0.07961444919537441,0.0744592278619769
2024,2,Nat West,Bob Simril,-0.1351098157366583,-0.04873751978343814,-0.09192366776004823,-0.08637229595322017
2024,2,Nat West,Debbie Kitchin,0.030587615324123296,0.009064770366713382,0.01982619284541834,0.021522844957409915
2024,2,Nat West,Chris Olson,0.13258127340391113,0.03246438342105161,0.08252282841248137,0.10011688998285952
2024,2,Nat West,Nabil Zaghloul,-0.07301245431618075,-0.015432946223096697,-0.044222700269638725,-0.057579508093084056
2024,2,Nat West,Laura Streib,-0.06989160073128509,-0.011049190645838064,-0.040470395688561575,-0.05884241008544702
2024,2,Nat West,Liz Taylor,-0.13912153828493456,-0.020564727484693415,-0.07984313288481398,-0.11855681080024115
2024,2,Nat West,Will Mespelt,-0.1513113544471304,-0.01916432859429513,-0.08523784152071276,-0.13214702585283528
2024,2,Nat West,Reuben Berlin,-0.10754449392758147,-0.013270343866887378,-0.06040741889723443,-0.09427415006069409
2024,2,Nat West,Sam Sachs,-0.1382425576400071,-0.012730613147309073,-0.07548658539365809,-0.125511944492698
2024,2,Nat West,Antonio Jamal PettyJohnBlue,-0.13564678139956649,-0.007214501417292537,-0.07143064140842952,-0.12843227998227394
2024,2,Nat West,Uncertified Write In,-0.16585151090542638,-0.0030124336911994554,-0.08443197229831292,-0.1628390772142269
2024,2,Tiffani Penson,Jonathan Tasini,-0.10184688362689065,-0.07479401630288438,-0.08832044996488751,-0.027052867324006274
2024,2,Tiffani Penson,Marnie Glickman,-0.04881087629027514,-0.03354331083262305,-0.041177093561449093,-0.015267565457652094
2024,2,Tiffani Penson,Mariah Hudson,0.0964219752274752,0.06412886510833571,0.08027542016790545,0.03229311011913949
2024,2,Tiffani Penson,Michael (Mike) Marshall,-0.006650080090377819,-0.0034595945381944437,-0.005054837314286131,-0.0031904855521833753
2024,2,Tiffani Penson,James Armstrong,-0.07564394787122974,-0.03388270771039825,-0.054763327790814,-0.04176124016083149
2024,2,Tiffani Penson,Jennifer Park,-0.10369873547874248,-0.03826272832246025,-0.07098073190060136,-0.06543600715628223
2024,2,Tiffani Penson,Bob Simril,0.07319480061746947,0.026856868927638555,0.05002583477255401,0.046337931689830913
2024,2,Tiffani Penson,Debbie Kitchin,-0.012324680966483759,-0.0037152282281877475,-0.008019954597335753,-0.008609452738296011
2024,2,Tiffani Penson,Chris Olson,-0.12838392806245685,-0.03197674525079569,-0.08018033665662627,-0.09640718281166116
2024,2,Tiffani Penson,Nabil Zaghloul,0.07270143822164721,0.015631243284885146,0.04416634075326618,0.05707019493676206
2024,2,Tiffani Penson,Laura Streib,0.035831884249897084,0.005762006595578503,0.020796945422737793,0.03006987765431858
2024,2,Tiffani Penson,Liz Taylor,0.14864212291770829,0.022349566909445784,0.08549584491357703,0.1262925560082625
2024,2,Tiffani Penson,Will Mespelt,-0.05937634924080526,-0.007649520381162518,-0.033512934810983885,-0.05172682885964274
2024,2,Tiffani Penson,Reuben Berlin,-0.05722625877370763,-0.0071827040997648195,-0.032204481436736224,-0.05004355467394281
2024,2,Tiffani Penson,Sam Sachs,-0.021755602544108132,-0.0020378738750352066,-0.01189673820957167,-0.019717728669072926
2024,2,Tiffani Penson,Antonio Jamal PettyJohnBlue,-0.042483166752444124,-0.0022983297390618412,-0.022390748245752982,-0.04018483701338228
2024,2,Tiffani Penson,Uncertified Write In,-0.0927106378658693,-0.0017128773149558572,-0.04721175759041258,-0.09099776055091345
2024,2,Jonathan Tasini,Marnie Glickman,0.15151191776632633,0.1417806645114159,0.14664629113887112,0.009731253254910421
2024,2,Jonathan Tasini,Mariah Hudson,-0.1119935253404297,-0.1014264759079023,-0.106710000624166,-0.010567049432527398
2024,2,Jonathan Tasini,Michael (Mike) Marshall,-0.0740552736206472,-0.05246083610958588,-0.06325805486511654,-0.021594437511061326
2024,2,Jonathan Tasini,James Armstrong,-0.17646161098743268,-0.10763042433488217,-0.14204601766115743,-0.06883118665255052
2024,2,Jonathan Tasini,Jennifer Park,0.199748040319421,0.10036121050195299,0.15005462541068698,0.09938682981746802
2024,2,Jonathan Tasini,Bob Simril,-0.13706491241386073,-0.06848292958997865,-0.10277392100191969,-0.06858198282388209
2024,2,Jonathan Tasini,Debbie Kitchin,-0.10197820283710896,-0.04185988741570218,-0.07191904512640557,-0.060118315421406776
2024,2,Jonathan Tasini,Chris Olson,0.1979374119228317,0.06713243117111757,0.13253492154697463,0.13080498075171415
2024,2,Jonathan Tasini,Nabil Zaghloul,-0.06247963611278895,-0.018292366814954747,-0.04038600146387185,-0.0441872692978342
2024,2,Jonathan Tasini,Laura Streib,-0.05448039627828405,-0.011929582708090386,-0.03320498949318722,-0.04255081357019366
2024,2,Jonathan Tasini,Liz Taylor,-0.13296548254336324,-0.027223691615585625,-0.08009458707947444,-0.1057417909277776
2024,2,Jonathan Tasini,Will Mespelt,-0.15486706342079645,-0.027168187638950923,-0.09101762552987369,-0.12769887578184552
2024,2,Jonathan Tasini,Reuben Berlin,-0.1476767798701316,-0.025239789296683746,-0.08645828458340768,-0.12243699057344787
2024,2,Jonathan Tasini,Sam Sachs,-0.09254229382781237,-0.011803949312093144,-0.052173121569952755,-0.08073834451571923
2024,2,Jonathan Tasini,Antonio Jamal PettyJohnBlue,-0.0938143457676536,-0.006911074884690291,-0.05036271032617195,-0.0869032708829633
2024,2,Jonathan Tasini,Uncertified Write In,-0.1343441613801084,-0.0033798418197254023,-0.0688620015999169,-0.130964319560383
2024,2,Marnie Glickman,Mariah Hudson,-0.08817730580790126,-0.08533850558713335,-0.0867579056975173,-0.0028388002207679064
2024,2,Marnie Glickman,Michael (Mike) Marshall,-0.07908872130562511,-0.059871971472025526,-0.06948034638882532,-0.019216749833599583
2024,2,Marnie Glickman,James Armstrong,-0.15529172756913995,-0.10121920499535023,-0.1282554662822451,-0.05407252257378972
2024,2,Marnie Glickman,Jennifer Park,0.21314383445379492,0.11444212831663358,0.16379298138521425,0.09870170613716134
2024,2,Marnie Glickman,Bob Simril,-0.12722291668331848,-0.06792836684771063,-0.09757564176551456,-0.05929454983560785
2024,2,Marnie Glickman,Debbie Kitchin,0.12529858265714666,0.05496252143972144,0.09013055204843405,0.07033606121742522
2024,2,Marnie Glickman,Chris Olson,0.16043448588782383,0.05814762788549423,0.10929105688665902,0.1022868580023296
2024,2,Marnie Glickman,Nabil Zaghloul,-0.03710737984573237,-0.011609713107444602,-0.024358546476588486,-0.025497666738287766
2024,2,Marnie Glickman,Laura Streib,0.003140977371970277,0.0007349868857665642,0.0019379821288684207,0.002405990486203713
2024,2,Marnie Glickman,Liz Taylor,-0.03533852825562758,-0.007731902142231871,-0.021535215198929727,-0.02760662611339571
2024,2,Marnie Glickman,Will Mespelt,-0.15085523455612265,-0.028280805628727694,-0.08956802009242518,-0.12257442892739495
2024,2,Marnie Glickman,Reuben Berlin,-0.07797832641887395,-0.01424220422671199,-0.04611026532279297,-0.06373612219216196
2024,2,Marnie Glickman,Sam Sachs,-0.09925398237896235,-0.013528972209585367,-0.05639147729427386,-0.08572501016937699
2024,2,Marnie Glickman,Antonio Jamal PettyJohnBlue,-0.04840707672835087,-0.0038107897549927716,-0.026108933241671822,-0.0445962869733581
2024,2,Marnie Glickman,Uncertified Write In,-0.13386752823622072,-0.0035990063339885582,-0.06873326728510464,-0.13026852190223218
2024,2,Mariah Hudson,Michael (Mike) Marshall,0.1773881757938302,0.1387539847962911,0.15807108029506067,0.03863419099753909
2024,2,Mariah Hudson,James Armstrong,0.20073153836576335,0.13518920223885436,0.16796037030230887,0.06554233612690899
2024,2,Mariah Hudson,Jennifer Park,-0.12089394242722767,-0.06707018181439732,-0.0939820621208125,-0.053823760612830354
2024,2,Mariah Hudson,Bob Simril,0.14050695114046452,0.07751672702188511,0.10901183908117482,0.06299022411857941
2024,2,Mariah Hudson,Debbie Kitchin,-0.014054065065249255,-0.006369923859806753,-0.010211994462528004,-0.007684141205442502
2024,2,Mariah Hudson,Chris Olson,-0.1581281538582282,-0.05921820893329188,-0.10867318139576004,-0.09890994492493632
2024,2,Mariah Hudson,Nabil Zaghloul,0.07706031831929122,0.0249117242703928,0.05098602129484201,0.05214859404889842
2024,2,Mariah Hudson,Laura Streib,0.003328593094932941,0.0008047987294516473,0.0020666959121922943,0.002523794365481294
2024,2,Mariah Hudson,Liz Taylor,0.02558943929867974,0.005785094426258797,0.015687266862469268,0.019804344872420943
2024,2,Mariah Hudson,Will Mespelt,0.09646094958495888,0.01868506948221936,0.05757300953358912,0.07777588010273952
2024,2,Mariah Hudson,Reuben Berlin,0.038224524548543415,0.007213685147458397,0.022719104848000906,0.031010839401085018
2024,2,Mariah Hudson,Sam Sachs,0.008540870696630787,0.0012029035383415015,0.004871887117486144,0.007337967158289285
2024,2,Mariah Hudson,Antonio Jamal PettyJohnBlue,-0.044667331574174074,-0.003633355832501014,-0.024150343703337546,-0.04103397574167306
2024,2,Mariah Hudson,Uncertified Write In,-0.10008816689345368,-0.0027803655159170963,-0.051434266204685386,-0.09730780137753658
2024,2,Michael (Mike) Marshall,James Armstrong,0.19349748277455084,0.16660227030014887,0.18004987653734986,0.026895212474401964
2024,2,Michael (Mike) Marshall,Jennifer Park,-0.049731952833698106,-0.03527277756452803,-0.04250236519911307,-0.01445917526917008
2024,2,Michael (Mike) Marshall,Bob Simril,0.03456741412229267,0.024380562039071796,0.02947398808068223,0.010186852083220871
2024,2,Michael (Mike) Marshall,Debbie Kitchin,-0.012582823112906621,-0.007291041599725531,-0.009936932356316076,-0.00529178151318109
2024,2,Michael (Mike) Marshall,Chris Olson,-0.033610773258178295,-0.016091768451648863,-0.02485127085491358,-0.01751900480652943
2024,2,Michael (Mike) Marshall,Nabil Zaghloul,0.04695756581895669,0.01940697154032628,0.03318226867964148,0.027550594278630408
2024,2,Michael (Mike) Marshall,Laura Streib,-0.024024669322175424,-0.0074261410911697565,-0.01572540520667259,-0.016598528231005667
2024,2,Michael (Mike) Marshall,Liz Taylor,-0.05877792542210708,-0.01698803468110248,-0.03788298005160478,-0.0417898907410046
2024,2,Michael (Mike) Marshall,Will Mespelt,0.03153563052861294,0.0078095121763027756,0.019672571352457858,0.023726118352310165
2024,2,Michael (Mike) Marshall,Reuben Berlin,0.01792065893158018,0.004323627480049691,0.011122143205814936,0.013597031451530489
2024,2,Michael (Mike) Marshall,Sam Sachs,0.06691029173766991,0.012047606724507776,0.03947894923108884,0.05486268501316213
2024,2,Michael (Mike) Marshall,Antonio Jamal PettyJohnBlue,-0.03405250763635634,-0.003541165516124531,-0.018796836576240435,-0.030511342120231807
2024,2,Michael (Mike) Marshall,Uncertified Write In,-0.10453057673517885,-0.003712288398463059,-0.054121432566820955,-0.10081828833671579
2024,2,James Armstrong,Jennifer Park,-0.09402372030667684,-0.07745259661518611,-0.08573815846093147,-0.016571123691490733
2024,2,James Armstrong,Bob Simril,0.043566385891521786,0.03568804507790388,0.03962721548471283,0.007878340813617907
2024,2,James Armstrong,Debbie Kitchin,-0.012607793063968531,-0.008484865474329528,-0.01054632926914903,-0.004122927589639003
2024,2,James Armstrong,Chris Olson,-0.08193147084781101,-0.045558605938700605,-0.0637450383932558,-0.0363728649091104
2024,2,James Armstrong,Nabil Zaghloul,-0.04805277939665145,-0.023065618783256414,-0.03555919908995393,-0.024987160613395037
2024,2,James Armstrong,Laura Streib,0.010004987580293084,0.003591837958327959,0.006798412769310522,0.006413149621965125
2024,2,James Armstrong,Liz Taylor,-0.03758318867611482,-0.012615861542419171,-0.025099525109266996,-0.02496732713369565
2024,2,James Armstrong,Will Mespelt,0.19521710431204867,0.05614804747837655,0.12568257589521262,0.1390690568336721
2024,2,James Armstrong,Reuben Berlin,0.12862716956593354,0.03604303981320293,0.08233510468956823,0.09258412975273062
2024,2,James Armstrong,Sam Sachs,0.04275643907105123,0.008941364331801586,0.025848901701426407,0.03381507473924964
2024,2,James Armstrong,Antonio Jamal PettyJohnBlue,-0.02235268948109792,-0.002699736118459025,-0.012526212799778473,-0.019652953362638895
2024,2,James Armstrong,Uncertified Write In,-0.0672998367082399,-0.002775918916357348,-0.035037877812298626,-0.06452391779188255
2024,2,Jennifer Park,Bob Simril,-0.07094991965268008,-0.07055447781355151,-0.07075219873311579,-0.00039544183912856856
2024,2,Jennifer Park,Debbie Kitchin,0.017358121961677908,0.01418110503305725,0.01576961349736758,0.0031770169286206573
2024,2,Jennifer Park,Chris Olson,0.3436410542738892,0.2319669791929732,0.2878040167334312,0.11167407508091598
2024,2,Jennifer Park,Nabil Zaghloul,-0.033713833529367715,-0.019645187786530155,-0.026679510657948935,-0.01406864574283756
2024,2,Jennifer Park,Laura Streib,0.116965045682219,0.050975057665174184,0.08397005167369659,0.06598998801704481
2024,2,Jennifer Park,Liz Taylor,0.11172760102445078,0.04552869610246631,0.07862814856345854,0.06619890492198448
2024,2,Jennifer Park,Will Mespelt,-0.05637748167041329,-0.01968447849765239,-0.03803098008403284,-0.0366930031727609
2024,2,Jennifer Park,Reuben Berlin,-0.021552003697137556,-0.007331246133582214,-0.014441624915359885,-0.014220757563555342
2024,2,Jennifer Park,Sam Sachs,-0.00111407809418132,-0.0002828260102452351,-0.0006984520522132776,-0.0008312520839360849
2024,2,Jennifer Park,Antonio Jamal PettyJohnBlue,0.026274009993732916,0.0038522932667905754,0.015063151630261746,0.02242171672694234
2024,2,Jennifer Park,Uncertified Write In,-0.07954161126713843,-0.003982800923750099,-0.04176220609544427,-0.07555881034338834
2024,2,Bob Simril,Debbie Kitchin,-0.002084800526528402,-0.0017127704922337839,-0.001898785509381093,-0.0003720300342946181
2024,2,Bob Simril,Chris Olson,-0.06453128493303402,-0.04380450357640142,-0.05416789425471772,-0.020726781356632598
2024,2,Bob Simril,Nabil Zaghloul,0.061042206656961306,0.035768901062233155,0.04840555385959723,0.02527330559472815
2024,2,Bob Simril,Laura Streib,0.004732298436889076,0.002073963372088067,0.0034031309044885716,0.0026583350648010096
2024,2,Bob Simril,Liz Taylor,0.009067667446986644,0.003715759947314261,0.006391713697150452,0.005351907499672383
2024,2,Bob Simril,Will Mespelt,0.26085243928722535,0.09158839940260202,0.17622041934491367,0.16926403988462332
2024,2,Bob Simril,Reuben Berlin,0.1481204744637941,0.05066786072780661,0.09939416759580035,0.09745261373598749
2024,2,Bob Simril,Sam Sachs,0.1278764471293787,0.032645370339302614,0.08026090873434066,0.09523107679007609
2024,2,Bob Simril,Antonio Jamal PettyJohnBlue,0.0025527349869818583,0.00037637956642265144,0.0014645572767022549,0.002176355420559207
2024,2,Bob Simril,Uncertified Write In,-0.03385475147097425,-0.0017046733474356049,-0.017779712409204926,-0.03215007812353864
2024,2,Debbie Kitchin,Chris Olson,0.009528076657040169,0.007872615274836542,0.008700345965938355,0.0016554613822036268
2024,2,Debbie Kitchin,Nabil Zaghloul,0.01041535913600225,0.007428736566853722,0.008922047851427986,0.002986622569148528
2024,2,Debbie Kitchin,Laura Streib,0.08002771801150721,0.04269084253078641,0.06135928027114681,0.0373368754807208
2024,2,Debbie Kitchin,Liz Taylor,0.07061039226172508,0.03521973020713026,0.05291506123442767,0.03539066205459482
2024,2,Debbie Kitchin,Will Mespelt,0.015839315391636577,0.0067693553016193245,0.01130433534662795,0.009069960090017253
2024,2,Debbie Kitchin,Reuben Berlin,0.08068141710234653,0.03359358300124111,0.05713750005179381,0.04708783410110542
2024,2,Debbie Kitchin,Sam Sachs,0.022440815553556037,0.006973246382399011,0.014707030967977524,0.015467569171157027
2024,2,Debbie Kitchin,Antonio Jamal PettyJohnBlue,0.03917310756579065,0.007030296923393988,0.02310170224459232,0.03214281064239666
2024,2,Debbie Kitchin,Uncertified Write In,-0.04776786002026365,-0.002927673639006036,-0.02534776682963484,-0.04484018638125761
2024,2,Chris Olson,Nabil Zaghloul,-0.03376041726163499,-0.029143031654004253,-0.03145172445781962,-0.004617385607630739
2024,2,Chris Olson,Laura Streib,0.03056674208188344,0.01973466048914249,0.025150701285512965,0.010832081592740947
2024,2,Chris Olson,Liz Taylor,0.060852348405586634,0.03673507728359625,0.04879371284459144,0.024117271121990386
2024,2,Chris Olson,Will Mespelt,-0.01879375524488322,-0.009720994189789105,-0.014257374717336162,-0.009072761055094115
2024,2,Chris Olson,Reuben Berlin,0.017636670004908303,0.008887622759165402,0.013262146382036853,0.008749047245742901
2024,2,Chris Olson,Sam Sachs,0.03405289098005938,0.012806680533717897,0.02342978575688864,0.021246210446341486
2024,2,Chris Olson,Antonio Jamal PettyJohnBlue,0.06270347813439735,0.013619572890824619,0.03816152551261098,0.04908390524357273
2024,2,Chris Olson,Uncertified Write In,-0.029098425512075227,-0.002158452924520696,-0.01562843921829796,-0.026939972587554532
2024,2,Nabil Zaghloul,Laura Streib,0.024487825838456934,0.01831486881592706,0.021401347327191997,0.0061729570225298735
2024,2,Nabil Zaghloul,Liz Taylor,0.0324686288823616,0.022706000420201336,0.027587314651281468,0.009762628462160264
2024,2,Nabil Zaghloul,Will Mespelt,0.010737158804709282,0.006433681702790933,0.008585420253750108,0.004303477101918349
2024,2,Nabil Zaghloul,Reuben Berlin,0.034911251901993526,0.02038015692643374,0.027645704414213632,0.014531094975559787
2024,2,Nabil Zaghloul,Sam Sachs,0.07250505674001734,0.031588133328264274,0.0520465950341408,0.04091692341175306
2024,2,Nabil Zaghloul,Antonio Jamal PettyJohnBlue,0.11096188556815767,0.027920215267149828,0.06944105041765375,0.08304167030100784
2024,2,Nabil Zaghloul,Uncertified Write In,0.0021654185528450776,0.00018607499752155282,0.0011757467751833152,0.0019793435553235247
2024,2,Laura Streib,Liz Taylor,0.11365063989316496,0.10626616143476006,0.10995840066396251,0.007384478458404897
2024,2,Laura Streib,Will Mespelt,0.03989622013627517,0.03196306085175181,0.03592964049401349,0.007933159284523358
2024,2,Laura Streib,Reuben Berlin,0.025433459703165295,0.019851528778213175,0.022642494240689235,0.005581930924952121
2024,2,Laura Streib,Sam Sachs,0.05650135254554921,0.0329125040405592,0.0447069282930542,0.02358884850499001
2024,2,Laura Streib,Antonio Jamal PettyJohnBlue,0.05856499031448431,0.01970286699730279,0.039133928655893546,0.03886212331718152
2024,2,Laura Streib,Uncertified Write In,-0.00717762884504488,-0.0008246574394987615,-0.004001143142271821,-0.006352971405546118
2024,2,Liz Taylor,Will Mespelt,0.009993223121361264,0.008562470461806124,0.009277846791583694,0.00143075265955514
2024,2,Liz Taylor,Reuben Berlin,0.03427291559854853,0.02860990792519471,0.031441411761871624,0.005663007673353822
2024,2,Liz Taylor,Sam Sachs,0.08183039632850439,0.050979271835803315,0.06640483408215385,0.030851124492701075
2024,2,Liz Taylor,Antonio Jamal PettyJohnBlue,0.14174015641243073,0.050998940019562,0.09636954821599636,0.09074121639286874
2024,2,Liz Taylor,Uncertified Write In,0.03999292728908338,0.004914198213108193,0.022453562751095786,0.03507872907597519
2024,2,Will Mespelt,Reuben Berlin,0.14337144006176583,0.1396801053536874,0.14152577270772662,0.00369133470807842
2024,2,Will Mespelt,Sam Sachs,0.12104918263673484,0.08801310292640041,0.10453114278156762,0.033036079710334426
2024,2,Will Mespelt,Antonio Jamal PettyJohnBlue,0.02568805796826297,0.010787132478433804,0.018237595223348387,0.014900925489829166
2024,2,Will Mespelt,Uncertified Write In,0.025065030384432183,0.0035945473543070863,0.014329788869369635,0.021470483030125095
2024,2,Reuben Berlin,Sam Sachs,0.0851639382061248,0.06355786508829186,0.07436090164720834,0.02160607311783294
2024,2,Reuben Berlin,Antonio Jamal PettyJohnBlue,0.058866397463119675,0.02537291074586369,0.042119654104491686,0.03349348671725599
2024,2,Reuben Berlin,Uncertified Write In,0.01738442838774324,0.002558965806546773,0.009971697097145007,0.014825462581196467
2024,2,Sam Sachs,Antonio Jamal PettyJohnBlue,0.06885607770509916,0.03976779841962349,0.05431193806236133,0.029088279285475672
2024,2,Sam Sachs,Uncertified Write In,0.010077938268003482,0.0019877519884128675,0.006032845128208175,0.008090186279590614
2024,2,Antonio Jamal PettyJohnBlue,Uncertified Write In,0.009381929158456065,0.0032040064630656203,0.006292967810760842,0.006177922695390445
2024,3,Steve Novick,Angelita Morillo,0.03452526552801782,0.03202164589020495,0.03327345570911139,0.0025036196378128706
2024,3,Steve Novick,Tiffany Koyama Lane,-0.008722450622704714,-0.007817131508081832,-0.008269791065393273,-0.0009053191146228823
2024,3,Steve Novick,Jesse Cornett,0.1097575888428084,0.06730958270240561,0.088533585772607,0.04244800614040278
2024,3,Steve Novick,Rex Burkholder,0.1099503285780229,0.06300949205564282,0.08647991031683286,0.04694083652238007
2024,3,Steve Novick,Chris Flanary,-0.07465862380970834,-0.030231572297322346,-0.05244509805351534,-0.04442705151238599
2024,3,Steve Novick,Cristal Azul Otero,0.09564442793497019,0.03852944477225617,0.06708693635361318,0.05711498316271402
2024,3,Steve Novick,Philippe Knab,0.15383105655098306,0.05869374993645607,0.10626240324371956,0.09513730661452699
2024,3,Steve Novick,Kezia Wanner,0.00034060170593686045,0.00012931673122903997,0.0002349592185829502,0.00021128497470782048
2024,3,Steve Novick,Ahlam K Osman,-0.20108043773788625,-0.04766080507675036,-0.1243706214073183,-0.1534196326611359
2024,3,Steve Novick,Daniel DeMelo,-0.09132459955191419,-0.021376689363555357,-0.05635064445773477,-0.06994791018835883
2024,3,Steve Novick,Harrison Kass,-0.16352398432063547,-0.029463003914693017,-0.09649349411766425,-0.13406098040594244
2024,3,Steve Novick,Jonathan (Jon) Walker,-0.06447067397490402,-0.011002672602409919,-0.03773667328865697,-0.053468001372494106
2024,3,Steve Novick,Luke Zak,-0.1764754097123049,-0.029583220823639622,-0.10302931526797227,-0.1468921888886653
2024,3,Steve Novick,Sandeep Bali,-0.27905877552852276,-0.03952365005336674,-0.15929121279094474,-0.239535125475156
2024,3,Steve Novick,Brian Conley,-0.3200565641761788,-0.03909655777205349,-0.17957656097411615,-0.2809600064041253
2024,3,Steve Novick,Melodie Beirwagen,-0.31695278229642837,-0.038172535170788266,-0.17756265873360833,-0.2787802471256401
2024,3,Steve Novick,Matthew (Matt) Anderson,-0.2772285109005172,-0.024403517750253585,-0.15081601432538538,-0.25282499315026363
2024,3,Steve Novick,Heart Free Pham,-0.2759092888074258,-0.02016942231177377,-0.1480393555595998,-0.25573986649565206
2024,3,Steve Novick,Theo Hathaway Saner,-0.3679489687297945,-0.02533786779918587,-0.19664341826449017,-0.34261110093060865
2024,3,Steve Novick,Dan Gilk,-0.2692577399440786,-0.0164640201219982,-0.1428608800330384,-0.2527937198220804
2024,3,Steve Novick,Terry Parker,-0.33129575671638545,-0.01811515800365631,-0.17470545736002088,-0.31318059871272913
2024,3,Steve Novick,Kelly Janes (KJ),-0.2819089733804165,-0.014781372649456677,-0.14834517301493658,-0.2671276007309598
2024,3,Steve Novick,Christopher Brummer,-0.24413296570616122,-0.00912833804843995,-0.12663065187730058,-0.23500462765772126
2024,3,Steve Novick,Kenneth (Kent) R Landgraver III,-0.32278844316223837,-0.011167601102586968,-0.16697802213241267,-0.3116208420596514
2024,3,Steve Novick,John Sweeney,-0.15668702185875816,-0.004860790222737462,-0.08077390604074781,-0.1518262316360207
2024,3,Steve Novick,Patrick Hilton,-0.29035798775551463,-0.008292863273331426,-0.14932542551442304,-0.2820651244821832
2024,3,Steve Novick,Jaclyn Smith-Moore,-0.3375736156015225,-0.009469919553102939,-0.17352176757731272,-0.32810369604841955
2024,3,Steve Novick,David O'Connor,-0.2640707263554926,-0.005194850874992303,-0.13463278861524247,-0.2588758754805003
2024,3,Steve Novick,Clifford Higgins,-0.2690061184903084,-0.005244644479347668,-0.13712538148482806,-0.26376147401096073
2024,3,Steve Novick,Uncertified Write In,-0.2523860520100425,-0.0032935568724278335,-0.12783980444123516,-0.24909249513761467
2024,3,Angelita Morillo,Tiffany Koyama Lane,0.1926885017895883,0.18619073884405402,0.18943962031682116,0.00649776294553428
2024,3,Angelita Morillo,Jesse Cornett,0.07639795038163122,0.05051465885334305,0.06345630461748714,0.025883291528288166
2024,3,Angelita Morillo,Rex Burkholder,0.07331928464867576,0.04530238252562091,0.05931083358714834,0.028016902123054854
2024,3,Angelita Morillo,Chris Flanary,0.2625373709863986,0.11462128242740843,0.18857932670690353,0.1479160885589902
2024,3,Angelita Morillo,Cristal Azul Otero,0.05285790022097492,0.022958122047659346,0.03790801113431713,0.029899778173315572
2024,3,Angelita Morillo,Philippe Knab,-0.028861846688929216,-0.011873132836562467,-0.02036748976274584,-0.01698871385236675
2024,3,Angelita Morillo,Kezia Wanner,-0.26996511108701915,-0.11051186751429572,-0.19023848930065743,-0.15945324357272345
2024,3,Angelita Morillo,Ahlam K Osman,0.25691806949889373,0.06565677985614249,0.1612874246775181,0.19126128964275124
2024,3,Angelita Morillo,Daniel DeMelo,-0.16399495612900117,-0.04138819985124778,-0.10269157799012447,-0.12260675627775339
2024,3,Angelita Morillo,Harrison Kass,-0.4218905457637695,-0.08195750581501035,-0.25192402578938994,-0.3399330399487591
2024,3,Angelita Morillo,Jonathan (Jon) Walker,-0.20118134468619592,-0.03701835051032304,-0.11909984759825948,-0.16416299417587288
2024,3,Angelita Morillo,Luke Zak,0.16449741339292345,0.029731286819400474,0.09711435010616196,0.134766126573523
2024,3,Angelita Morillo,Sandeep Bali,-0.31499964707346384,-0.04810218508504355,-0.1815509160792537,-0.2668974619884203
2024,3,Angelita Morillo,Brian Conley,0.08721022735922224,0.011486099620389184,0.04934816348980571,0.07572412773883305
2024,3,Angelita Morillo,Melodie Beirwagen,-0.22777611042329743,-0.029577263111814737,-0.1286766867675561,-0.19819884731148268
2024,3,Angelita Morillo,Matthew (Matt) Anderson,-0.2630454404217963,-0.024965409662375766,-0.14400542504208602,-0.23808003075942052
2024,3,Angelita Morillo,Heart Free Pham,-0.12001588401111474,-0.009459305305086492,-0.06473759465810061,-0.11055657870602825
2024,3,Angelita Morillo,Theo Hathaway Saner,0.1029225833007108,0.007641639238684113,0.055282111269697454,0.0952809440620267
2024,3,Angelita Morillo,Dan Gilk,-0.3068061910858027,-0.020226707207670287,-0.1635164491467365,-0.2865794838781324
2024,3,Angelita Morillo,Terry Parker,-0.46779613843121476,-0.027578856951133605,-0.24768749769117418,-0.44021728148008116
2024,3,Angelita Morillo,Kelly Janes (KJ),-0.08001460159322332,-0.00452343641502646,-0.04226901900412489,-0.07549116517819686
2024,3,Angelita Morillo,Christopher Brummer,-0.20177916640470728,-0.008134577258432708,-0.10495687183156999,-0.19364458914627458
2024,3,Angelita Morillo,Kenneth (Kent) R Landgraver III,-0.3771168222521083,-0.014067314535637967,-0.19559206839387314,-0.3630495077164703
2024,3,Angelita Morillo,John Sweeney,-0.36024693275052455,-0.012049458247316236,-0.1861481954989204,-0.3481974745032083
2024,3,Angelita Morillo,Patrick Hilton,-0.28200450579321473,-0.008684006728935694,-0.14534425626107522,-0.273320499064279
2024,3,Angelita Morillo,Jaclyn Smith-Moore,-0.05061620648178189,-0.0015309491439610533,-0.026073577812871472,-0.049085257337820834
2024,3,Angelita Morillo,David O'Connor,-0.32342658951088465,-0.006859965365070682,-0.16514327743797766,-0.316566624145814
2024,3,Angelita Morillo,Clifford Higgins,-0.1930207928132192,-0.004057433098712908,-0.09853911295596605,-0.1889633597145063
2024,3,Angelita Morillo,Uncertified Write In,-0.2922971899188076,-0.0041126129044750815,-0.14820490141164133,-0.28818457701433253
2024,3,Tiffany Koyama Lane,Jesse Cornett,-0.010322530191607782,-0.007063494371238821,-0.008693012281423301,-0.0032590358203689607
2024,3,Tiffany Koyama Lane,Rex Burkholder,-0.015253950893830193,-0.009754003170950154,-0.012503977032390173,-0.005499947722880039
2024,3,Tiffany Koyama Lane,Chris Flanary,0.25634567083830406,0.1158238090752543,0.18608473995677918,0.14052186176304976
2024,3,Tiffany Koyama Lane,Cristal Azul Otero,-0.13619056991299866,-0.06121688338512393,-0.0987037266490613,-0.07497368652787473
2024,3,Tiffany Koyama Lane,Philippe Knab,-0.18533190914957898,-0.07890220415032753,-0.13211705664995327,-0.10642970499925145
2024,3,Tiffany Koyama Lane,Kezia Wanner,-0.18984344165922235,-0.08042565368922719,-0.13513454767422478,-0.10941778796999516
2024,3,Tiffany Koyama Lane,Ahlam K Osman,0.2572345669763505,0.06803180314596,0.16263318506115526,0.1892027638303905
2024,3,Tiffany Koyama Lane,Daniel DeMelo,-0.15540042991581182,-0.04058784443393619,-0.09799413717487401,-0.11481258548187563
2024,3,Tiffany Koyama Lane,Harrison Kass,-0.3279173461698778,-0.06592513915173037,-0.19692124266080407,-0.2619922070181474
2024,3,Tiffany Koyama Lane,Jonathan (Jon) Walker,-0.15327733914412317,-0.029188046794904957,-0.09123269296951406,-0.12408929234921821
2024,3,Tiffany Koyama Lane,Luke Zak,0.15943427017845802,0.02982181254689488,0.09462804136267644,0.12961245763156315
2024,3,Tiffany Koyama Lane,Sandeep Bali,-0.24447005734546207,-0.03863475271938704,-0.14155240503242456,-0.20583530462607502
2024,3,Tiffany Koyama Lane,Brian Conley,0.08152543171633997,0.011112096183674994,0.04631876395000748,0.07041333553266498
2024,3,Tiffany Koyama Lane,Melodie Beirwagen,-0.13064943481001445,-0.01755719255392229,-0.07410331368196837,-0.11309224225609216
2024,3,Tiffany Koyama Lane,Matthew (Matt) Anderson,-0.1755268245677098,-0.017240471521102543,-0.09638364804440616,-0.15828635304660726
2024,3,Tiffany Koyama Lane,Heart Free Pham,-0.07274540337100621,-0.0059336755474388644,-0.03933953945922254,-0.06681172782356734
2024,3,Tiffany Koyama Lane,Theo Hathaway Saner,0.12441915762152256,0.009560064753157793,0.06698961118734018,0.11485909286836476
2024,3,Tiffany Koyama Lane,Dan Gilk,-0.2463292619284741,-0.016806403998520437,-0.13156783296349728,-0.22952285792995367
2024,3,Tiffany Koyama Lane,Terry Parker,-0.39490491708600983,-0.024094054907222544,-0.2094994859966162,-0.3708108621787873
2024,3,Tiffany Koyama Lane,Kelly Janes (KJ),-0.051384184484575046,-0.0030062592893146597,-0.027195221886944853,-0.048377925195260386
2024,3,Tiffany Koyama Lane,Christopher Brummer,-0.13633630603929697,-0.00568810902779698,-0.07101220753354698,-0.1306481970115
2024,3,Tiffany Koyama Lane,Kenneth (Kent) R Landgraver III,-0.30396677651834314,-0.01173435262913039,-0.15785056457373675,-0.2922324238892128
2024,3,Tiffany Koyama Lane,John Sweeney,-0.30289045168229867,-0.010484567906345152,-0.15668750979432192,-0.2924058837759535
2024,3,Tiffany Koyama Lane,Patrick Hilton,-0.2268094129754446,-0.0072280792085207945,-0.11701874609198269,-0.21958133376692382
2024,3,Tiffany Koyama Lane,Jaclyn Smith-Moore,-0.0066031857673235494,-0.0002066914020811897,-0.0034049385847023696,-0.00639649436524236
2024,3,Tiffany Koyama Lane,David O'Connor,-0.2667473576228308,-0.005855231256565319,-0.13630129443969807,-0.26089212636626546
2024,3,Tiffany Koyama Lane,Clifford Higgins,-0.1289872296210477,-0.0028060261391970875,-0.06589662788012239,-0.1261812034818506
2024,3,Tiffany Koyama Lane,Uncertified Write In,-0.22245560349454319,-0.003239173928292676,-0.11284738871141793,-0.2192164295662505
2024,3,Jesse Cornett,Rex Burkholder,0.17323657507735135,0.16188503217042877,0.16756080362389006,0.011351542906922585
2024,3,Jesse Cornett,Chris Flanary,-0.012212785267622206,-0.00806404858012466,-0.010138416923873433,-0.004148736687497545
2024,3,Jesse Cornett,Cristal Azul Otero,0.05531240717885599,0.036334007022018,0.045823207100437,0.018978400156837993
2024,3,Jesse Cornett,Philippe Knab,0.08670644122267601,0.053945702838942594,0.0703260720308093,0.03276073838373342
2024,3,Jesse Cornett,Kezia Wanner,0.05917784706608681,0.03663740627323514,0.047907626669660974,0.022540440792851668
2024,3,Jesse Cornett,Ahlam K Osman,-0.15277716972099334,-0.059048337163124756,-0.10591275344205905,-0.09372883255786858
2024,3,Jesse Cornett,Daniel DeMelo,0.06429991572777927,0.02454260927147847,0.04442126249962887,0.039757306456300795
2024,3,Jesse Cornett,Harrison Kass,-0.12336155949854097,-0.03624374564395526,-0.0798026525712481,-0.08711781385458571
2024,3,Jesse Cornett,Jonathan (Jon) Walker,-0.022078048654691873,-0.006144044121030451,-0.014111046387861162,-0.015934004533661422
2024,3,Jesse Cornett,Luke Zak,-0.03487951223403679,-0.00953431111366812,-0.022206911673852456,-0.02534520112036867
2024,3,Jesse Cornett,Sandeep Bali,-0.1628852988757352,-0.03761845109738404,-0.10025187498655962,-0.12526684777835115
2024,3,Jesse Cornett,Brian Conley,-0.08309542697976247,-0.016551850946242827,-0.049823638963002646,-0.06654357603351964
2024,3,Jesse Cornett,Melodie Beirwagen,-0.17322128903150888,-0.03401851576450217,-0.10361990239800553,-0.1392027732670067
2024,3,Jesse Cornett,Matthew (Matt) Anderson,-0.14662566038605856,-0.021046611420093654,-0.0838361359030761,-0.12557904896596492
2024,3,Jesse Cornett,Heart Free Pham,-0.13386353290142677,-0.015956846971111716,-0.07491018993626924,-0.11790668593031506
2024,3,Jesse Cornett,Theo Hathaway Saner,-0.14959305138246054,-0.016797767142048083,-0.08319540926225431,-0.13279528424041245
2024,3,Jesse Cornett,Dan Gilk,-0.1375712083171806,-0.013716803071890136,-0.07564400569453536,-0.12385440524529046
2024,3,Jesse Cornett,Terry Parker,-0.23424516878001134,-0.020885965450281978,-0.12756556711514666,-0.21335920332972935
2024,3,Jesse Cornett,Kelly Janes (KJ),-0.12218217949652763,-0.010446514072651635,-0.06631434678458963,-0.11173566542387599
2024,3,Jesse Cornett,Christopher Brummer,-0.17185499584543215,-0.010478162017334262,-0.0911665789313832,-0.1613768338280979
2024,3,Jesse Cornett,Kenneth (Kent) R Landgraver III,-0.16759738439141889,-0.009455114926006718,-0.08852624965871281,-0.15814226946541216
2024,3,Jesse Cornett,John Sweeney,-0.17748236306404405,-0.008978147061216295,-0.09323025506263018,-0.16850421600282775
2024,3,Jesse Cornett,Patrick Hilton,-0.14503483423117647,-0.006754616706357672,-0.07589472546876708,-0.13828021752481878
2024,3,Jesse Cornett,Jaclyn Smith-Moore,-0.20360972496352694,-0.009313951485971736,-0.10646183822474933,-0.19429577347755522
2024,3,Jesse Cornett,David O'Connor,-0.20460484823710215,-0.006563362709440681,-0.10558410547327142,-0.19804148552766146
2024,3,Jesse Cornett,Clifford Higgins,-0.12594604104973836,-0.00400401850686923,-0.0649750297783038,-0.12194202254286914
2024,3,Jesse Cornett,Uncertified Write In,-0.19479031642683986,-0.004145002910713845,-0.09946765966877685,-0.190645313516126
2024,3,Rex Burkholder,Chris Flanary,-0.00750918646689136,-0.0053059627436756185,-0.006407574605283489,-0.0022032237232157414
2024,3,Rex Burkholder,Cristal Azul Otero,0.11902861572076279,0.08367101021911877,0.10134981296994078,0.03535760550164402
2024,3,Rex Burkholder,Philippe Knab,0.15610189270281855,0.10393134707273735,0.13001661988777796,0.052170545630081194
2024,3,Rex Burkholder,Kezia Wanner,-0.04352212561813795,-0.028834242760815115,-0.036178184189476534,-0.014687882857322837
2024,3,Rex Burkholder,Ahlam K Osman,-0.09538793643869975,-0.03945259358482167,-0.06742026501176071,-0.05593534285387808
2024,3,Rex Burkholder,Daniel DeMelo,-0.016685863163397596,-0.006815408638957882,-0.011750635901177739,-0.009870454524439715
2024,3,Rex Burkholder,Harrison Kass,-0.12851417341221077,-0.040405189070421677,-0.08445968124131623,-0.0881089843417891
2024,3,Rex Burkholder,Jonathan (Jon) Walker,0.05239818873863128,0.0156042466957792,0.03400121771720524,0.03679394204285208
2024,3,Rex Burkholder,Luke Zak,-0.08360904442365374,-0.024457106193944866,-0.054033075308799305,-0.05915193822970888
2024,3,Rex Burkholder,Sandeep Bali,-0.1512360792921885,-0.03737724816323049,-0.09430666372770949,-0.113858831128958
2024,3,Rex Burkholder,Brian Conley,-0.06291455638180615,-0.013410762606287166,-0.03816265949404666,-0.04950379377551899
2024,3,Rex Burkholder,Melodie Beirwagen,-0.14223196820904394,-0.029891259042398352,-0.08606161362572115,-0.11234070916664558
2024,3,Rex Burkholder,Matthew (Matt) Anderson,-0.09321443764962761,-0.014318195195132846,-0.05376631642238023,-0.07889624245449477
2024,3,Rex Burkholder,Heart Free Pham,-0.14506714879217927,-0.018504900998136523,-0.0817860248951579,-0.12656224779404274
2024,3,Rex Burkholder,Theo Hathaway Saner,-0.12723999222933693,-0.015289618974208715,-0.07126480560177283,-0.11195037325512822
2024,3,Rex Burkholder,Dan Gilk,-0.058280256883903814,-0.006218415000736964,-0.03224933594232039,-0.05206184188316685
2024,3,Rex Burkholder,Terry Parker,-0.2245543826271234,-0.021425863881824388,-0.1229901232544739,-0.20312851874529902
2024,3,Rex Burkholder,Kelly Janes (KJ),-0.12280604691642408,-0.011236114877234776,-0.06702108089682943,-0.1115699320391893
2024,3,Rex Burkholder,Christopher Brummer,-0.16319010228069425,-0.010647549199428967,-0.08691882574006161,-0.15254255308126527
2024,3,Rex Burkholder,Kenneth (Kent) R Landgraver III,-0.15850413357673454,-0.009569143363367885,-0.08403663847005122,-0.14893499021336665
2024,3,Rex Burkholder,John Sweeney,-0.11221149838365033,-0.006074377345602068,-0.0591429378646262,-0.10613712103804826
2024,3,Rex Burkholder,Patrick Hilton,-0.048876534030619534,-0.002435912485180358,-0.025656223257899947,-0.046440621545439174
2024,3,Rex Burkholder,Jaclyn Smith-Moore,-0.20085859394015698,-0.009832382508882409,-0.1053454882245197,-0.19102621143127457
2024,3,Rex Burkholder,David O'Connor,-0.12366219989623603,-0.004245025917692506,-0.06395361290696427,-0.11941717397854353
2024,3,Rex Burkholder,Clifford Higgins,-0.04749894986091213,-0.0016159520014041358,-0.024557450931158135,-0.045882997859507994
2024,3,Rex Burkholder,Uncertified Write In,-0.2168586272996219,-0.004938181797721064,-0.11089840454867149,-0.21192044550190084
2024,3,Chris Flanary,Cristal Azul Otero,-0.05705204061698266,-0.05675753230233499,-0.056904786459658824,-0.0002945083146476679
2024,3,Chris Flanary,Philippe Knab,-0.1147989683039167,-0.10816956049516581,-0.11148426439954126,-0.0066294078087508895
2024,3,Chris Flanary,Kezia Wanner,-0.1710622001069344,-0.16039144437853484,-0.1657268222427346,-0.010670755728399567
2024,3,Chris Flanary,Ahlam K Osman,0.3383566962936508,0.1980548917469541,0.2682057940203024,0.1403018045466967
2024,3,Chris Flanary,Daniel DeMelo,-0.08276449757165477,-0.04784273494324427,-0.06530361625744951,-0.0349217626284105
2024,3,Chris Flanary,Harrison Kass,-0.19809354122930214,-0.08814245131020135,-0.14311799626975175,-0.1099510899191008
2024,3,Chris Flanary,Jonathan (Jon) Walker,-0.07733241400674698,-0.03259243384614731,-0.054962423926447145,-0.04473998016059967
2024,3,Chris Flanary,Luke Zak,0.2355715019409576,0.09752214676550354,0.16654682435323057,0.13804935517545408
2024,3,Chris Flanary,Sandeep Bali,-0.13532720369981252,-0.04733318346312431,-0.09133019358146842,-0.0879940202366882
2024,3,Chris Flanary,Brian Conley,0.2118023727241936,0.06389426074123808,0.13784831673271586,0.14790811198295553
2024,3,Chris Flanary,Melodie Beirwagen,-0.112411522854104,-0.03343385943629636,-0.07292269114520018,-0.07897766341780763
2024,3,Chris Flanary,Matthew (Matt) Anderson,-0.10078420356206516,-0.021909186667824473,-0.06134669511494482,-0.07887501689424069
2024,3,Chris Flanary,Heart Free Pham,-0.014632904136606423,-0.0026416599420677964,-0.00863728203933711,-0.011991244194538626
2024,3,Chris Flanary,Theo Hathaway Saner,0.2676495632358686,0.045516437206022616,0.1565830002209456,0.22213312602984597
2024,3,Chris Flanary,Dan Gilk,-0.12225504329439223,-0.018460936197966404,-0.07035798974617932,-0.10379410709642582
2024,3,Chris Flanary,Terry Parker,-0.1841649905941467,-0.024868670815950244,-0.10451683070504847,-0.15929631977819647
2024,3,Chris Flanary,Kelly Janes (KJ),-0.010533946081229872,-0.001364005754632424,-0.005948975917931148,-0.009169940326597448
2024,3,Chris Flanary,Christopher Brummer,-0.04985593933199642,-0.0046036408665303535,-0.027229790099263386,-0.045252298465466065
2024,3,Chris Flanary,Kenneth (Kent) R Landgraver III,-0.1272458158223227,-0.010871880539431373,-0.06905884818087703,-0.11637393528289132
2024,3,Chris Flanary,John Sweeney,-0.13316755808181546,-0.010202145997391112,-0.07168485203960329,-0.12296541208442435
2024,3,Chris Flanary,Patrick Hilton,-0.07220762258749591,-0.0050929922917270845,-0.038650307439611495,-0.06711463029576883
2024,3,Chris Flanary,Jaclyn Smith-Moore,-0.09971506269510597,-0.00690808712997743,-0.053311574912541695,-0.09280697556512854
2024,3,Chris Flanary,David O'Connor,-0.06750252815277968,-0.0032793827600274567,-0.03539095545640357,-0.06422314539275223
2024,3,Chris Flanary,Clifford Higgins,-0.041851424555316624,-0.00201503867745108,-0.02193323161638385,-0.039836385877865546
2024,3,Chris Flanary,Uncertified Write In,-0.13148578309275077,-0.004237384364432531,-0.06786158372859165,-0.12724839872831825
2024,3,Cristal Azul Otero,Philippe Knab,0.3454297538655185,0.3271707736165774,0.33630026374104793,0.01825898024894107
2024,3,Cristal Azul Otero,Kezia Wanner,-0.08114166333635003,-0.07647486673497711,-0.07880826503566357,-0.0046667966013729245
2024,3,Cristal Azul Otero,Ahlam K Osman,-0.05244846700669856,-0.030859669763458303,-0.04165406838507843,-0.021588797243240254
2024,3,Cristal Azul Otero,Daniel DeMelo,-0.10261345596655252,-0.05962438433593095,-0.08111892015124174,-0.04298907163062157
2024,3,Cristal Azul Otero,Harrison Kass,-0.15063861814510895,-0.06737500485681294,-0.10900681150096095,-0.08326361328829601
2024,3,Cristal Azul Otero,Jonathan (Jon) Walker,-0.018374058867240556,-0.007784092830813896,-0.013079075849027226,-0.01058996603642666
2024,3,Cristal Azul Otero,Luke Zak,-0.11405395509850028,-0.047461179802154634,-0.08075756745032746,-0.06659277529634564
2024,3,Cristal Azul Otero,Sandeep Bali,-0.07240598383882071,-0.02545673744393822,-0.04893136064137947,-0.046949246394882495
2024,3,Cristal Azul Otero,Brian Conley,-0.05656215715149268,-0.0171516012156677,-0.03685687918358019,-0.03941055593582498
2024,3,Cristal Azul Otero,Melodie Beirwagen,-0.032313358618584115,-0.009660630225671443,-0.02098699442212778,-0.02265272839291267
2024,3,Cristal Azul Otero,Matthew (Matt) Anderson,-0.08797798745086288,-0.019224519249967903,-0.05360125335041539,-0.06875346820089498
2024,3,Cristal Azul Otero,Heart Free Pham,0.006408664422297261,0.0011629514702602359,0.0037858079462787485,0.005245712952037025
2024,3,Cristal Azul Otero,Theo Hathaway Saner,-0.0831411269055852,-0.014212330747402538,-0.04867672882649387,-0.06892879615818266
2024,3,Cristal Azul Otero,Dan Gilk,-0.12066950702930214,-0.01831606406099198,-0.06949278554514705,-0.10235344296831016
2024,3,Cristal Azul Otero,Terry Parker,-0.15789001138560466,-0.021431266275559257,-0.08966063883058195,-0.1364587451100454
2024,3,Cristal Azul Otero,Kelly Janes (KJ),0.016440000024687207,0.002139806996084598,0.009289903510385902,0.014300193028602609
2024,3,Cristal Azul Otero,Christopher Brummer,-0.060084144758360936,-0.00557689021228373,-0.032830517485322334,-0.0545072545460772
2024,3,Cristal Azul Otero,Kenneth (Kent) R Landgraver III,-0.09492386775400596,-0.008152377178233092,-0.05153812246611953,-0.08677149057577287
2024,3,Cristal Azul Otero,John Sweeney,-0.11112065421144296,-0.00855727650879062,-0.05983896536011679,-0.10256337770265234
2024,3,Cristal Azul Otero,Patrick Hilton,-0.10377331248639843,-0.007357382418656442,-0.05556534745252743,-0.09641593006774199
2024,3,Cristal Azul Otero,Jaclyn Smith-Moore,0.11742842207799803,0.008177450856117801,0.06280293646705791,0.10925097122188022
2024,3,Cristal Azul Otero,David O'Connor,-0.1585900060283218,-0.00774453887156394,-0.08316727244994286,-0.15084546715675787
2024,3,Cristal Azul Otero,Clifford Higgins,-0.06763948532455077,-0.0032735660905824967,-0.03545652570756663,-0.06436591923396828
2024,3,Cristal Azul Otero,Uncertified Write In,-0.16614787935812692,-0.00538222120223213,-0.08576505028017953,-0.16076565815589478
2024,3,Philippe Knab,Kezia Wanner,-0.06196720977628048,-0.06166262464809849,-0.061814917212189485,-0.0003045851281819889
2024,3,Philippe Knab,Ahlam K Osman,-0.14101017943863117,-0.08759799841938007,-0.11430408892900562,-0.053412181019251104
2024,3,Philippe Knab,Daniel DeMelo,-0.08896521042187627,-0.054578933555625486,-0.07177207198875088,-0.03438627686625079
2024,3,Philippe Knab,Harrison Kass,-0.07463838750471474,-0.03524601136429184,-0.05494219943450329,-0.0393923761404229
2024,3,Philippe Knab,Jonathan (Jon) Walker,0.052902180866521514,0.02366255962571974,0.03828237024612063,0.029239621240801775
2024,3,Philippe Knab,Luke Zak,-0.13576818690229048,-0.05965013628634246,-0.09770916159431647,-0.07611805061594801
2024,3,Philippe Knab,Sandeep Bali,-0.09661231326004158,-0.035862949727883946,-0.06623763149396276,-0.06074936353215763
2024,3,Philippe Knab,Brian Conley,-0.057098590191941856,-0.018280553195955784,-0.03768957169394882,-0.03881803699598607
2024,3,Philippe Knab,Melodie Beirwagen,-0.08608290643060956,-0.027172245053745735,-0.05662757574217765,-0.05891066137686383
2024,3,Philippe Knab,Matthew (Matt) Anderson,-0.07330545803252883,-0.016912313445014336,-0.04510888573877159,-0.056393144587514495
2024,3,Philippe Knab,Heart Free Pham,-0.08571826803252172,-0.01642300747415372,-0.05107063775333772,-0.069295260558368
2024,3,Philippe Knab,Theo Hathaway Saner,-0.11194613571051845,-0.02020429718803838,-0.06607521644927841,-0.09174183852248008
2024,3,Philippe Knab,Dan Gilk,-0.07805992811076318,-0.012509731963887598,-0.04528483003732539,-0.06555019614687557
2024,3,Philippe Knab,Terry Parker,-0.14320654026229607,-0.020523020131799026,-0.08186478019704754,-0.12268352013049705
2024,3,Philippe Knab,Kelly Janes (KJ),-0.11745870824436759,-0.016141476264803778,-0.06680009225458569,-0.10131723197956381
2024,3,Philippe Knab,Christopher Brummer,-0.021586189958056196,-0.002115404617260744,-0.01185079728765847,-0.019470785340795452
2024,3,Philippe Knab,Kenneth (Kent) R Landgraver III,-0.11025938582765386,-0.009997919835173572,-0.06012865283141372,-0.10026146599248029
2024,3,Philippe Knab,John Sweeney,-0.14293386281272114,-0.011621472231150539,-0.07727766752193584,-0.1313123905815706
2024,3,Philippe Knab,Patrick Hilton,-0.05872845081369976,-0.004396139219171013,-0.031562295016435385,-0.05433231159452875
2024,3,Philippe Knab,Jaclyn Smith-Moore,-0.15588615823170615,-0.011461395894768833,-0.08367377706323749,-0.14442476233693732
2024,3,Philippe Knab,David O'Connor,-0.09107521090754353,-0.004695752259684416,-0.04788548158361397,-0.08637945864785912
2024,3,Philippe Knab,Clifford Higgins,-0.0397123063496691,-0.0020292295190706966,-0.0208707679343699,-0.037683076830598405
2024,3,Philippe Knab,Uncertified Write In,-0.1472627365513899,-0.0050366856800127206,-0.07614971111570132,-0.14222605087137719
2024,3,Kezia Wanner,Ahlam K Osman,-0.12396725598896871,-0.077391032514235,-0.10067914425160185,-0.04657622347473371
2024,3,Kezia Wanner,Daniel DeMelo,0.19242439651905235,0.11863283350096662,0.15552861501000947,0.07379156301808573
2024,3,Kezia Wanner,Harrison Kass,0.36691819294392936,0.17412330813078775,0.2705207505373586,0.1927948848131416
2024,3,Kezia Wanner,Jonathan (Jon) Walker,0.07819100430619097,0.03514672568144504,0.056668864993818006,0.04304427862474593
2024,3,Kezia Wanner,Luke Zak,-0.10328396616481728,-0.04560224922358101,-0.07444310769419915,-0.057681716941236263
2024,3,Kezia Wanner,Sandeep Bali,0.2311442694318699,0.08622567292930573,0.1586849711805878,0.14491859650256417
2024,3,Kezia Wanner,Brian Conley,-0.1380033176573618,-0.04440106742019466,-0.09120219253877823,-0.09360225023716713
2024,3,Kezia Wanner,Melodie Beirwagen,0.11245769058017652,0.03567284087608892,0.07406526572813271,0.0767848497040876
2024,3,Kezia Wanner,Matthew (Matt) Anderson,0.05543806926963407,0.01285330281085522,0.03414568604024465,0.04258476645877885
2024,3,Kezia Wanner,Heart Free Pham,-0.05224672561042726,-0.010059544493656744,-0.031153135052042,-0.042187181116770514
2024,3,Kezia Wanner,Theo Hathaway Saner,-0.12357620012058794,-0.022413486258043347,-0.07299484318931565,-0.10116271386254459
2024,3,Kezia Wanner,Dan Gilk,0.13202165182693432,0.02126204117408307,0.07664184650050869,0.11075961065285125
2024,3,Kezia Wanner,Terry Parker,0.24485325416779774,0.035263404086218975,0.14005832912700836,0.20958985008157877
2024,3,Kezia Wanner,Kelly Janes (KJ),0.07406466616345936,0.010228431385784664,0.04214654877462201,0.0638362347776747
2024,3,Kezia Wanner,Christopher Brummer,-0.0653823763361552,-0.006438995024821252,-0.03591068568048823,-0.058943381311333955
2024,3,Kezia Wanner,Kenneth (Kent) R Landgraver III,0.13593579574663456,0.01238704884318445,0.0741614222949095,0.12354874690345011
2024,3,Kezia Wanner,John Sweeney,0.028227219140894433,0.0023063969125670415,0.015266808026730737,0.02592082222832739
2024,3,Kezia Wanner,Patrick Hilton,-0.02612880948694704,-0.0019655425505488346,-0.014047176018747939,-0.024163266936398205
2024,3,Kezia Wanner,Jaclyn Smith-Moore,0.006809623384420066,0.0005031447995897699,0.003656384092004918,0.006306478584830296
2024,3,Kezia Wanner,David O'Connor,-0.08398102591449866,-0.004351370882217655,-0.044166198398358156,-0.079629655032281
2024,3,Kezia Wanner,Clifford Higgins,-0.1237467539942928,-0.0063544769995525704,-0.06505061549692269,-0.11739227699474022
2024,3,Kezia Wanner,Uncertified Write In,-0.07876157405357304,-0.002707112501558362,-0.0407343432775657,-0.07605446155201467
2024,3,Ahlam K Osman,Daniel DeMelo,-0.05693036981965287,-0.056221848774341096,-0.05657610929699698,-0.0007085210453117718
2024,3,Ahlam K Osman,Harrison Kass,-0.09878095877909768,-0.0750891603741546,-0.08693505957662614,-0.02369179840494308
2024,3,Ahlam K Osman,Jonathan (Jon) Walker,-0.07167386785058205,-0.05160660261622721,-0.06164023523340463,-0.020067265234354842
2024,3,Ahlam K Osman,Luke Zak,0.1959106093976873,0.1385567410567506,0.16723367522721894,0.057353868340936726
2024,3,Ahlam K Osman,Sandeep Bali,-0.03321548715082204,-0.01984771135279484,-0.026531599251808438,-0.013367775798027198
2024,3,Ahlam K Osman,Brian Conley,0.15949421908673564,0.08219874325800364,0.12084648117236964,0.077295475828732
2024,3,Ahlam K Osman,Melodie Beirwagen,-0.019959341501019204,-0.010141707768382371,-0.015050524634700788,-0.009817633732636832
2024,3,Ahlam K Osman,Matthew (Matt) Anderson,0.007571509497325268,0.0028119361901382672,0.005191722843731768,0.004759573307187001
2024,3,Ahlam K Osman,Heart Free Pham,0.039764110703911754,0.012263850841015222,0.026013980772463488,0.02750025986289653
2024,3,Ahlam K Osman,Theo Hathaway Saner,0.245375855475737,0.0712890373816841,0.15833244642871055,0.1740868180940529
2024,3,Ahlam K Osman,Dan Gilk,-0.06752197607888197,-0.01741892237096353,-0.04247044922492275,-0.05010305370791844
2024,3,Ahlam K Osman,Terry Parker,-0.09675788529794355,-0.022321381434842497,-0.05953963336639302,-0.07443650386310105
2024,3,Ahlam K Osman,Kelly Janes (KJ),0.05576904442839581,0.012336941831848212,0.034052993130122014,0.043432102596547596
2024,3,Ahlam K Osman,Christopher Brummer,-0.011376406691051916,-0.0017946462051160773,-0.0065855264480839965,-0.009581760485935838
2024,3,Ahlam K Osman,Kenneth (Kent) R Landgraver III,-0.044746085488017076,-0.006531386911668857,-0.025638736199842967,-0.03821469857634822
2024,3,Ahlam K Osman,John Sweeney,-0.057288274434761935,-0.0074980449849502955,-0.032393159709856116,-0.04979022944981164
2024,3,Ahlam K Osman,Patrick Hilton,-0.05327303703525055,-0.006419284607725732,-0.029846160821488138,-0.04685375242752482
2024,3,Ahlam K Osman,Jaclyn Smith-Moore,-0.007070064040650109,-0.000836776721534125,-0.003953420381092117,-0.006233287319115984
2024,3,Ahlam K Osman,David O'Connor,-0.06113727600813122,-0.005074197390603159,-0.03310573669936719,-0.056063078617528066
2024,3,Ahlam K Osman,Clifford Higgins,0.017762330553552225,0.0014610406241197665,0.009611685588835996,0.016301289929432458
2024,3,Ahlam K Osman,Uncertified Write In,-0.08068606324002295,-0.004442288819280913,-0.04256417602965193,-0.07624377442074204
2024,3,Daniel DeMelo,Harrison Kass,0.1722239650110132,0.13256732008818015,0.15239564254959667,0.03965664492283305
2024,3,Daniel DeMelo,Jonathan (Jon) Walker,0.07205418917984735,0.052534251099578225,0.06229422013971279,0.019519938080269125
2024,3,Daniel DeMelo,Luke Zak,0.05004548565092473,0.0358404533776152,0.042942969514269964,0.014205032273309534
2024,3,Daniel DeMelo,Sandeep Bali,0.10443324690373268,0.06318987147822248,0.08381155919097757,0.041243375425510195
2024,3,Daniel DeMelo,Brian Conley,-0.009197286302397356,-0.004799752232422863,-0.00699851926741011,-0.004397534069974493
2024,3,Daniel DeMelo,Melodie Beirwagen,0.026596180035706823,0.013684313964290817,0.02014024699999882,0.012911866071416006
2024,3,Daniel DeMelo,Matthew (Matt) Anderson,0.027334206543752876,0.010279413677695741,0.01880681011072431,0.017054792866057135
2024,3,Daniel DeMelo,Heart Free Pham,-0.003612238637836468,-0.0011281085780991615,-0.0023701736079678147,-0.0024841300597373064
2024,3,Daniel DeMelo,Theo Hathaway Saner,-0.010709819860757419,-0.0031507356876289416,-0.00693027777419318,-0.0075590841731284775
2024,3,Daniel DeMelo,Dan Gilk,0.07611772415392545,0.019883865515088188,0.048000794834506824,0.056233858638837265
2024,3,Daniel DeMelo,Terry Parker,0.049008772645684845,0.011448468922990472,0.03022862078433766,0.03756030372269437
2024,3,Daniel DeMelo,Kelly Janes (KJ),0.02849460668583864,0.006382867997395333,0.017438737341616987,0.022111738688443308
2024,3,Daniel DeMelo,Christopher Brummer,-0.010112207641721882,-0.001615320099003146,-0.005863763870362514,-0.008496887542718736
2024,3,Daniel DeMelo,Kenneth (Kent) R Landgraver III,-0.0006104650065459627,-9.022980525729557e-05,-0.00035034740590162913,-0.0005202352012886671
2024,3,Daniel DeMelo,John Sweeney,0.03643793725377176,0.0048291974928216935,0.020633567373296725,0.031608739760950064
2024,3,Daniel DeMelo,Patrick Hilton,0.04427286197991551,0.005402013371276618,0.024837437675596062,0.03887084860863889
2024,3,Daniel DeMelo,Jaclyn Smith-Moore,-0.01921097555328395,-0.002302366958313786,-0.010756671255798869,-0.016908608594970165
2024,3,Daniel DeMelo,David O'Connor,-0.02658000515941153,-0.0022338562172865475,-0.01440693068834904,-0.02434614894212498
2024,3,Daniel DeMelo,Clifford Higgins,0.07666322409950352,0.006385402908638333,0.041524313504070924,0.07027782119086519
2024,3,Daniel DeMelo,Uncertified Write In,-0.04596526641445853,-0.002562577029282115,-0.02426392172187032,-0.04340268938517641
2024,3,Harrison Kass,Jonathan (Jon) Walker,0.09073408030176061,0.08594306901400635,0.08833857465788347,0.004791011287754263
2024,3,Harrison Kass,Luke Zak,-0.04678151126201882,-0.04352511635469842,-0.04515331380835862,-0.003256394907320402
2024,3,Harrison Kass,Sandeep Bali,0.24052661535291636,0.1890727487052633,0.21479968202908983,0.05145386664765306
2024,3,Harrison Kass,Brian Conley,-0.04771803411189227,-0.03235182340904938,-0.04003492876047082,-0.015366210702842893
2024,3,Harrison Kass,Melodie Beirwagen,0.11017395713214839,0.07364441566948875,0.09190918640081858,0.036529541462659645
2024,3,Harrison Kass,Matthew (Matt) Anderson,0.10036988945488001,0.04903683420618988,0.07470336183053494,0.05133305524869013
2024,3,Harrison Kass,Heart Free Pham,-0.0190697649710852,-0.007737076929610849,-0.013403420950348025,-0.011332688041474352
2024,3,Harrison Kass,Theo Hathaway Saner,-0.042745578337472515,-0.01633721821962383,-0.029541398278548174,-0.026408360117848684
2024,3,Harrison Kass,Dan Gilk,0.22921010108608808,0.07778679566295736,0.15349844837452273,0.1514233054231307
2024,3,Harrison Kass,Terry Parker,0.3478203532642393,0.10555667014925793,0.22668851170674864,0.2422636831149814
2024,3,Harrison Kass,Kelly Janes (KJ),0.009723901955516673,0.002829768280234929,0.006276835117875801,0.006894133675281744
2024,3,Harrison Kass,Christopher Brummer,0.047088788811641524,0.009772085198469248,0.028430437005055386,0.037316703613172277
2024,3,Harrison Kass,Kenneth (Kent) R Landgraver III,0.21498211487588215,0.04128085497616689,0.12813148492602452,0.17370125989971524
2024,3,Harrison Kass,John Sweeney,0.10056917593660433,0.017315824719432688,0.05894250032801851,0.08325335121717164
2024,3,Harrison Kass,Patrick Hilton,0.12137759888987562,0.01924038269294136,0.0703089907914085,0.10213721619693426
2024,3,Harrison Kass,Jaclyn Smith-Moore,-0.03322326458176812,-0.005172786288563271,-0.019198025435165696,-0.028050478293204853
2024,3,Harrison Kass,David O'Connor,0.05373142307815004,0.005866588207708676,0.02979900564292936,0.04786483487044137
2024,3,Harrison Kass,Clifford Higgins,0.004097895844934862,0.00044342405434728317,0.0022706599496410728,0.003654471790587579
2024,3,Harrison Kass,Uncertified Write In,0.007637910004991505,0.0005531956937367809,0.004095552849364143,0.007084714311254724
2024,3,Jonathan (Jon) Walker,Luke Zak,-0.02132454626400783,-0.02094619179160384,-0.021135369027805835,-0.00037835447240398834
2024,3,Jonathan (Jon) Walker,Sandeep Bali,0.06946131986364389,0.057645898467424225,0.06355360916553406,0.01181542139621966
2024,3,Jonathan (Jon) Walker,Brian Conley,0.008420076212320646,0.006026870026973552,0.007223473119647099,0.0023932061853470937
2024,3,Jonathan (Jon) Walker,Melodie Beirwagen,0.04732310916364109,0.03339594413848984,0.040359526651065465,0.013927165025151247
2024,3,Jonathan (Jon) Walker,Matthew (Matt) Anderson,0.058196094952797026,0.030017353921394617,0.04410672443709582,0.02817874103140241
2024,3,Jonathan (Jon) Walker,Heart Free Pham,0.017959228044775122,0.007692700474307292,0.012825964259541207,0.01026652757046783
2024,3,Jonathan (Jon) Walker,Theo Hathaway Saner,-0.008047117407082457,-0.0032470339812231755,-0.0056470756941528165,-0.004800083425859282
2024,3,Jonathan (Jon) Walker,Dan Gilk,0.08672958030211474,0.03107412847362856,0.05890185438787165,0.05565545182848618
2024,3,Jonathan (Jon) Walker,Terry Parker,0.07348260825481807,0.023543706559665263,0.04851315740724167,0.04993890169515281
2024,3,Jonathan (Jon) Walker,Kelly Janes (KJ),0.019957131570309178,0.0061315179870317996,0.013044324778670489,0.013825613583277378
2024,3,Jonathan (Jon) Walker,Christopher Brummer,0.06330040032341398,0.01386870034558315,0.03858455033449856,0.04943169997783083
2024,3,Jonathan (Jon) Walker,Kenneth (Kent) R Landgraver III,0.027068516265442974,0.005487447608298935,0.016277981936870953,0.02158106865714404
2024,3,Jonathan (Jon) Walker,John Sweeney,0.06099141627639469,0.011086809643648669,0.03603911296002168,0.049904606632746026
2024,3,Jonathan (Jon) Walker,Patrick Hilton,0.07173633283595389,0.012005324932024334,0.04187082888398911,0.05973100790392956
2024,3,Jonathan (Jon) Walker,Jaclyn Smith-Moore,0.004572452319699966,0.0007516073181191782,0.002662029818909572,0.0038208450015807874
2024,3,Jonathan (Jon) Walker,David O'Connor,0.13595846056836597,0.01567195167036911,0.07581520611936754,0.12028650889799686
2024,3,Jonathan (Jon) Walker,Clifford Higgins,0.025892250690815452,0.0029579288220505755,0.014425089756433014,0.022934321868764877
2024,3,Jonathan (Jon) Walker,Uncertified Write In,-0.028515966942055077,-0.0021804791571992657,-0.015348223049627172,-0.02633548778485581
2024,3,Luke Zak,Sandeep Bali,-0.0209805482397534,-0.01772625273723484,-0.01935340048849412,-0.003254295502518559
2024,3,Luke Zak,Brian Conley,0.030244474783678102,0.022039237946898868,0.026141856365288485,0.008205236836779234
2024,3,Luke Zak,Melodie Beirwagen,-0.036001047722372184,-0.025864871134882242,-0.030932959428627213,-0.010136176587489942
2024,3,Luke Zak,Matthew (Matt) Anderson,-0.023636133895660466,-0.012411655906519763,-0.018023894901090114,-0.011224477989140703
2024,3,Luke Zak,Heart Free Pham,0.02674137807661807,0.011661372423109759,0.019201375249863914,0.01508000565350831
2024,3,Luke Zak,Theo Hathaway Saner,0.03548900421806024,0.01457857357751572,0.02503378889778798,0.02091043064054452
2024,3,Luke Zak,Dan Gilk,-0.00408818292081542,-0.0014912029532865925,-0.002789692937051006,-0.002596979967528827
2024,3,Luke Zak,Terry Parker,-0.03972448388179304,-0.012957560935221855,-0.02634102240850745,-0.026766922946571185
2024,3,Luke Zak,Kelly Janes (KJ),0.0020444787400502873,0.0006394803564030993,0.0013419795482266933,0.001404998383647188
2024,3,Luke Zak,Christopher Brummer,0.006095731802043883,0.0013596586259307757,0.003727695213987329,0.004736073176113107
2024,3,Luke Zak,Kenneth (Kent) R Landgraver III,-0.02473949993273808,-0.005105891432336456,-0.014922695682537268,-0.019633608500401623
2024,3,Luke Zak,John Sweeney,0.0048909014258420175,0.0009051102976619409,0.002898005861751979,0.003985791128180077
2024,3,Luke Zak,Patrick Hilton,-0.011244994675906048,-0.0019158818571465615,-0.006580438266526305,-0.009329112818759486
2024,3,Luke Zak,Jaclyn Smith-Moore,-0.00682475148631953,-0.001142098022882513,-0.003983424754601022,-0.005682653463437017
2024,3,Luke Zak,David O'Connor,0.016640518089048442,0.0019528029035860359,0.009296660496317239,0.014687715185462406
2024,3,Luke Zak,Clifford Higgins,-0.015359927688305672,-0.0017864127529342803,-0.008573170220619975,-0.013573514935371392
2024,3,Luke Zak,Uncertified Write In,-0.028178978964510784,-0.0021936322046723217,-0.015186305584591553,-0.025985346759838462
2024,3,Sandeep Bali,Brian Conley,-0.0133383624206828,-0.011504107616073053,-0.012421235018377927,-0.0018342548046097473
2024,3,Sandeep Bali,Melodie Beirwagen,0.16612233180699626,0.14126126559863889,0.15369179870281757,0.024861066208357374
2024,3,Sandeep Bali,Matthew (Matt) Anderson,0.10551689952584208,0.06558057231219921,0.08554873591902065,0.03993632721364286
2024,3,Sandeep Bali,Heart Free Pham,0.11678188429702312,0.06027556014337386,0.08852872222019849,0.05650632415364926
2024,3,Sandeep Bali,Theo Hathaway Saner,-0.014861602896460102,-0.0072258138220719845,-0.011043708359266043,-0.007635789074388118
2024,3,Sandeep Bali,Dan Gilk,0.21421641128793706,0.09248239549396454,0.1533494033909508,0.12173401579397251
2024,3,Sandeep Bali,Terry Parker,0.31150115583956267,0.12026092899240493,0.2158810424159838,0.19124022684715775
2024,3,Sandeep Bali,Kelly Janes (KJ),0.04610910875440501,0.017069910054734218,0.031589509404569616,0.02903919869967079
2024,3,Sandeep Bali,Christopher Brummer,0.01766468715000602,0.004663477407601591,0.011164082278803805,0.01300120974240443
2024,3,Sandeep Bali,Kenneth (Kent) R Landgraver III,0.22703402845338033,0.055458933019439514,0.1412464807364099,0.1715750954339408
2024,3,Sandeep Bali,John Sweeney,0.05968240625015368,0.013072504982792284,0.03637745561647299,0.0466099012673614
2024,3,Sandeep Bali,Patrick Hilton,0.04827933878451708,0.009735778386615719,0.0290075585855664,0.03854356039790136
2024,3,Sandeep Bali,Jaclyn Smith-Moore,0.027029781761474664,0.005353760911652083,0.016191771336563375,0.02167602084982258
2024,3,Sandeep Bali,David O'Connor,0.03536834773282285,0.004912541540269325,0.020140444636546087,0.030455806192553527
2024,3,Sandeep Bali,Clifford Higgins,0.0003887559773158161,5.351427108430014e-05,0.00022113512420005813,0.000335241706231516
2024,3,Sandeep Bali,Uncertified Write In,-0.009436283322841382,-0.0008694396220217991,-0.00515286147243159,-0.008566843700819584
2024,3,Brian Conley,Melodie Beirwagen,0.014577610648882064,0.014372456365002076,0.01447503350694207,0.00020515428387998802
2024,3,Brian Conley,Matthew (Matt) Anderson,0.04940416793989065,0.03560134027461174,0.0425027541072512,0.013802827665278912
2024,3,Brian Conley,Heart Free Pham,0.0465369178359257,0.027849215823130324,0.03719306682952801,0.018687702012795376
2024,3,Brian Conley,Theo Hathaway Saner,0.31778618340862735,0.17914541764199768,0.24846580052531253,0.13864076576662968
2024,3,Brian Conley,Dan Gilk,0.018984379769627066,0.00950281603693151,0.014243597903279288,0.009481563732695555
2024,3,Brian Conley,Terry Parker,0.008899879029403784,0.003983809595922143,0.006441844312662964,0.0049160694334816415
2024,3,Brian Conley,Kelly Janes (KJ),0.02549152422523432,0.010941828085803441,0.01821667615551888,0.014549696139430877
2024,3,Brian Conley,Christopher Brummer,0.06028690596804398,0.01845340444951802,0.039370155208780996,0.04183350151852596
2024,3,Brian Conley,Kenneth (Kent) R Landgraver III,0.023698057535117584,0.006711859890403526,0.015204958712760555,0.016986197644714058
2024,3,Brian Conley,John Sweeney,0.04754965769270833,0.012075620728613599,0.029812639210660963,0.035474036964094735
2024,3,Brian Conley,Patrick Hilton,0.14557537726528927,0.03403665465566175,0.08980601596047551,0.11153872260962752
2024,3,Brian Conley,Jaclyn Smith-Moore,0.03534461008635707,0.008116881510316448,0.02173074579833676,0.027227728576040625
2024,3,Brian Conley,David O'Connor,0.11171323306810324,0.01799060062363345,0.06485191684586834,0.0937226324444698
2024,3,Brian Conley,Clifford Higgins,0.12340792334239561,0.01969632296429087,0.07155212315334325,0.10371160037810474
2024,3,Brian Conley,Uncertified Write In,-0.033567704560116,-0.003585994985792017,-0.01857684977295401,-0.029981709574323983
2024,3,Melodie Beirwagen,Matthew (Matt) Anderson,0.11125321503004836,0.0813150019343711,0.09628410848220972,0.02993821309567725
2024,3,Melodie Beirwagen,Heart Free Pham,0.11999931827192813,0.07283656917657015,0.09641794372424914,0.047162749095357975
2024,3,Melodie Beirwagen,Theo Hathaway Saner,-0.01223641109492922,-0.006996488095640796,-0.009616449595285008,-0.005239922999288424
2024,3,Melodie Beirwagen,Dan Gilk,0.0800895128168828,0.040661828891620955,0.06037567085425188,0.039427683925261844
2024,3,Melodie Beirwagen,Terry Parker,0.18178820255888328,0.08253449780410614,0.13216135018149472,0.09925370475477714
2024,3,Melodie Beirwagen,Kelly Janes (KJ),0.13085466710950788,0.056969006735104494,0.09391183692230619,0.07388566037440339
2024,3,Melodie Beirwagen,Christopher Brummer,0.11723200750041528,0.036396117170445226,0.07681406233543026,0.08083589032997004
2024,3,Melodie Beirwagen,Kenneth (Kent) R Landgraver III,0.09419157966238624,0.02705811639612101,0.06062484802925362,0.06713346326626524
2024,3,Melodie Beirwagen,John Sweeney,0.04607200128872835,0.011867370323844384,0.028969685806286366,0.034204630964883964
2024,3,Melodie Beirwagen,Patrick Hilton,0.06522126371175745,0.015466907955651154,0.0403440858337043,0.04975435575610629
2024,3,Melodie Beirwagen,Jaclyn Smith-Moore,0.2376393272641849,0.055352810048883955,0.14649606865653442,0.18228651721530095
2024,3,Melodie Beirwagen,David O'Connor,0.053171548788722114,0.008685117539374398,0.030928333164048256,0.044486431249347716
2024,3,Melodie Beirwagen,Clifford Higgins,0.036272805920662246,0.005871899482371601,0.021072352701516923,0.030400906438290645
2024,3,Melodie Beirwagen,Uncertified Write In,0.025856764256495593,0.002801673726413472,0.014329218991454533,0.02305509053008212
2024,3,Matthew (Matt) Anderson,Heart Free Pham,0.06480267371473153,0.053815269649473,0.059308971682102266,0.010987404065258527
2024,3,Matthew (Matt) Anderson,Theo Hathaway Saner,0.004840048956855615,0.003786323251867743,0.004313186104361679,0.001053725704987872
2024,3,Matthew (Matt) Anderson,Dan Gilk,0.07671596946985043,0.053289166542528146,0.06500256800618928,0.023426802927322285
2024,3,Matthew (Matt) Anderson,Terry Parker,0.12067473155626421,0.07495973671237983,0.09781723413432203,0.045714994843884374
2024,3,Matthew (Matt) Anderson,Kelly Janes (KJ),0.06032038422442492,0.035929851588627715,0.04812511790652632,0.024390532635797206
2024,3,Matthew (Matt) Anderson,Christopher Brummer,0.10290136646057957,0.0437091023980358,0.07330523442930768,0.05919226406254377
2024,3,Matthew (Matt) Anderson,Kenneth (Kent) R Landgraver III,0.11269192572640122,0.04429147813170362,0.07849170192905242,0.0684004475946976
2024,3,Matthew (Matt) Anderson,John Sweeney,0.11419031781728042,0.04024283726006243,0.07721657753867142,0.07394748055721799
2024,3,Matthew (Matt) Anderson,Patrick Hilton,0.1539343625853253,0.04994497072786187,0.1019396666565936,0.10398939185746343
2024,3,Matthew (Matt) Anderson,Jaclyn Smith-Moore,0.033731374348506975,0.010749723383146028,0.0222405488658265,0.022981650965360947
2024,3,Matthew (Matt) Anderson,David O'Connor,0.11550229268339396,0.02581242981184592,0.07065736124761994,0.08968986287154804
2024,3,Matthew (Matt) Anderson,Clifford Higgins,0.1320547620710272,0.02924781459096431,0.08065128833099576,0.10280694748006289
2024,3,Matthew (Matt) Anderson,Uncertified Write In,0.006564260109019372,0.0009731304378217814,0.003768695273420577,0.005591129671197591
2024,3,Heart Free Pham,Theo Hathaway Saner,0.025511070047996007,0.024031673415068393,0.0247713717315322,0.001479396632927614
2024,3,Heart Free Pham,Dan Gilk,0.02441393185208819,0.020421060047310542,0.022417495949699367,0.003992871804777649
2024,3,Heart Free Pham,Terry Parker,0.0371814994566754,0.027811602613371046,0.03249655103502322,0.009369896843304353
2024,3,Heart Free Pham,Kelly Janes (KJ),0.08165528160901957,0.05856835270940902,0.0701118171592143,0.023086928899610545
2024,3,Heart Free Pham,Christopher Brummer,0.07798088929697887,0.03988653717648785,0.05893371323673336,0.03809435212049102
2024,3,Heart Free Pham,Kenneth (Kent) R Landgraver III,0.0884172295684016,0.04184578128424351,0.06513150542632255,0.046571448284158094
2024,3,Heart Free Pham,John Sweeney,0.07663063701299949,0.03251989619899605,0.05457526660599777,0.044110740814003443
2024,3,Heart Free Pham,Patrick Hilton,0.04464312465113365,0.017442075959368624,0.03104260030525114,0.02720104869176503
2024,3,Heart Free Pham,Jaclyn Smith-Moore,0.12285475522549853,0.04714575855259644,0.08500025688904748,0.0757089966729021
2024,3,Heart Free Pham,David O'Connor,0.06992443183463845,0.01881718408804942,0.04437080796134393,0.051107247746589035
2024,3,Heart Free Pham,Clifford Higgins,0.04991221275894983,0.01331170185286797,0.0316119573059089,0.036600510906081865
2024,3,Heart Free Pham,Uncertified Write In,0.030574135406640418,0.005457916208347357,0.01801602580749389,0.02511621919829306
2024,3,Theo Hathaway Saner,Dan Gilk,-0.005925824838927771,-0.005261796239955721,-0.005593810539441746,-0.0006640285989720496
2024,3,Theo Hathaway Saner,Terry Parker,-0.009196961153015298,-0.007302778515543215,-0.008249869834279257,-0.0018941826374720833
2024,3,Theo Hathaway Saner,Kelly Janes (KJ),0.012315272564689929,0.009377075620887305,0.010846174092788617,0.0029381969438026234
2024,3,Theo Hathaway Saner,Christopher Brummer,0.006880769250028326,0.003736111303419637,0.005308440276723982,0.0031446579466086894
2024,3,Theo Hathaway Saner,Kenneth (Kent) R Landgraver III,0.030566978093658458,0.015357196653579895,0.022962087373619176,0.015209781440078562
2024,3,Theo Hathaway Saner,John Sweeney,0.020004273904845417,0.009011854456991354,0.014508064180918386,0.010992419447854063
2024,3,Theo Hathaway Saner,Patrick Hilton,0.0643105794040236,0.02667292683366879,0.04549175311884619,0.03763765257035481
2024,3,Theo Hathaway Saner,Jaclyn Smith-Moore,0.025840174075344204,0.010526663821899086,0.018183418948621646,0.015313510253445118
2024,3,Theo Hathaway Saner,David O'Connor,0.02184654175783419,0.006240983702167101,0.014043762730000645,0.015605558055667088
2024,3,Theo Hathaway Saner,Clifford Higgins,0.06350184839892173,0.017978679348120252,0.04074026387352099,0.045523169050801476
2024,3,Theo Hathaway Saner,Uncertified Write In,-0.016259470646354454,-0.003081227345181496,-0.009670348995767976,-0.013178243301172957
2024,3,Dan Gilk,Terry Parker,0.17875650816967387,0.1598528646539671,0.1693046864118205,0.018903643515706753
2024,3,Dan Gilk,Kelly Janes (KJ),0.013263216707798765,0.011373314263173125,0.012318265485485945,0.0018899024446256407
2024,3,Dan Gilk,Christopher Brummer,0.06327863373847865,0.038694985615159154,0.0509868096768189,0.0245836481233195
2024,3,Dan Gilk,Kenneth (Kent) R Landgraver III,0.20294256800511157,0.11482788751982509,0.15888522776246833,0.08811468048528648
2024,3,Dan Gilk,John Sweeney,0.0404210735101202,0.02050756061791402,0.03046431706401711,0.019913512892206178
2024,3,Dan Gilk,Patrick Hilton,0.06556433332122055,0.030624618311701098,0.04809447581646083,0.03493971500951945
2024,3,Dan Gilk,Jaclyn Smith-Moore,0.010318914560336657,0.004734172942058603,0.00752654375119763,0.0055847416182780545
2024,3,Dan Gilk,David O'Connor,0.06524916603123812,0.020992303576184278,0.0431207348037112,0.04425686245505384
2024,3,Dan Gilk,Clifford Higgins,0.03911745872387265,0.01247259546531147,0.02579502709459206,0.02664486325856118
2024,3,Dan Gilk,Uncertified Write In,-0.010088738100914655,-0.0021531236585977604,-0.006120930879756207,-0.007935614442316895
2024,3,Terry Parker,Kelly Janes (KJ),0.03729890627797973,0.03576643960346468,0.036532672940722204,0.0015324666745150511
2024,3,Terry Parker,Christopher Brummer,0.07921181718467243,0.05416628013271277,0.0666890486586926,0.025045537051959665
2024,3,Terry Parker,Kenneth (Kent) R Landgraver III,0.2796992358130206,0.17697297128433706,0.22833610354867884,0.10272626452868353
2024,3,Terry Parker,John Sweeney,0.1463526513931693,0.08303251533131578,0.11469258336224254,0.06332013606185352
2024,3,Terry Parker,Patrick Hilton,0.06264085257370594,0.0327191591506817,0.04768000586219382,0.02992169342302424
2024,3,Terry Parker,Jaclyn Smith-Moore,0.04209053229660242,0.021594142328660623,0.03184233731263152,0.0204963899679418
2024,3,Terry Parker,David O'Connor,0.14066513403983158,0.05060728473673112,0.09563620938828135,0.09005784930310046
2024,3,Terry Parker,Clifford Higgins,0.05305396333695611,0.018916704326646015,0.03598533383180107,0.034137259010310096
2024,3,Terry Parker,Uncertified Write In,0.005803774336200107,0.0013851094164278929,0.003594441876314,0.004418664919772214
2024,3,Kelly Janes (KJ),Christopher Brummer,0.035117976930387304,0.02504314748314504,0.030080562206766172,0.010074829447242264
2024,3,Kelly Janes (KJ),Kenneth (Kent) R Landgraver III,0.039388568907126206,0.0259899983362595,0.03268928362169285,0.013398570570866707
2024,3,Kelly Janes (KJ),John Sweeney,0.055144087072019024,0.0326262333347117,0.04388516020336536,0.022517853737307324
2024,3,Kelly Janes (KJ),Patrick Hilton,0.015437946282858182,0.00840919428671336,0.011923570284785771,0.007028751996144823
2024,3,Kelly Janes (KJ),Jaclyn Smith-Moore,0.126320318276807,0.06758419413021419,0.0969522562035106,0.05873612414659282
2024,3,Kelly Janes (KJ),David O'Connor,0.07449853040195882,0.02795082716645772,0.05122467878420827,0.0465477032355011
2024,3,Kelly Janes (KJ),Clifford Higgins,0.011328496192527043,0.00421230968708718,0.0077704029398071115,0.007116186505439864
2024,3,Kelly Janes (KJ),Uncertified Write In,-0.0018175563916832949,-0.0004523575520284798,-0.0011349569718558873,-0.001365198839654815
2024,3,Christopher Brummer,Kenneth (Kent) R Landgraver III,0.04680541942360657,0.043308462800003784,0.04505694111180518,0.003496956623602783
2024,3,Christopher Brummer,John Sweeney,0.07433046255482646,0.06167020613221757,0.06800033434352201,0.012660256422608894
2024,3,Christopher Brummer,Patrick Hilton,0.03549266746373631,0.027110909003125645,0.03130178823343098,0.008381758460610667
2024,3,Christopher Brummer,Jaclyn Smith-Moore,0.049080152078622624,0.036822935415309344,0.042951543746965984,0.01225721666331328
2024,3,Christopher Brummer,David O'Connor,0.1412061613784265,0.07429185188509692,0.1077490066317617,0.06691430949332959
2024,3,Christopher Brummer,Clifford Higgins,0.05851545722931398,0.030511194521868,0.04451332587559099,0.02800426270744598
2024,3,Christopher Brummer,Uncertified Write In,0.01627528826863814,0.005680194651750405,0.01097774146019427,0.010595093616887733
2024,3,Kenneth (Kent) R Landgraver III,John Sweeney,0.07539274696888798,0.0676023050178397,0.07149752599336384,0.007790441951048277
2024,3,Kenneth (Kent) R Landgraver III,Patrick Hilton,0.02829274593514309,0.023356292804731334,0.02582451936993721,0.004936453130411755
2024,3,Kenneth (Kent) R Landgraver III,Jaclyn Smith-Moore,0.02082786972100517,0.016888097639392106,0.01885798368019864,0.003939772081613065
2024,3,Kenneth (Kent) R Landgraver III,David O'Connor,0.05054464339166156,0.02873995251010908,0.03964229795088532,0.02180469088155248
2024,3,Kenneth (Kent) R Landgraver III,Clifford Higgins,0.04417540043703332,0.02489387331234289,0.03453463687468811,0.01928152712469043
2024,3,Kenneth (Kent) R Landgraver III,Uncertified Write In,0.004494241712398428,0.0016951741749758054,0.0030947079436871167,0.0027990675374226226
2024,3,John Sweeney,Patrick Hilton,0.05234586693382771,0.04819247950708823,0.05026917322045797,0.0041533874267394785
2024,3,John Sweeney,Jaclyn Smith-Moore,0.03343884827354245,0.030238152469022013,0.03183850037128223,0.0032006958045204398
2024,3,John Sweeney,David O'Connor,0.15400090275014494,0.09765674374647101,0.12582882324830796,0.05634415900367393
2024,3,John Sweeney,Clifford Higgins,0.07840482479483016,0.04927456873125975,0.06383969676304496,0.029130256063570406
2024,3,John Sweeney,Uncertified Write In,0.020132591705897797,0.00846887358913081,0.014300732647514303,0.011663718116766987
2024,3,Patrick Hilton,Jaclyn Smith-Moore,0.04885728448593375,0.04798841348960388,0.048422848987768816,0.0008688709963298735
2024,3,Patrick Hilton,David O'Connor,0.07704091826950447,0.05306443549753147,0.06505267688351797,0.023976482771973007
2024,3,Patrick Hilton,Clifford Higgins,0.1099558046460311,0.07505875036712657,0.09250727750657883,0.03489705427890452
2024,3,Patrick Hilton,Uncertified Write In,0.006653391436378265,0.0030399900680579215,0.004846690752218093,0.0036134013683203434
2024,3,Jaclyn Smith-Moore,David O'Connor,0.10018867513279375,0.0702576572832335,0.08522316620801362,0.02993101784956026
2024,3,Jaclyn Smith-Moore,Clifford Higgins,0.09823939424728888,0.06827501076517709,0.08325720250623297,0.029964383482111792
2024,3,Jaclyn Smith-Moore,Uncertified Write In,0.0009730051817326106,0.00045262358036029723,0.0007128143810464539,0.0005203816013723134
2024,3,David O'Connor,Clifford Higgins,0.09028936415100805,0.08948240856276667,0.08988588635688735,0.0008069555882413842
2024,3,David O'Connor,Uncertified Write In,-0.007424026702555369,-0.0049247764024895595,-0.006174401552522465,-0.0024992503000658096
2024,3,Clifford Higgins,Uncertified Write In,0.006155517161854484,0.004120125715549896,0.00513782143870219,0.002035391446304588
2024,4,Olivia Clark,Eric Zimmerman,0.20861108960399888,0.16950545143777201,0.18905827052088545,0.039105638166226864
2024,4,Olivia Clark,Eli Arnold,0.16531814412182222,0.1266665023737072,0.1459923232477647,0.03865164174811503
2024,4,Olivia Clark,Mitch Green,-0.04604230038389123,-0.033655032221765635,-0.039848666302828434,-0.012387268162125598
2024,4,Olivia Clark,Sarah Silkie,0.029752015553222155,0.021086712228949978,0.025419363891086066,0.008665303324272178
2024,4,Olivia Clark,Chad Lykins,-0.12053414722318323,-0.06778762581252046,-0.09416088651785184,-0.05274652141066277
2024,4,Olivia Clark,Lisa Freeman,-0.09109167079007546,-0.04361438165203835,-0.0673530262210569,-0.047477289138037115
2024,4,Olivia Clark,Bob Weinstein,0.10168982620366207,0.04709157884631038,0.07439070252498622,0.05459824735735169
2024,4,Olivia Clark,Tony Morse,0.05517737370976106,0.016168111761077214,0.035672742735419136,0.03900926194868384
2024,4,Olivia Clark,Ben Hufford,0.01645906409748288,0.004469306753602548,0.010464185425542713,0.01198975734388033
2024,4,Olivia Clark,Stanley Penkin,0.050359342249464145,0.010661185827394587,0.030510264038429366,0.03969815642206956
2024,4,Olivia Clark,John Toran,-0.04301149849332164,-0.008232175311673917,-0.02562183690249778,-0.034779323181647726
2024,4,Olivia Clark,Andra Vltavin,-0.31233706449516757,-0.0449383976877905,-0.17863773109147904,-0.26739866680737706
2024,4,Olivia Clark,Bob Callahan,-0.10415091635649038,-0.014296127330870975,-0.059223521843680675,-0.0898547890256194
2024,4,Olivia Clark,Chloe Mason,-0.12494044483861483,-0.016994996025055692,-0.07096772043183526,-0.10794544881355914
2024,4,Olivia Clark,Kevin Goldsmith,-0.23650804781485918,-0.029931700952301937,-0.13321987438358057,-0.20657634686255724
2024,4,Olivia Clark,Ciatta R Thompson,-0.15754658043478365,-0.018955775931529445,-0.08825117818315655,-0.1385908045032542
2024,4,Olivia Clark,Moses Ross,-0.07263419066230548,-0.008416278966688562,-0.04052523481449702,-0.06421791169561691
2024,4,Olivia Clark,Chris Henry,-0.336664652644447,-0.023824581878322884,-0.18024461726138494,-0.31284007076612413
2024,4,Olivia Clark,Mike DiNapoli,-0.28634454990491004,-0.019009401487991042,-0.15267697569645053,-0.267335148416919
2024,4,Olivia Clark,Michael Trimble,-0.282131514594841,-0.011583587901515868,-0.14685755124817843,-0.2705479266933251
2024,4,Olivia Clark,Joseph (Joe) Alfone,-0.20920638579222428,-0.007464879997408644,-0.10833563289481646,-0.20174150579481565
2024,4,Olivia Clark,Raquel Coyote,-0.10096233356035822,-0.0034305529111538606,-0.05219644323575604,-0.09753178064920436
2024,4,Olivia Clark,John J Goldsmith,-0.32471863482488317,-0.010509088878416195,-0.16761386185164967,-0.314209545946467
2024,4,Olivia Clark,Kelly Doyle,-0.06617757930201895,-0.0020626968086836575,-0.0341201380553513,-0.0641148824933353
2024,4,Olivia Clark,Brandon Farley,-0.3571419669321827,-0.006841830402903886,-0.18199189866754328,-0.3503001365292788
2024,4,Olivia Clark,Tony Schwartz,-0.23994451813979745,-0.004543579416605832,-0.12224404877820164,-0.23540093872319162
2024,4,Olivia Clark,Patrick Cashman,-0.3834388342199888,-0.006429524086688452,-0.19493417915333863,-0.37700931013330036
2024,4,Olivia Clark,Lee Odell,-0.3451121281612972,-0.004878368540981504,-0.17499524835113936,-0.3402337596203157
2024,4,Olivia Clark,Uncertified Write In,-0.31268680700358165,-0.00377672816334378,-0.15823176758346272,-0.30891007884023786
2024,4,Olivia Clark,L Christopher Regis,-0.1325961847164276,-0.001014893925713615,-0.0668055393210706,-0.13158129079071398
2024,4,Eric Zimmerman,Eli Arnold,0.2524188602802883,0.2380218247438966,0.24522034251209246,0.014397035536391711
2024,4,Eric Zimmerman,Mitch Green,-0.09970386430158784,-0.08969303280927188,-0.09469844855542986,-0.010010831492315964
2024,4,Eric Zimmerman,Sarah Silkie,-0.049246667456812054,-0.04295592220872835,-0.0461012948327702,-0.006290745248083707
2024,4,Eric Zimmerman,Chad Lykins,-0.17614632447354744,-0.12191794416408475,-0.1490321343188161,-0.0542283803094627
2024,4,Eric Zimmerman,Lisa Freeman,-0.2084567072744712,-0.12283458038846354,-0.16564564383146735,-0.08562212688600765
2024,4,Eric Zimmerman,Bob Weinstein,0.16189456631223426,0.09226813457788552,0.1270813504450599,0.06962643173434874
2024,4,Eric Zimmerman,Tony Morse,-0.0014340134720539077,-0.0005171365454473276,-0.0009755750087506176,-0.0009168769266065802
2024,4,Eric Zimmerman,Ben Hufford,0.08927950631472875,0.029835995208769034,0.05955775076174889,0.05944351110595972
2024,4,Eric Zimmerman,Stanley Penkin,0.058309422017865875,0.015192103909803079,0.03675076296383448,0.043117318108062797
2024,4,Eric Zimmerman,John Toran,0.01820924766928178,0.004289194708410493,0.011249221188846137,0.013920052960871288
2024,4,Eric Zimmerman,Andra Vltavin,-0.38653474429213575,-0.06844414736533312,-0.22748944582873443,-0.31809059692680264
2024,4,Eric Zimmerman,Bob Callahan,-0.03156568291739631,-0.005332418461311814,-0.01844905068935406,-0.026233264456084496
2024,4,Eric Zimmerman,Chloe Mason,-0.2494800886585734,-0.04176453309633736,-0.1456223108774554,-0.20771555556223603
2024,4,Eric Zimmerman,Kevin Goldsmith,-0.156464394296554,-0.024369954528071253,-0.09041717441231263,-0.13209443976848276
2024,4,Eric Zimmerman,Ciatta R Thompson,-0.194174525047362,-0.028752695045944895,-0.11146361004665345,-0.16542183000141708
2024,4,Eric Zimmerman,Moses Ross,-0.14297047016142195,-0.020388209488049015,-0.08167933982473548,-0.12258226067337294
2024,4,Eric Zimmerman,Chris Henry,-0.3318647540161155,-0.028902979720060805,-0.18038386686808813,-0.3029617742960547
2024,4,Eric Zimmerman,Mike DiNapoli,-0.29384731291932153,-0.024007943864062617,-0.15892762839169208,-0.2698393690552589
2024,4,Eric Zimmerman,Michael Trimble,-0.25141497714618843,-0.012703879490983795,-0.1320594283185861,-0.23871109765520465
2024,4,Eric Zimmerman,Joseph (Joe) Alfone,-0.2314205087108463,-0.010162567873202338,-0.12079153829202431,-0.22125794083764397
2024,4,Eric Zimmerman,Raquel Coyote,-0.30691066680136087,-0.012834248569515948,-0.1598724576854384,-0.29407641823184494
2024,4,Eric Zimmerman,John J Goldsmith,-0.25390528402624124,-0.010113076979401349,-0.1320091805028213,-0.2437922070468399
2024,4,Eric Zimmerman,Kelly Doyle,-0.3318729627559386,-0.012730636370453227,-0.1723017995631959,-0.31914232638548534
2024,4,Eric Zimmerman,Brandon Farley,-0.15084109405309298,-0.0035563526027055743,-0.07719872332789927,-0.14728474145038742
2024,4,Eric Zimmerman,Tony Schwartz,-0.14116884437145433,-0.0032898785979680618,-0.0722293614847112,-0.13787896577348627
2024,4,Eric Zimmerman,Patrick Cashman,-0.13709701244779887,-0.0028292051791519836,-0.06996310881347542,-0.1342678072686469
2024,4,Eric Zimmerman,Lee Odell,-0.29568707525206506,-0.005143993931177196,-0.15041553459162113,-0.29054308132088785
2024,4,Eric Zimmerman,Uncertified Write In,-0.26816295617865027,-0.003986196239512756,-0.1360745762090815,-0.26417675993913753
2024,4,Eric Zimmerman,L Christopher Regis,-0.2706931812522279,-0.002549885402337831,-0.13662153332728286,-0.2681432958498901
2024,4,Eli Arnold,Mitch Green,-0.11854768952352684,-0.11309537200964015,-0.1158215307665835,-0.005452317513886695
2024,4,Eli Arnold,Sarah Silkie,-0.09856387173907838,-0.09117357335282167,-0.09486872254595002,-0.007390298386256711
2024,4,Eli Arnold,Chad Lykins,-0.1997369583488236,-0.1466079423750474,-0.17317245036193551,-0.0531290159737762
2024,4,Eli Arnold,Lisa Freeman,-0.24527717558888593,-0.15327344925643396,-0.19927531242265994,-0.09200372633245196
2024,4,Eli Arnold,Bob Weinstein,0.1892982632276588,0.11441187903937555,0.15185507113351718,0.07488638418828325
2024,4,Eli Arnold,Tony Morse,-0.044411224083331036,-0.01698438255594764,-0.03069780331963934,-0.027426841527383394
2024,4,Eli Arnold,Ben Hufford,0.13100721680632926,0.04642896368800356,0.08871809024716641,0.0845782531183257
2024,4,Eli Arnold,Stanley Penkin,0.09251413229877742,0.02556185027426089,0.059037991286519154,0.06695228202451653
2024,4,Eli Arnold,John Toran,0.07210085513960135,0.018010642068016836,0.04505574860380909,0.054090213071584514
2024,4,Eli Arnold,Andra Vltavin,-0.37721551562466105,-0.07083409497698336,-0.2240248053008222,-0.3063814206476777
2024,4,Eli Arnold,Bob Callahan,0.07213248369739506,0.012922452400460097,0.042527468048927576,0.05921003129693496
2024,4,Eli Arnold,Chloe Mason,-0.25209549490908556,-0.04475502939704258,-0.14842526215306406,-0.207340465512043
2024,4,Eli Arnold,Kevin Goldsmith,-0.030047688283042107,-0.004963125784365502,-0.017505407033703804,-0.025084562498676605
2024,4,Eli Arnold,Ciatta R Thompson,-0.18028795134074466,-0.028311183951446765,-0.10429956764609571,-0.15197676738929788
2024,4,Eli Arnold,Moses Ross,-0.20825490419724096,-0.0314943754528568,-0.11987463982504888,-0.17676052874438417
2024,4,Eli Arnold,Chris Henry,-0.33143999652217404,-0.030611980277007584,-0.1810259883995908,-0.3008280162451665
2024,4,Eli Arnold,Mike DiNapoli,-0.2698713769550171,-0.02338272324292662,-0.14662705009897187,-0.2464886537120905
2024,4,Eli Arnold,Michael Trimble,-0.25427923238251826,-0.013625772470896004,-0.13395250242670714,-0.24065345991162226
2024,4,Eli Arnold,Joseph (Joe) Alfone,-0.24688978350807145,-0.011497667767597853,-0.12919372563783466,-0.23539211574047358
2024,4,Eli Arnold,Raquel Coyote,-0.33298792491125395,-0.01476698962535183,-0.1738774572683029,-0.3182209352859021
2024,4,Eli Arnold,John J Goldsmith,-0.24641940844964536,-0.010408580510504422,-0.1284139944800749,-0.23601082793914094
2024,4,Eli Arnold,Kelly Doyle,-0.2669494741778733,-0.01085956256832843,-0.13890451837310086,-0.25608991160954486
2024,4,Eli Arnold,Brandon Farley,-0.0900456375748413,-0.0022514009163821617,-0.04614851924561173,-0.08779423665845913
2024,4,Eli Arnold,Tony Schwartz,-0.25521582600159665,-0.006307447368557763,-0.1307616366850772,-0.24890837863303888
2024,4,Eli Arnold,Patrick Cashman,-0.039868009563848505,-0.0008725011909399803,-0.020370255377394245,-0.03899550837290852
2024,4,Eli Arnold,Lee Odell,-0.23238517647619916,-0.004287277046087633,-0.1183362267611434,-0.22809789943011152
2024,4,Eli Arnold,Uncertified Write In,-0.18407824084531987,-0.0029017992695907335,-0.0934900200574553,-0.18117644157572915
2024,4,Eli Arnold,L Christopher Regis,-0.12777808627926934,-0.0012764527616534013,-0.06452726952046137,-0.12650163351761595
2024,4,Mitch Green,Sarah Silkie,0.21300259196378418,0.20653058269308722,0.2097665873284357,0.006472009270696966
2024,4,Mitch Green,Chad Lykins,0.22113780658134546,0.17014152639643937,0.19563966648889242,0.050996280184906095
2024,4,Mitch Green,Lisa Freeman,0.17453568792739943,0.11432528612718673,0.14443048702729308,0.0602104018002127
2024,4,Mitch Green,Bob Weinstein,-0.019181399915822073,-0.012152147984075878,-0.015666773949948976,-0.007029251931746194
2024,4,Mitch Green,Tony Morse,-0.01194494986388328,-0.004788391063069275,-0.008366670463476278,-0.007156558800814006
2024,4,Mitch Green,Ben Hufford,-0.19356420363391813,-0.07190632205327438,-0.13273526284359627,-0.12165788158064375
2024,4,Mitch Green,Stanley Penkin,-0.1497306436503476,-0.04336538025402738,-0.09654801195218748,-0.10636526339632023
2024,4,Mitch Green,John Toran,-0.17077298151558473,-0.04471530539215081,-0.10774414345386776,-0.12605767612343394
2024,4,Mitch Green,Andra Vltavin,0.18998207714457188,0.0373950134596827,0.1136885453021273,0.15258706368488917
2024,4,Mitch Green,Bob Callahan,-0.1973526864125721,-0.037059995133311444,-0.11720634077294176,-0.16029269127926066
2024,4,Mitch Green,Chloe Mason,-0.08155041436346233,-0.015175786033983896,-0.048363100198723113,-0.06637462832947844
2024,4,Mitch Green,Kevin Goldsmith,-0.12499709585114332,-0.021641751214005724,-0.07331942353257452,-0.10335534463713761
2024,4,Mitch Green,Ciatta R Thompson,-0.040935347170322045,-0.006738109531803468,-0.023836728351062757,-0.03419723763851858
2024,4,Mitch Green,Moses Ross,-0.007650642309770361,-0.00121278529245461,-0.004431713801112486,-0.006437857017315751
2024,4,Mitch Green,Chris Henry,0.20073444748478048,0.01943375291298649,0.11008410019888348,0.18130069457179399
2024,4,Mitch Green,Mike DiNapoli,0.043795617362613226,0.003977564013715525,0.023886590688164375,0.0398180533488977
2024,4,Mitch Green,Michael Trimble,-0.05248012118430789,-0.0029477682086395153,-0.027713944696473702,-0.04953235297566838
2024,4,Mitch Green,Joseph (Joe) Alfone,-0.09903278061094922,-0.004834303033182857,-0.05193354182206604,-0.09419847757776637
2024,4,Mitch Green,Raquel Coyote,-0.24777017147166422,-0.011517567514465282,-0.12964386949306475,-0.23625260395719894
2024,4,Mitch Green,John J Goldsmith,-0.17439025506132017,-0.007721240297633734,-0.09105574767947695,-0.16666901476368642
2024,4,Mitch Green,Kelly Doyle,-0.2142473013805831,-0.009135806302249845,-0.11169155384141646,-0.20511149507833326
2024,4,Mitch Green,Brandon Farley,-0.20553966964333475,-0.005386839993678779,-0.10546325481850677,-0.20015282964965597
2024,4,Mitch Green,Tony Schwartz,-0.12931101064611905,-0.00334988424516775,-0.0663304474456434,-0.1259611264009513
2024,4,Mitch Green,Patrick Cashman,-0.1787339879844171,-0.0041001229577274515,-0.09141705547107228,-0.17463386502668962
2024,4,Mitch Green,Lee Odell,-0.08485998465632777,-0.0016410595344064846,-0.04325052209536713,-0.08321892512192128
2024,4,Mitch Green,Uncertified Write In,-0.21459566368778143,-0.003545962302863804,-0.10907081299532262,-0.21104970138491763
2024,4,Mitch Green,L Christopher Regis,-0.1705972728685814,-0.0017863588782050413,-0.08619181587339322,-0.16881091399037634
2024,4,Sarah Silkie,Chad Lykins,0.15649997203539634,0.12418298913998194,0.14034148058768914,0.0323169828954144
2024,4,Sarah Silkie,Lisa Freeman,0.12695928484629881,0.08576755707772682,0.10636342096201282,0.041191727768571995
2024,4,Sarah Silkie,Bob Weinstein,-0.015409329649926584,-0.010068320075269588,-0.012738824862598086,-0.005341009574656996
2024,4,Sarah Silkie,Tony Morse,-0.06189578786294436,-0.025589800119621753,-0.04374279399128306,-0.03630598774332261
2024,4,Sarah Silkie,Ben Hufford,-0.15595575847083337,-0.05975083289832642,-0.1078532956845799,-0.09620492557250696
2024,4,Sarah Silkie,Stanley Penkin,-0.154616415181915,-0.046183685298883434,-0.10040005024039922,-0.10843272988303156
2024,4,Sarah Silkie,John Toran,-0.15444967532652432,-0.04170849873357746,-0.09807908703005089,-0.11274117659294686
2024,4,Sarah Silkie,Andra Vltavin,0.18385019518951784,0.03732206590444846,0.11058613054698316,0.14652812928506936
2024,4,Sarah Silkie,Bob Callahan,-0.17330672206861522,-0.03356435002452503,-0.10343553604657013,-0.13974237204409018
2024,4,Sarah Silkie,Chloe Mason,-0.000322192964677559,-6.183602920821485e-05,-0.00019201449694288691,-0.00026035693546934413
2024,4,Sarah Silkie,Kevin Goldsmith,-0.1771084275063053,-0.03162512293653274,-0.10436677522141902,-0.14548330456977254
2024,4,Sarah Silkie,Ciatta R Thompson,0.043856070482688914,0.007445087779123713,0.025650579130906313,0.0364109827035652
2024,4,Sarah Silkie,Moses Ross,0.07072851414452874,0.011563280910422968,0.041145897527475855,0.059165233234105774
2024,4,Sarah Silkie,Chris Henry,0.14067364901330282,0.014045850469538858,0.07735974974142083,0.12662779854376396
2024,4,Sarah Silkie,Mike DiNapoli,0.02456011845003009,0.002300474904601897,0.013430296677315993,0.02225964354542819
2024,4,Sarah Silkie,Michael Trimble,-0.08303530232925038,-0.004810185121979112,-0.04392274372561475,-0.07822511720727127
2024,4,Sarah Silkie,Joseph (Joe) Alfone,-0.10640449285023296,-0.0053569227181692845,-0.05588070778420112,-0.10104757013206367
2024,4,Sarah Silkie,Raquel Coyote,0.006853347096036966,0.00032856022783210245,0.003590953661934534,0.006524786868204863
2024,4,Sarah Silkie,John J Goldsmith,-0.21188419277637136,-0.009675288680415471,-0.11077974072839342,-0.20220890409595588
2024,4,Sarah Silkie,Kelly Doyle,-0.03650445690207044,-0.001605380310715606,-0.019054918606393023,-0.03489907659135483
2024,4,Sarah Silkie,Brandon Farley,-0.19591681264222324,-0.005295544796908933,-0.10060617871956609,-0.1906212678453143
2024,4,Sarah Silkie,Tony Schwartz,-0.16645759527156428,-0.0044473205016529556,-0.08545245788660862,-0.16201027476991134
2024,4,Sarah Silkie,Patrick Cashman,-0.2342485108635057,-0.005542007279707148,-0.11989525907160642,-0.22870650358379857
2024,4,Sarah Silkie,Lee Odell,-0.2548715159712557,-0.005083270348813396,-0.12997739316003454,-0.24978824562244228
2024,4,Sarah Silkie,Uncertified Write In,-0.24729614924095938,-0.004214354302118163,-0.12575525177153876,-0.24308179493884122
2024,4,Sarah Silkie,L Christopher Regis,-0.09970674442612104,-0.0010767668644913356,-0.05039175564530619,-0.09862997756162971
2024,4,Chad Lykins,Lisa Freeman,0.20187878493736616,0.17187052752170684,0.1868746562295365,0.030008257415659323
2024,4,Chad Lykins,Bob Weinstein,-0.139784606922967,-0.11510250408391576,-0.12744355550344139,-0.02468210283905123
2024,4,Chad Lykins,Tony Morse,0.019436104731490933,0.01012668226697594,0.014781393499233436,0.009309422464514994
2024,4,Chad Lykins,Ben Hufford,-0.08674320067615929,-0.04188226363135175,-0.06431273215375552,-0.044860937044807536
2024,4,Chad Lykins,Stanley Penkin,-0.10724885416306146,-0.04037177100816182,-0.07381031258561163,-0.06687708315489964
2024,4,Chad Lykins,John Toran,-0.10658327155907912,-0.03627260612552227,-0.0714279388423007,-0.07031066543355685
2024,4,Chad Lykins,Andra Vltavin,0.152315551825826,0.03896709078689267,0.09564132130635934,0.11334846103893334
2024,4,Chad Lykins,Bob Callahan,-0.11478726867860789,-0.02801616654803768,-0.07140171761332278,-0.08677110213057021
2024,4,Chad Lykins,Chloe Mason,-0.05996053702711002,-0.0145025111977225,-0.03723152411241626,-0.045458025829387516
2024,4,Chad Lykins,Kevin Goldsmith,-0.12163324560656363,-0.02737142737344729,-0.07450233649000546,-0.09426181823311634
2024,4,Chad Lykins,Ciatta R Thompson,-0.04199535294896911,-0.008984491393204702,-0.025489922171086907,-0.03301086155576441
2024,4,Chad Lykins,Moses Ross,0.04738373790287581,0.009762656615476664,0.028573197259176238,0.03762108128739915
2024,4,Chad Lykins,Chris Henry,0.18439939798470023,0.02320314967364418,0.1038012738291722,0.16119624831105606
2024,4,Chad Lykins,Mike DiNapoli,0.04348825645523818,0.005133471959334841,0.024310864207286512,0.03835478449590334
2024,4,Chad Lykins,Michael Trimble,-0.035589371404440795,-0.0025981934990615616,-0.019093782451751178,-0.03299117790537923
2024,4,Chad Lykins,Joseph (Joe) Alfone,-0.05178356139097262,-0.0032854849751657485,-0.027534523183069183,-0.048498076415806876
2024,4,Chad Lykins,Raquel Coyote,-0.19271491019754422,-0.0116433977918982,-0.10217915399472122,-0.181071512405646
2024,4,Chad Lykins,John J Goldsmith,-0.19126375033766727,-0.01100652427896028,-0.10113513730831378,-0.18025722605870698
2024,4,Chad Lykins,Kelly Doyle,-0.17524767944878625,-0.009712621655325486,-0.09248015055205587,-0.16553505779346075
2024,4,Chad Lykins,Brandon Farley,-0.12468932561324861,-0.004247372693272756,-0.06446834915326068,-0.12044195291997585
2024,4,Chad Lykins,Tony Schwartz,-0.10825594407604888,-0.0036450099566966076,-0.05595047701637274,-0.10461093411935228
2024,4,Chad Lykins,Patrick Cashman,-0.1480094764904202,-0.0044129797104880825,-0.07621122810045414,-0.14359649677993214
2024,4,Chad Lykins,Lee Odell,-0.18115204341350666,-0.0045532059843932954,-0.09285262469894998,-0.17659883742911336
2024,4,Chad Lykins,Uncertified Write In,-0.18120363501439404,-0.00389164082593947,-0.09254763792016675,-0.17731199418845459
2024,4,Chad Lykins,L Christopher Regis,-0.1377451667004344,-0.0018746736293258196,-0.06980992016488011,-0.1358704930711086
2024,4,Lisa Freeman,Bob Weinstein,-0.12095460938670022,-0.116986869012252,-0.11897073919947611,-0.00396774037444822
2024,4,Lisa Freeman,Tony Morse,-0.011102605271641086,-0.006794728766778696,-0.008948667019209891,-0.00430787650486239
2024,4,Lisa Freeman,Ben Hufford,-0.08424594670384691,-0.04777855275317505,-0.06601224972851098,-0.03646739395067186
2024,4,Lisa Freeman,Stanley Penkin,-0.08557609629300345,-0.03783788770671054,-0.06170699199985699,-0.04773820858629291
2024,4,Lisa Freeman,John Toran,-0.08506355783269132,-0.03400341445058423,-0.059533486141637774,-0.051060143382107084
2024,4,Lisa Freeman,Andra Vltavin,0.23970489789624877,0.07203107817026437,0.15586798803325658,0.16767381972598439
2024,4,Lisa Freeman,Bob Callahan,-0.05005690987493125,-0.014350541756327315,-0.03220372581562928,-0.035706368118603934
2024,4,Lisa Freeman,Chloe Mason,0.16200943765981196,0.046026429133717614,0.1040179333967648,0.11598300852609435
2024,4,Lisa Freeman,Kevin Goldsmith,-0.08967894785620978,-0.023704179480935873,-0.05669156366857282,-0.06597476837527391
2024,4,Lisa Freeman,Ciatta R Thompson,0.10323713636259374,0.025942837953989425,0.06458998715829159,0.07729429840860431
2024,4,Lisa Freeman,Moses Ross,0.11248844531935187,0.027222993743428445,0.06985571953139016,0.08526545157592343
2024,4,Lisa Freeman,Chris Henry,0.2136521107975744,0.031577947811931274,0.12261502930475283,0.18207416298564313
2024,4,Lisa Freeman,Mike DiNapoli,0.19104778769968866,0.02648930007793225,0.10876854388881046,0.1645584876217564
2024,4,Lisa Freeman,Michael Trimble,0.08910062784492756,0.007640489987071966,0.04837055891599976,0.0814601378578556
2024,4,Lisa Freeman,Joseph (Joe) Alfone,0.03839294832294027,0.0028612005934625165,0.020627074458201392,0.03553174772947775
2024,4,Lisa Freeman,Raquel Coyote,0.10393988790239883,0.007376255212441538,0.05565807155742018,0.0965636326899573
2024,4,Lisa Freeman,John J Goldsmith,-0.09279084162027146,-0.006272084702017056,-0.049531463161144255,-0.0865187569182544
2024,4,Lisa Freeman,Kelly Doyle,0.14512555075430328,0.00944750974925214,0.0772865302517777,0.13567804100505115
2024,4,Lisa Freeman,Brandon Farley,-0.08813243936857881,-0.003526274833357477,-0.045829357100968145,-0.08460616453522134
2024,4,Lisa Freeman,Tony Schwartz,-0.021613801739345684,-0.0008548056869746769,-0.011234303713160181,-0.020758996052371005
2024,4,Lisa Freeman,Patrick Cashman,-0.04993784681615876,-0.0017488859677808315,-0.025843366391969796,-0.048188960848377926
2024,4,Lisa Freeman,Lee Odell,-0.10998384547005813,-0.003247074351107334,-0.056615459910582734,-0.10673677111895079
2024,4,Lisa Freeman,Uncertified Write In,-0.07150510980822386,-0.0018038158360418697,-0.03665446282213287,-0.06970129397218199
2024,4,Lisa Freeman,L Christopher Regis,-0.06825498806099228,-0.0010911211360701968,-0.03467305459853124,-0.06716386692492209
2024,4,Bob Weinstein,Tony Morse,-0.029780772573462788,-0.018843800205793848,-0.024312286389628318,-0.01093697236766894
2024,4,Bob Weinstein,Ben Hufford,0.06578277764175033,0.03857282867834552,0.05217780316004793,0.027209948963404812
2024,4,Bob Weinstein,Stanley Penkin,0.15241432948293765,0.06967637017061781,0.11104534982677773,0.08273795931231984
2024,4,Bob Weinstein,John Toran,0.05410339479771442,0.0223608756945555,0.03823213524613496,0.03174251910315892
2024,4,Bob Weinstein,Andra Vltavin,-0.1466430145387784,-0.04556062704500883,-0.09610182079189361,-0.10108238749376958
2024,4,Bob Weinstein,Bob Callahan,0.008996433273910864,0.0026666126141500213,0.005831522944030443,0.006329820659760843
2024,4,Bob Weinstein,Chloe Mason,-0.11675008001828016,-0.03429331432274791,-0.07552169717051403,-0.08245676569553226
2024,4,Bob Weinstein,Kevin Goldsmith,0.03406631942923355,0.009309898416673595,0.021688108922953572,0.024756421012559954
2024,4,Bob Weinstein,Ciatta R Thompson,-0.051141090821251095,-0.013287302616642065,-0.03221419671894658,-0.03785378820460903
2024,4,Bob Weinstein,Moses Ross,-0.05866913222263567,-0.014679894648999985,-0.03667451343581783,-0.04398923757363569
2024,4,Bob Weinstein,Chris Henry,-0.1728417670702237,-0.026412573462197653,-0.09962717026621068,-0.14642919360802603
2024,4,Bob Weinstein,Mike DiNapoli,-0.12092367662230694,-0.017335050804602237,-0.06912936371345459,-0.1035886258177047
2024,4,Bob Weinstein,Michael Trimble,-0.07244199235614279,-0.006422677835721844,-0.03943233509593232,-0.06601931452042095
2024,4,Bob Weinstein,Joseph (Joe) Alfone,-0.04534667841980655,-0.0034940380381746454,-0.0244203582289906,-0.0418526403816319
2024,4,Bob Weinstein,Raquel Coyote,-0.1400605268389014,-0.01027672538571475,-0.07516862611230808,-0.12978380145318666
2024,4,Bob Weinstein,John J Goldsmith,0.04018233884804323,0.0028081953632696673,0.021495267105656447,0.03737414348477357
2024,4,Bob Weinstein,Kelly Doyle,-0.12667004600142803,-0.008525752116939529,-0.06759789905918379,-0.11814429388448851
2024,4,Bob Weinstein,Brandon Farley,-0.05809242637700765,-0.002403173843627048,-0.03024780011031735,-0.0556892525333806
2024,4,Bob Weinstein,Tony Schwartz,-0.00418143805385468,-0.0001709807477834925,-0.0021762094008190864,-0.004010457306071188
2024,4,Bob Weinstein,Patrick Cashman,-0.02749044108692253,-0.0009954024239938516,-0.014242921755458191,-0.026495038662928676
2024,4,Bob Weinstein,Lee Odell,0.09488910148660717,0.0028964429086625575,0.04889277219763487,0.09199265857794461
2024,4,Bob Weinstein,Uncertified Write In,-0.1336788876447622,-0.003486608992741004,-0.06858274831875161,-0.1301922786520212
2024,4,Bob Weinstein,L Christopher Regis,-0.03587880718572223,-0.0005930098063561618,-0.018235908496039194,-0.03528579737936607
2024,4,Tony Morse,Ben Hufford,0.03353088839461202,0.031072901633992345,0.03230189501430218,0.0024579867606196737
2024,4,Tony Morse,Stanley Penkin,0.0619266941947299,0.044740937901522365,0.053333816048126134,0.017185756293207538
2024,4,Tony Morse,John Toran,0.029489234321715962,0.01926172847285873,0.024375481397287346,0.010227505848857232
2024,4,Tony Morse,Andra Vltavin,-0.04012673229564784,-0.019702873837452325,-0.02991480306655008,-0.020423858458195512
2024,4,Tony Morse,Bob Callahan,0.004938153083262342,0.0023132447441977094,0.003625698913730026,0.0026249083390646327
2024,4,Tony Morse,Chloe Mason,-0.004340505592918958,-0.002014930461336148,-0.003177718027127553,-0.0023255751315828105
2024,4,Tony Morse,Kevin Goldsmith,-0.0011870390182745771,-0.0005126868657367445,-0.0008498629420056608,-0.0006743521525378326
2024,4,Tony Morse,Ciatta R Thompson,-0.009395251511452263,-0.003857826737942688,-0.006626539124697475,-0.005537424773509575
2024,4,Tony Morse,Moses Ross,0.012524627551283946,0.004952740383030757,0.008738683967157351,0.0075718871682531885
2024,4,Tony Morse,Chris Henry,-0.030116012463535485,-0.007273223906903971,-0.018694618185219728,-0.022842788556631514
2024,4,Tony Morse,Mike DiNapoli,-0.05070121074952935,-0.011486813638784357,-0.031094012194156855,-0.039214397110744995
2024,4,Tony Morse,Michael Trimble,0.011067890641960842,0.0015508081708802135,0.006309349406420528,0.009517082471080629
2024,4,Tony Morse,Joseph (Joe) Alfone,-0.011470229053616054,-0.0013967597360322118,-0.006433494394824133,-0.010073469317583843
2024,4,Tony Morse,Raquel Coyote,-0.08086368263390123,-0.009376915032890856,-0.04512029883339604,-0.07148676760101037
2024,4,Tony Morse,John J Goldsmith,-0.04210690076445489,-0.004650641387467727,-0.02337877107596131,-0.03745625937698716
2024,4,Tony Morse,Kelly Doyle,-0.07400903172900414,-0.007872469100571254,-0.040940750414787695,-0.06613656262843289
2024,4,Tony Morse,Brandon Farley,-0.02947349065930538,-0.0019269245742834402,-0.015700207616794408,-0.02754656608502194
2024,4,Tony Morse,Tony Schwartz,-0.018454950157265726,-0.0011926194575433684,-0.009823784807404548,-0.017262330699722356
2024,4,Tony Morse,Patrick Cashman,-0.038095913834428924,-0.0021800319105010667,-0.020137972872464997,-0.035915881923927855
2024,4,Tony Morse,Lee Odell,-0.027120651530614853,-0.0013083267649149086,-0.01421448914776488,-0.025812324765699945
2024,4,Tony Morse,Uncertified Write In,-0.09390597887932248,-0.0038708035986796067,-0.048888391239001044,-0.09003517528064287
2024,4,Tony Morse,L Christopher Regis,-0.051273274396907015,-0.00133931397715007,-0.026306294187028543,-0.049933960419756944
2024,4,Ben Hufford,Stanley Penkin,0.11052926558274695,0.08617230726084632,0.09835078642179663,0.02435695832190063
2024,4,Ben Hufford,John Toran,0.10999172701373866,0.07752736636438837,0.09375954668906351,0.03246436064935029
2024,4,Ben Hufford,Andra Vltavin,-0.10665186625991943,-0.05651028416737401,-0.08158107521364671,-0.05014158209254542
2024,4,Ben Hufford,Bob Callahan,0.11332431154376033,0.05728532408383159,0.08530481781379595,0.05603898745992873
2024,4,Ben Hufford,Chloe Mason,-0.019980881848009946,-0.010009160283781099,-0.014995021065895522,-0.009971721564228847
2024,4,Ben Hufford,Kevin Goldsmith,0.06163592372338156,0.028726608523133676,0.04518126612325762,0.03290931520024788
2024,4,Ben Hufford,Ciatta R Thompson,-0.052630970976504377,-0.023320558137776566,-0.03797576455714047,-0.02931041283872781
2024,4,Ben Hufford,Moses Ross,-0.004218999147743152,-0.0018003354408047817,-0.003009667294273967,-0.0024186637069383704
2024,4,Ben Hufford,Chris Henry,-0.03840314962145576,-0.010008283147783056,-0.024205716384619408,-0.028394866473672703
2024,4,Ben Hufford,Mike DiNapoli,-0.031046635449197474,-0.007590301668679557,-0.019318468558938515,-0.023456333780517917
2024,4,Ben Hufford,Michael Trimble,-0.016684684260513227,-0.002522751445011205,-0.009603717852762216,-0.014161932815502022
2024,4,Ben Hufford,Joseph (Joe) Alfone,-0.08250829949877135,-0.010842027461630809,-0.04667516348020108,-0.07166627203714054
2024,4,Ben Hufford,Raquel Coyote,-0.10792031644442127,-0.013504326359155282,-0.060712321401788276,-0.09441599008526598
2024,4,Ben Hufford,John J Goldsmith,-0.0663604508713978,-0.007909192637462729,-0.03713482175443027,-0.05845125823393507
2024,4,Ben Hufford,Kelly Doyle,-0.06064240066490861,-0.00696090774231008,-0.033801654203609345,-0.05368149292259854
2024,4,Ben Hufford,Brandon Farley,-0.00988817633664607,-0.0006976098336077784,-0.0052928930851269245,-0.009190566503038292
2024,4,Ben Hufford,Tony Schwartz,-0.03149897688055836,-0.002196588530326513,-0.016847782705442436,-0.02930238835023185
2024,4,Ben Hufford,Patrick Cashman,-0.001692304131316602,-0.00010450236509474374,-0.0008984032482056729,-0.0015878017662218583
2024,4,Ben Hufford,Lee Odell,-0.045762648212809384,-0.0023822673896525615,-0.024072457801230972,-0.043380380823156824
2024,4,Ben Hufford,Uncertified Write In,-0.05560804538215021,-0.0024734821000940137,-0.029040763741122112,-0.053134563282056194
2024,4,Ben Hufford,L Christopher Regis,0.016296928256927468,0.0004593675907858981,0.008378147923856683,0.01583756066614157
2024,4,Stanley Penkin,John Toran,0.0817976503528218,0.07395122997414985,0.07787444016348583,0.007846420378671948
2024,4,Stanley Penkin,Andra Vltavin,-0.05417223396460667,-0.0368167408261026,-0.04549448739535464,-0.017355493138504076
2024,4,Stanley Penkin,Bob Callahan,0.012403272040251934,0.008042037932054658,0.010222654986153296,0.004361234108197276
2024,4,Stanley Penkin,Chloe Mason,-0.02928151282613818,-0.018814213413576135,-0.024047863119857158,-0.010467299412562046
2024,4,Stanley Penkin,Kevin Goldsmith,0.006351772560199004,0.003797125477209881,0.0050744490187044425,0.0025546470829891227
2024,4,Stanley Penkin,Ciatta R Thompson,0.01572280792569089,0.008935877984099547,0.012329342954895219,0.006786929941591344
2024,4,Stanley Penkin,Moses Ross,0.009849166558676903,0.005390797746536002,0.007619982152606453,0.0044583688121409
2024,4,Stanley Penkin,Chris Henry,-0.04596957261633017,-0.015366422445103476,-0.03066799753071682,-0.03060315017122669
2024,4,Stanley Penkin,Mike DiNapoli,-0.03910606905770603,-0.012263042136068526,-0.025684555596887277,-0.0268430269216375
2024,4,Stanley Penkin,Michael Trimble,-0.006748500028991453,-0.001308800005622588,-0.00402865001730702,-0.005439700023368865
2024,4,Stanley Penkin,Joseph (Joe) Alfone,-0.008191182864573043,-0.0013806037576338907,-0.004785893311103467,-0.006810579106939153
2024,4,Stanley Penkin,Raquel Coyote,-0.05117648135083054,-0.008213905470728915,-0.029695193410779728,-0.042962575880101626
2024,4,Stanley Penkin,John J Goldsmith,-0.01674692379216114,-0.002560161913054519,-0.00965354285260783,-0.01418676187910662
2024,4,Stanley Penkin,Kelly Doyle,-0.05093297605747828,-0.007498909432078047,-0.02921594274477816,-0.04343406662540023
2024,4,Stanley Penkin,Brandon Farley,0.014978674057175623,0.0013554369627496437,0.008167055509962634,0.013623237094425979
2024,4,Stanley Penkin,Tony Schwartz,-0.013762881272948918,-0.0012310372382073435,-0.007496959255578131,-0.012531844034741575
2024,4,Stanley Penkin,Patrick Cashman,-0.03503442715118234,-0.0027749316385158014,-0.01890467939484907,-0.03225949551266653
2024,4,Stanley Penkin,Lee Odell,-0.005808352438467473,-0.0003878304292769825,-0.003098091433872228,-0.005420522009190491
2024,4,Stanley Penkin,Uncertified Write In,-0.06979913473910893,-0.003982270383234428,-0.036890702561171676,-0.0658168643558745
2024,4,Stanley Penkin,L Christopher Regis,-0.006247079857574278,-0.00022586098544625979,-0.003236470421510269,-0.006021218872128018
2024,4,John Toran,Andra Vltavin,-0.03989990383499388,-0.02999410246680538,-0.03494700315089963,-0.0099058013681885
2024,4,John Toran,Bob Callahan,0.06917190767280693,0.04960837807556252,0.059390142874184725,0.019563529597244403
2024,4,John Toran,Chloe Mason,0.07570780005469749,0.053805740006511185,0.06475677003060434,0.021902060048186303
2024,4,John Toran,Kevin Goldsmith,0.053451547508570424,0.03534400176797636,0.04439777463827339,0.01810754574059406
2024,4,John Toran,Ciatta R Thompson,0.09957707973793065,0.06259821274787387,0.08108764624290227,0.03697886699005677
2024,4,John Toran,Moses Ross,0.006160393537739298,0.0037295586396993152,0.0049449760887193064,0.0024308348980399824
2024,4,John Toran,Chris Henry,-0.04588222764697848,-0.016964545335492853,-0.03142338649123567,-0.02891768231148563
2024,4,John Toran,Mike DiNapoli,-0.01247823258395947,-0.004328152564084878,-0.008403192574022174,-0.008150080019874592
2024,4,John Toran,Michael Trimble,0.03161841910685623,0.0067826844501069315,0.01920055177848158,0.024835734656749296
2024,4,John Toran,Joseph (Joe) Alfone,-0.0018047910177776683,-0.0003364687831340016,-0.001070629900455835,-0.0014683222346436667
2024,4,John Toran,Raquel Coyote,-0.0502781326172817,-0.00892593755202782,-0.02960203508465476,-0.04135219506525388
2024,4,John Toran,John J Goldsmith,-0.020501987709557842,-0.0034667600576841345,-0.011984373883620988,-0.017035227651873708
2024,4,John Toran,Kelly Doyle,-0.046773874278034006,-0.00761724327990637,-0.02719555877897019,-0.039156630998127634
2024,4,John Toran,Brandon Farley,0.028099465535143253,0.0028125447472762428,0.015456005141209747,0.025286920787867012
2024,4,John Toran,Tony Schwartz,-0.03217065598176769,-0.003182857318584505,-0.017676756650176095,-0.028987798663183184
2024,4,John Toran,Patrick Cashman,-0.00987575794709701,-0.0008652131904645782,-0.0053704855687807945,-0.009010544756632433
2024,4,John Toran,Lee Odell,-0.0016670215061705962,-0.00012311913343076783,-0.000895070319800682,-0.0015439023727398284
2024,4,John Toran,Uncertified Write In,-0.05417007400922309,-0.0034184998161160204,-0.028794286912669557,-0.05075157419310707
2024,4,John Toran,L Christopher Regis,-0.008731889842715224,-0.0003491948550138086,-0.004540542348864516,-0.008382694987701415
2024,4,Andra Vltavin,Bob Callahan,-0.04835688314231538,-0.046133834547673266,-0.047245358844994326,-0.0022230485946421116
2024,4,Andra Vltavin,Chloe Mason,0.1281010198414576,0.12110903613239894,0.12460502798692827,0.006991983709058666
2024,4,Andra Vltavin,Kevin Goldsmith,0.009784764161023418,0.008606801316914978,0.009195782738969198,0.0011779628441084405
2024,4,Andra Vltavin,Ciatta R Thompson,0.1729888487824427,0.1446627227133619,0.1588257857479023,0.028326126069080804
2024,4,Andra Vltavin,Moses Ross,0.0410322551174543,0.03304534937042215,0.037038802243938226,0.007986905747032147
2024,4,Andra Vltavin,Chris Henry,0.2975278476571715,0.14633941953494642,0.22193363359605894,0.15118842812222508
2024,4,Andra Vltavin,Mike DiNapoli,0.21212190971776002,0.0978748233491694,0.15499836653346472,0.11424708636859061
2024,4,Andra Vltavin,Michael Trimble,0.19485449741841154,0.055604235425672166,0.12522936642204185,0.13925026199273938
2024,4,Andra Vltavin,Joseph (Joe) Alfone,0.1322078575099095,0.03278771127974846,0.08249778439482897,0.09942014623016103
2024,4,Andra Vltavin,Raquel Coyote,0.16391879339542298,0.03871144936275672,0.10131512137908985,0.12520734403266626
2024,4,Andra Vltavin,John J Goldsmith,0.059445073584532146,0.013371485647935194,0.03640827961623367,0.04607358793659695
2024,4,Andra Vltavin,Kelly Doyle,0.10116835721136812,0.02191669977103593,0.06154252849120202,0.07925165744033219
2024,4,Andra Vltavin,Brandon Farley,-0.009721386550689395,-0.0012943912596705114,-0.005507888905179953,-0.008426995291018884
2024,4,Andra Vltavin,Tony Schwartz,0.025033960840905867,0.0032947525337969595,0.014164356687351413,0.021739208307108907
2024,4,Andra Vltavin,Patrick Cashman,-0.009581234089185611,-0.0011166321401603167,-0.005348933114672964,-0.008464601949025295
2024,4,Andra Vltavin,Lee Odell,0.1890862914392415,0.018577204832360902,0.1038317481358012,0.17050908660688058
2024,4,Andra Vltavin,Uncertified Write In,-0.026171064663185056,-0.002197017420986937,-0.014184041042085996,-0.02397404724219812
2024,4,Andra Vltavin,L Christopher Regis,-0.021195308242341934,-0.001127548685708842,-0.011161428464025389,-0.02006775955663309
2024,4,Bob Callahan,Chloe Mason,0.003684914168355119,0.0036516578922184822,0.0036682860302868006,3.325627613663673e-05
2024,4,Bob Callahan,Kevin Goldsmith,0.11191677978122828,0.10318709059281339,0.10755193518702083,0.008729689188414894
2024,4,Bob Callahan,Ciatta R Thompson,-0.009545039260933863,-0.008366715316715442,-0.008955877288824653,-0.0011783239442184207
2024,4,Bob Callahan,Moses Ross,-0.0031802692731889015,-0.0026846495492286043,-0.002932459411208753,-0.0004956197239602972
2024,4,Bob Callahan,Chris Henry,-0.001169271897983007,-0.000602820435398492,-0.0008860461666907495,-0.0005664514625845149
2024,4,Bob Callahan,Mike DiNapoli,0.036079330969520054,0.01744948787099592,0.026764409420257988,0.018629843098524133
2024,4,Bob Callahan,Michael Trimble,0.02903211107730022,0.00868389978395958,0.0188580054306299,0.02034821129334064
2024,4,Bob Callahan,Joseph (Joe) Alfone,0.02265210594657359,0.0058884523596814155,0.014270279153127502,0.016763653586892174
2024,4,Bob Callahan,Raquel Coyote,-0.020985848692814717,-0.005194885349260823,-0.01309036702103777,-0.015790963343553892
2024,4,Bob Callahan,John J Goldsmith,0.04762139384534887,0.011228057888113683,0.029424725866731276,0.03639333595723519
2024,4,Bob Callahan,Kelly Doyle,0.053965727484142925,0.012254264307035842,0.033109995895589384,0.04171146317710708
2024,4,Bob Callahan,Brandon Farley,0.06923379141496049,0.009662604893691506,0.03944819815432599,0.05957118652126898
2024,4,Bob Callahan,Tony Schwartz,0.06397813105796409,0.008825991971896418,0.03640206151493025,0.05515213908606767
2024,4,Bob Callahan,Patrick Cashman,0.13547715702398389,0.01654982836811922,0.07601349269605155,0.11892732865586467
2024,4,Bob Callahan,Lee Odell,0.06309327885022127,0.006497438386026011,0.03479535861812364,0.05659584046419526
2024,4,Bob Callahan,Uncertified Write In,0.01435641321194718,0.0012632718152656179,0.0078098425136064,0.013093141396681562
2024,4,Bob Callahan,L Christopher Regis,0.07807785554610629,0.004353736989355806,0.041215796267731045,0.07372411855675048
2024,4,Chloe Mason,Kevin Goldsmith,0.026472989483521336,0.02463034198003343,0.025551665731777383,0.001842647503487907
2024,4,Chloe Mason,Ciatta R Thompson,0.17559381498460008,0.1553187119371019,0.165456263460851,0.02027510304749819
2024,4,Chloe Mason,Moses Ross,0.0208410188474151,0.01775333496873642,0.01929717690807576,0.003087683878678679
2024,4,Chloe Mason,Chris Henry,0.040198382933963245,0.02091309595149591,0.030555739442729577,0.019285286982467335
2024,4,Chloe Mason,Mike DiNapoli,0.06246740048245365,0.030487017213830445,0.04647720884814205,0.03198038326862321
2024,4,Chloe Mason,Michael Trimble,0.11543017007649702,0.034841176721739864,0.07513567339911845,0.08058899335475715
2024,4,Chloe Mason,Joseph (Joe) Alfone,0.09405782095192723,0.024673160708319826,0.05936549083012353,0.0693846602436074
2024,4,Chloe Mason,Raquel Coyote,0.2981034818581062,0.07446527047228023,0.18628437616519322,0.22363821138582596
2024,4,Chloe Mason,John J Goldsmith,0.06749010537713103,0.01605757426683082,0.04177383982198092,0.05143253111030021
2024,4,Chloe Mason,Kelly Doyle,0.26193485975614267,0.06002052649152789,0.16097769312383528,0.20191433326461478
2024,4,Chloe Mason,Brandon Farley,0.06419007491045416,0.009040267502431828,0.03661517120644299,0.055149807408022326
2024,4,Chloe Mason,Tony Schwartz,0.0530258436182308,0.007381707942300466,0.030203775780265636,0.045644135675930335
2024,4,Chloe Mason,Patrick Cashman,0.051774394896804535,0.00638233718194468,0.02907836603937461,0.04539205771485985
2024,4,Chloe Mason,Lee Odell,0.1045118103009857,0.010860797980538276,0.05768630414076199,0.09365101232044742
2024,4,Chloe Mason,Uncertified Write In,-0.0068916532151538645,-0.0006119438372863906,-0.0037517985262201276,-0.006279709377867474
2024,4,Chloe Mason,L Christopher Regis,0.021004342888934727,0.0011818999251213868,0.011093121407028056,0.01982244296381334
2024,4,Kevin Goldsmith,Ciatta R Thompson,0.013678736344042416,0.013004482953198157,0.013341609648620287,0.0006742533908442594
2024,4,Kevin Goldsmith,Moses Ross,0.0027468071499630042,0.002514905759745875,0.0026308564548544397,0.00023190139021712908
2024,4,Kevin Goldsmith,Chris Henry,-0.011740645436702293,-0.006564992964868142,-0.009152819200785218,-0.005175652471834151
2024,4,Kevin Goldsmith,Mike DiNapoli,0.04272145477601205,0.022409908369657776,0.03256568157283492,0.020311546406354276
2024,4,Kevin Goldsmith,Michael Trimble,0.03480221952109702,0.011290494569333343,0.023046357045215182,0.02351172495176368
2024,4,Kevin Goldsmith,Joseph (Joe) Alfone,0.0574792963964845,0.016205926426766208,0.036842611411625356,0.04127336996971829
2024,4,Kevin Goldsmith,Raquel Coyote,0.09795326118776368,0.026298935358224963,0.06212609827299432,0.07165432582953872
2024,4,Kevin Goldsmith,John J Goldsmith,0.35263159409389266,0.09017654643582676,0.2214040702648597,0.26245504765806593
2024,4,Kevin Goldsmith,Kelly Doyle,0.06879130752677481,0.016942309439822705,0.04286680848329876,0.051848998086952106
2024,4,Kevin Goldsmith,Brandon Farley,0.10094685000608547,0.015280540483354312,0.05811369524471989,0.08566630952273116
2024,4,Kevin Goldsmith,Tony Schwartz,0.12052067746502226,0.01803280893376316,0.06927674319939271,0.1024878685312591
2024,4,Kevin Goldsmith,Patrick Cashman,0.12595492400658514,0.01668831190298751,0.07132161795478632,0.10926661210359764
2024,4,Kevin Goldsmith,Lee Odell,0.2525007719467621,0.02820276057926603,0.14035176626301407,0.2242980113674961
2024,4,Kevin Goldsmith,Uncertified Write In,0.020665314759192255,0.00197225342746355,0.011318784093327903,0.018693061331728704
2024,4,Kevin Goldsmith,L Christopher Regis,0.046814502758091237,0.0028312913746372254,0.02482289706636423,0.04398321138345401
2024,4,Ciatta R Thompson,Moses Ross,0.027041211446702823,0.02604189475231282,0.02654155309950782,0.000999316694390004
2024,4,Ciatta R Thompson,Chris Henry,0.01944379859539297,0.01143605657412431,0.01543992758475864,0.008007742021268659
2024,4,Ciatta R Thompson,Mike DiNapoli,0.07005608277825211,0.038653852623190765,0.054354967700721436,0.03140223015506134
2024,4,Ciatta R Thompson,Michael Trimble,0.09882289470301282,0.03372224537025038,0.0662725700366316,0.06510064933276244
2024,4,Ciatta R Thompson,Joseph (Joe) Alfone,0.08905347009262736,0.026409863441700307,0.05773166676716383,0.06264360665092705
2024,4,Ciatta R Thompson,Raquel Coyote,0.1322280671168059,0.03734184796679792,0.0847849575418019,0.09488621915000799
2024,4,Ciatta R Thompson,John J Goldsmith,-0.0018607059522303127,-0.0005004987696475352,-0.001180602360938924,-0.0013602071825827775
2024,4,Ciatta R Thompson,Kelly Doyle,0.060401860587352404,0.015647402384184512,0.038024631485768456,0.044754458203167896
2024,4,Ciatta R Thompson,Brandon Farley,0.05150491469186365,0.008200635433563879,0.029852775062713763,0.04330427925829977
2024,4,Ciatta R Thompson,Tony Schwartz,0.022561011042039558,0.0035506941445092605,0.013055852593274409,0.0190103168975303
2024,4,Ciatta R Thompson,Patrick Cashman,0.0306861805732703,0.004276544378477458,0.01748136247587388,0.026409636194792842
2024,4,Ciatta R Thompson,Lee Odell,0.010480218916492923,0.001231266756322666,0.005855742836407794,0.009248952160170257
2024,4,Ciatta R Thompson,Uncertified Write In,-0.026940888927150124,-0.002704490780331672,-0.014822689853740897,-0.024236398146818453
2024,4,Ciatta R Thompson,L Christopher Regis,0.033149309891372394,0.0021087812506738086,0.0176290455710231,0.031040528640698586
2024,4,Moses Ross,Chris Henry,0.04269526495366677,0.026075248680179457,0.034385256816923115,0.01662001627348731
2024,4,Moses Ross,Mike DiNapoli,0.044018987514001184,0.025219736832668496,0.03461936217333484,0.018799250681332688
2024,4,Moses Ross,Michael Trimble,0.03247739649261751,0.011507836557903418,0.021992616525260463,0.02096955993471409
2024,4,Moses Ross,Joseph (Joe) Alfone,0.026577394889265443,0.008184295142494302,0.017380845015879873,0.01839309974677114
2024,4,Moses Ross,Raquel Coyote,0.056723086147789925,0.016633573944827288,0.036678330046308605,0.04008951220296264
2024,4,Moses Ross,John J Goldsmith,0.0014428400780701761,0.0004029925609424709,0.0009229163195063235,0.0010398475171277052
2024,4,Moses Ross,Kelly Doyle,0.02824544242884032,0.007597905380342881,0.017921673904591602,0.02064753704849744
2024,4,Moses Ross,Brandon Farley,0.02179237021245506,0.0036029386414635507,0.012697654426959304,0.01818943157099151
2024,4,Moses Ross,Tony Schwartz,0.04504084315713572,0.007360626525870212,0.026200734841502964,0.03768021663126551
2024,4,Moses Ross,Patrick Cashman,0.024071371108212086,0.0034834095647240867,0.013777390336468087,0.020587961543488
2024,4,Moses Ross,Lee Odell,0.030314635443564567,0.0036981771761049574,0.017006406309834764,0.02661645826745961
2024,4,Moses Ross,Uncertified Write In,-0.011500357075653299,-0.0011987771980348791,-0.0063495671368440885,-0.01030157987761842
2024,4,Moses Ross,L Christopher Regis,0.08779245030963964,0.005799195839468368,0.046795823074554,0.08199325447017128
2024,4,Chris Henry,Mike DiNapoli,0.06093374500169326,0.057162290950322436,0.05904801797600785,0.0037714540513708247
2024,4,Chris Henry,Michael Trimble,0.13125387536053915,0.0761510449106473,0.10370246013559323,0.05510283044989185
2024,4,Chris Henry,Joseph (Joe) Alfone,0.08601362641340701,0.043369796625453434,0.06469171151943022,0.04264382978795358
2024,4,Chris Henry,Raquel Coyote,0.004525247486975942,0.0021727977930587825,0.003349022640017362,0.0023524496939171594
2024,4,Chris Henry,John J Goldsmith,0.015034030096909866,0.006875519234691822,0.010954774665800844,0.008158510862218044
2024,4,Chris Henry,Kelly Doyle,0.0434680741075106,0.01914551935526178,0.03130679673138619,0.02432255475224882
2024,4,Chris Henry,Brandon Farley,0.035668494696367785,0.009655803815896999,0.022662149256132393,0.026012690880470785
2024,4,Chris Henry,Tony Schwartz,0.05409568167700709,0.014475118323075358,0.034285400000041225,0.03962056335393173
2024,4,Chris Henry,Patrick Cashman,0.04669179047290382,0.011063575235530195,0.028877682854217004,0.035628215237373626
2024,4,Chris Henry,Lee Odell,0.02715887913799315,0.0054249839853634345,0.01629193156167829,0.021733895152629714
2024,4,Chris Henry,Uncertified Write In,0.018740849593203046,0.0031986570421659475,0.010969753317684497,0.015542192551037098
2024,4,Chris Henry,L Christopher Regis,0.04211631805537671,0.004555250405489321,0.023335784230433015,0.03756106764988739
2024,4,Mike DiNapoli,Michael Trimble,0.09234772066434944,0.05711341871144038,0.0747305696878949,0.03523430195290907
2024,4,Mike DiNapoli,Joseph (Joe) Alfone,0.11091320156308172,0.05961445988712124,0.08526383072510148,0.051298741675960484
2024,4,Mike DiNapoli,Raquel Coyote,0.04942387008963681,0.02529658928946422,0.037360229689550516,0.024127280800172585
2024,4,Mike DiNapoli,John J Goldsmith,0.026500795357351545,0.012919248119895137,0.01971002173862334,0.013581547237456408
2024,4,Mike DiNapoli,Kelly Doyle,0.05456566687222493,0.02561913516260077,0.04009240101741285,0.02894653170962416
2024,4,Mike DiNapoli,Brandon Farley,0.035939940143524404,0.010371205652879753,0.023155572898202078,0.025568734490644653
2024,4,Mike DiNapoli,Tony Schwartz,0.06602239033885798,0.018832111339574284,0.042427250839216134,0.0471902789992837
2024,4,Mike DiNapoli,Patrick Cashman,0.076977190230358,0.019443089035192058,0.048210139632775026,0.05753410119516594
2024,4,Mike DiNapoli,Lee Odell,0.03756451954190597,0.007998576470269214,0.02278154800608759,0.029565943071636756
2024,4,Mike DiNapoli,Uncertified Write In,0.01765876019952691,0.003212823415175506,0.010435791807351208,0.014445936784351406
2024,4,Mike DiNapoli,L Christopher Regis,0.0764891398391551,0.008818807858829613,0.04265397384899236,0.06767033198032549
2024,4,Michael Trimble,Joseph (Joe) Alfone,0.08554060345023276,0.07434105245971198,0.07994082795497237,0.011199550990520779
2024,4,Michael Trimble,Raquel Coyote,0.021380104121859124,0.017693879273262724,0.019536991697560922,0.0036862248485964
2024,4,Michael Trimble,John J Goldsmith,0.04552694138547271,0.035886807783915176,0.04070687458469394,0.009640133601557535
2024,4,Michael Trimble,Kelly Doyle,0.03258504409110445,0.02473724521786971,0.028661144654487082,0.007847798873234741
2024,4,Michael Trimble,Brandon Farley,0.05086492417574673,0.023733310525968034,0.03729911735085738,0.027131613649778695
2024,4,Michael Trimble,Tony Schwartz,0.063424009885099,0.029251590765972384,0.046337800325535694,0.034172419119126614
2024,4,Michael Trimble,Patrick Cashman,0.03781246450004734,0.015442806083532264,0.026627635291789804,0.022369658416515076
2024,4,Michael Trimble,Lee Odell,0.032145215624206545,0.01106723749130818,0.021606226557757364,0.021077978132898363
2024,4,Michael Trimble,Uncertified Write In,0.012437224085229091,0.003658795447486576,0.008048009766357833,0.008778428637742516
2024,4,Michael Trimble,L Christopher Regis,0.004708921559238702,0.0008778485234356634,0.0027933850413371826,0.0038310730358030384
2024,4,Joseph (Joe) Alfone,Raquel Coyote,0.035615298149367154,0.03391512582605577,0.03476521198771146,0.0017001723233113844
2024,4,Joseph (Joe) Alfone,John J Goldsmith,0.05552969707281213,0.05036574508216004,0.05294772107748608,0.005163951990652088
2024,4,Joseph (Joe) Alfone,Kelly Doyle,0.03646225299322805,0.0318507839227888,0.03415651845800842,0.004611469070439252
2024,4,Joseph (Joe) Alfone,Brandon Farley,0.03671139370363967,0.01970989891342341,0.02821064630853154,0.01700149479021626
2024,4,Joseph (Joe) Alfone,Tony Schwartz,0.03972233670076902,0.02108017372340873,0.030401255212088876,0.018642162977360294
2024,4,Joseph (Joe) Alfone,Patrick Cashman,0.056811084758865836,0.026697335553143398,0.04175421015600462,0.030113749205722438
2024,4,Joseph (Joe) Alfone,Lee Odell,0.07600127721822475,0.030108379505545943,0.053054828361885346,0.04589289771267881
2024,4,Joseph (Joe) Alfone,Uncertified Write In,0.011941706116400122,0.004042263818694647,0.007991984967547385,0.007899442297705474
2024,4,Joseph (Joe) Alfone,L Christopher Regis,0.04833883499907813,0.01036902474251769,0.02935392987079791,0.03796981025656044
2024,4,Raquel Coyote,John J Goldsmith,0.09891205991294973,0.09421116123219103,0.09656161057257037,0.0047008986807586944
2024,4,Raquel Coyote,Kelly Doyle,0.23760788651733408,0.21796192194200764,0.22778490422967085,0.01964596457532644
2024,4,Raquel Coyote,Brandon Farley,0.08852339667391575,0.04990967546849677,0.06921653607120626,0.03861372120541898
2024,4,Raquel Coyote,Tony Schwartz,0.08862322184496753,0.04938898300735169,0.06900610242615961,0.039234238837615835
2024,4,Raquel Coyote,Patrick Cashman,0.08419999791578843,0.04155182188812996,0.0628759099019592,0.04264817602765847
2024,4,Raquel Coyote,Lee Odell,0.13177804904283802,0.05482172743383692,0.09329988823833747,0.0769563216090011
2024,4,Raquel Coyote,Uncertified Write In,0.022102904156425542,0.007856891711854393,0.014979897934139967,0.01424601244457115
2024,4,Raquel Coyote,L Christopher Regis,0.08691477821685452,0.019578459155619572,0.05324661868623705,0.06733631906123494
2024,4,John J Goldsmith,Kelly Doyle,0.06538697297811014,0.06297350986066792,0.06418024141938902,0.0024134631174422133
2024,4,John J Goldsmith,Brandon Farley,0.07677286735228342,0.045444499745097365,0.061108683548690396,0.031328367607186054
2024,4,John J Goldsmith,Tony Schwartz,0.11994860282097608,0.07018182092601198,0.09506521187349404,0.0497667818949641
2024,4,John J Goldsmith,Patrick Cashman,0.09570563682585859,0.04958637916199646,0.07264600799392752,0.04611925766386213
2024,4,John J Goldsmith,Lee Odell,0.22036653095050088,0.09625031666259062,0.15830842380654575,0.12411621428791025
2024,4,John J Goldsmith,Uncertified Write In,0.026717457019736823,0.009971108361432883,0.018344282690584853,0.01674634865830394
2024,4,John J Goldsmith,L Christopher Regis,0.0589645933131159,0.013945146470497674,0.03645486989180678,0.04501944684261822
2024,4,Kelly Doyle,Brandon Farley,0.06015573689581827,0.0369729369423553,0.048564336919086785,0.023182799953462965
2024,4,Kelly Doyle,Tony Schwartz,0.0704188436709796,0.04278107181146809,0.056599957741223846,0.02763777185951151
2024,4,Kelly Doyle,Patrick Cashman,0.0739820819024298,0.0398001547778863,0.05689111834015805,0.0341819271245435
2024,4,Kelly Doyle,Lee Odell,0.058316113060943475,0.026447122956666347,0.04238161800880491,0.03186899010427713
2024,4,Kelly Doyle,Uncertified Write In,0.014600829909040606,0.005657951121601257,0.010129390515320932,0.008942878787439348
2024,4,Kelly Doyle,L Christopher Regis,0.08857021312697874,0.021749676183062203,0.05515994465502047,0.06682053694391654
2024,4,Brandon Farley,Tony Schwartz,0.05880521674575533,0.05812617267247871,0.05846569470911702,0.0006790440732766245
2024,4,Brandon Farley,Patrick Cashman,0.09425265589945543,0.08249828310829933,0.08837546950387738,0.011754372791156098
2024,4,Brandon Farley,Lee Odell,0.052874513105429476,0.03901479662167371,0.04594465486355159,0.013859716483755766
2024,4,Brandon Farley,Uncertified Write In,0.02717329726336857,0.017132356011315516,0.02215282663734204,0.010040941252053053
2024,4,Brandon Farley,L Christopher Regis,0.02050366631628097,0.008191996010892858,0.014347831163586913,0.012311670305388113
2024,4,Tony Schwartz,Patrick Cashman,0.07459408689917228,0.06605410966071563,0.07032409827994396,0.008539977238456647
2024,4,Tony Schwartz,Lee Odell,0.05456980753786813,0.04073610632791791,0.04765295693289302,0.01383370120995022
2024,4,Tony Schwartz,Uncertified Write In,0.016314635479879165,0.010406297864502364,0.013360466672190765,0.005908337615376801
2024,4,Tony Schwartz,L Christopher Regis,0.07554731031949043,0.030536646460915518,0.05304197839020297,0.04501066385857491
2024,4,Patrick Cashman,Lee Odell,0.062107010659647965,0.052356701598304814,0.05723185612897639,0.009750309061343151
2024,4,Patrick Cashman,Uncertified Write In,0.01209755219948528,0.008714067943164858,0.010405810071325069,0.0033834842563204223
2024,4,Patrick Cashman,L Christopher Regis,0.06815421230238816,0.031109970259401456,0.04963209128089481,0.0370442420429867
2024,4,Lee Odell,Uncertified Write In,0.008154202250686733,0.006967440420774579,0.007560821335730656,0.0011867618299121535
2024,4,Lee Odell,L Christopher Regis,0.04947415397526273,0.026788822027294063,0.0381314880012784,0.02268533194796867
2024,4,Uncertified Write In,L Christopher Regis,0.007333800430544179,0.004647426646462062,0.005990613538503121,0.0026863737840821167
