year,district,candidate,candidate_key,filing_status,filing_date,pdf_label,pdf_url,pdf_local_path,download_status,form_type_detected,filed_as,office_sought,ballot_name,campaign_website,race_ethnicity_self_reported,tribe_native_corporation_self_reported,occupation,occupational_background,prior_govt_experience,education_background,public_funding_program,candidate_committee,filing_method,parse_method,text_local_path,needs_manual_review
2024,1,Joe Allen,2024|1|joe allen,Qualified,"August 27, 2024",Candidate Filing Application,https://www.portland.gov/auditor/elections/documents/joe-allen-aud-120-2/download,candidate_filings/2024/pdfs/d1/joe-allen/candidate-filing-application.pdf,downloaded,candidate_filing_application,Original,Councilor District 1 (4-Year Term),Joe Allen Page 2: Candidate Information,joeallenforportland.com,Prefer Not to Answer | Page 9: Candidate Information: Demographic Information,,Woodworker,Woodworker,None,"[{""school"": ""Rancho Santiago Community College"", ""last_grade_completed"": ""Sophomore"", ""credential"": ""n/a"", ""course_of_study"": """"}, {""school"": ""Fullerton Junior College"", ""last_grade_completed"": ""Sophomore"", ""credential"": ""n/a"", ""course_of_study"": """"}, {""school"": ""Florida College"", ""last_grade_completed"": ""Freshman"", ""credential"": ""n/a"", ""course_of_study"": """"}]",I have reviewed the above campaign finance,I have reviewed the above State campaign finance,,text_layer,candidate_filings/2024/extracted_text/d1/joe-allen/candidate-filing-application.txt,False
2024,1,Candace Avalos,2024|1|candace avalos,Qualified,"July 5, 2024",Candidate Filing Application,https://www.portland.gov/auditor/elections/documents/candace-avalos-aud-120/download,candidate_filings/2024/pdfs/d1/candace-avalos/candidate-filing-application.pdf,downloaded,candidate_filing_application,Original,Councilor District 1 (4-Year Term),Candace Avalos Page 2: Candidate Information,www.candaceavalos.com,"Black or African American | Hispanic, Latino, Latina, or Latinx",,"Executive Director of Verde, environmental justice nonprofit",Coordinator of Student Government Relations and Greek Life Advisor at Portland State University University Program Board Graduate Advisor at James Madison University Graduate Hall Director at Stanford University Office of Judicial Affairs Graduate Assistant at James Madison University English as a Second Language Assistant at Dominion High School,"Chair of the Citizen Review Committee Co-chair of committee on Charter Review Commission Governor Kotek's Downtown Portland Task Force, environmental justice committee of Racial Justice Council Governor Brown's DPSST Training Task Force","[{""school"": ""Dominion High School"", ""last_grade_completed"": ""12th"", ""credential"": ""High School Diploma"", ""course_of_study"": ""N/A""}, {""school"": ""James Madison University"", ""last_grade_completed"": ""Undergraduate"", ""credential"": ""Bachelor of Arts"", ""course_of_study"": ""Modern Foreign Languages""}, {""school"": ""James Madison University"", ""last_grade_completed"": ""Graduate"", ""credential"": ""Master of Education"", ""course_of_study"": ""College Student Personnel Administration""}]",I have reviewed the above campaign finance,I have reviewed the above State campaign finance,,text_layer,candidate_filings/2024/extracted_text/d1/candace-avalos/candidate-filing-application.txt,False
2024,1,Doug Clove,2024|1|doug clove,Qualified,"June 26, 2024",Candidate Filing Application,https://www.portland.gov/auditor/elections/documents/doug-clove/download,candidate_filings/2024/pdfs/d1/doug-clove/candidate-filing-application.pdf,downloaded,candidate_filing_application,Original,Councilor District 1 (4-Year Term),Doug Clove Page 2: Candidate Information,,Prefer Not to Answer | Page 9: Candidate Information: Demographic Information,,Water Service Inspector,2.5 years as an Assistant Business Systems Analyst working on Water Bureau Billing System,"VP for Finance, Associated Students of MHCC, Legislative Assistant, Representative Ron Adams","[{""school"": ""Portland State University"", ""last_grade_completed"": ""Graduated"", ""credential"": ""Bachelor of Science"", ""course_of_study"": ""Political Science & Social Science""}, {""school"": ""Mt Hood Community College"", ""last_grade_completed"": ""Graduated"", ""credential"": ""Associates Degree"", ""course_of_study"": ""Transfer Degree""}, {""school"": ""Franklin High School"", ""last_grade_completed"": ""12"", ""credential"": ""Diploma"", ""course_of_study"": """"}, {""school"": ""Our Lady of Sorrows"", ""last_grade_completed"": ""8"", ""credential"": ""Graduated"", ""course_of_study"": """"}]",I have reviewed the above campaign finance,I have reviewed the above State campaign finance,,text_layer,candidate_filings/2024/extracted_text/d1/doug-clove/candidate-filing-application.txt,False
2024,1,Jamie Dunphy,2024|1|jamie dunphy,Qualified,"June 5, 2024",Candidate Filing Application,https://www.portland.gov/auditor/elections/documents/jamie-dunphy-aud-120/download,candidate_filings/2024/pdfs/d1/jamie-dunphy/candidate-filing-application.pdf,downloaded,candidate_filing_application,Original,Councilor District 1 (4-Year Term),Jamie Dunphy Page 2: Candidate Information,www.jamiedunphy.com,White | Page 9: Candidate Information: Demographic Information,,"Oregon Government Relations Director, The American Cancer Society Cancer Action Network","Senior Policy Director, Portland City Commissioner Nick Fish Constituent Services Representative, US Senator Jeff Merkley Behavioral Assistant, David Douglas School District Board member, MusicPortland","Parkrose School Board Budget Committee. Community Representative, Community Police Relations Committee. Kelly Elementary PTA","[{""school"": ""Portland State University"", ""last_grade_completed"": """", ""credential"": ""Bachelors of Science"", ""course_of_study"": ""Political Science""}, {""school"": ""Portland Community College"", ""last_grade_completed"": """", ""credential"": ""Associates of science, associates of art, associates of"", ""course_of_study"": """"}, {""school"": ""Grant High School"", ""last_grade_completed"": ""12th grade"", ""credential"": """", ""course_of_study"": """"}]",I have reviewed the above campaign finance,I have reviewed the above State campaign finance,,text_layer,candidate_filings/2024/extracted_text/d1/jamie-dunphy/candidate-filing-application.txt,False
2024,1,Timur Ender,2024|1|timur ender,Qualified,"June 7, 2024",Candidate Filing Application,https://www.portland.gov/auditor/elections/documents/timur-ender-aud-120/download,candidate_filings/2024/pdfs/d1/timur-ender/candidate-filing-application.pdf,downloaded,candidate_filing_application,Original,Councilor District 1 (4-Year Term),Timur Ender Page 2: Candidate Information,www.ender4eastportland.com,Middle Eastern or Northern African | Page 9: Candidate Information: Demographic Information,,Not Employed,Infrastructure Project Manager,"City of Portland, Policy Advisor (2015-16) Municipal Infrastructure Project Manager (2017-21) Multnomah County Public Health Advisory Board (2019-21) Multnomah County Charter Review Committee (2021-22)","[{""school"": ""North Carolina State University"", ""last_grade_completed"": ""Undergraduate"", ""credential"": ""Bachelor of Arts"", ""course_of_study"": ""Criminology""}, {""school"": ""Lewis & Clark Law School"", ""last_grade_completed"": """", ""credential"": ""Juris Doctor"", ""course_of_study"": ""Law""}, {""school"": ""Broughton High School"", ""last_grade_completed"": ""12th"", ""credential"": ""high school"", ""course_of_study"": """"}]",I have reviewed the above campaign finance,I have reviewed the above State campaign finance,,text_layer,candidate_filings/2024/extracted_text/d1/timur-ender/candidate-filing-application.txt,False
2024,1,Noah Ernst,2024|1|noah ernst,Qualified,"July 16, 2024",Candidate Filing Application,https://www.portland.gov/auditor/elections/documents/ernst-aud-120/download,candidate_filings/2024/pdfs/d1/noah-ernst/candidate-filing-application.pdf,downloaded,candidate_filing_application,Original,Councilor District 1 (4-Year Term),Noah Ernst Page 2: Candidate Information,noahernst4portlan.com,White | Page 9: Candidate Information: Demographic Information,,Superintendent - In-House Council Radio Cab Co.,Attorney,None,"[{""school"": ""University of Oregon School of Law"", ""last_grade_completed"": ""Graduated"", ""credential"": ""Juris Doctorate"", ""course_of_study"": ""Law""}, {""school"": ""Central Washington University"", ""last_grade_completed"": """", ""credential"": ""BA - Art BA - Philosophy"", ""course_of_study"": """"}]",I have reviewed the above campaign finance,I have reviewed the above State campaign finance,,text_layer,candidate_filings/2024/extracted_text/d1/noah-ernst/candidate-filing-application.txt,False
2024,1,Joe Furi,2024|1|joe furi,Qualified,"August 12, 2024",Candidate Filing Application,https://www.portland.gov/auditor/elections/documents/furi-aud-120/download,candidate_filings/2024/pdfs/d1/joe-furi/candidate-filing-application.pdf,downloaded,candidate_filing_application,Original,Councilor District 1 (4-Year Term),Joe Furi Page 2: Candidate Information,joefuriforportland.com,White | Page 9: Candidate Information: Demographic Information,,Property Management Recruiter,Career Development Specialist - The Doe Fund,NA,"[{""school"": ""S.U.N.Y. Binghamton"", ""last_grade_completed"": ""16"", ""credential"": ""B.S. in Business Administration"", ""course_of_study"": ""Leadership Studies""}]",I have reviewed the above campaign finance,I have reviewed the above State campaign finance,,text_layer,candidate_filings/2024/extracted_text/d1/joe-furi/candidate-filing-application.txt,False
2024,1,Terrence Hayes,2024|1|terrence hayes,Qualified,"July 19, 2024",Candidate Filing Application,https://www.portland.gov/auditor/elections/documents/hayes-aud-120/download,candidate_filings/2024/pdfs/d1/terrence-hayes/candidate-filing-application.pdf,downloaded,unrecognized_or_scanned,,,,,,,,,,,,,,ocr_fallback,candidate_filings/2024/extracted_text/d1/terrence-hayes/candidate-filing-application.txt,True
2024,1,David Linn,2024|1|david linn,Qualified,"August 7, 2024",Candidate Filing Application,https://www.portland.gov/auditor/elections/documents/linn-aud-120/download,candidate_filings/2024/pdfs/d1/david-linn/candidate-filing-application.pdf,downloaded,candidate_filing_application,Original,Councilor District 1 (4-Year Term),David Linn Page 2: Candidate Information,Www.linnforPortland.com,White | Page 9: Candidate Information: Demographic Information,,Health Licensing,Miscellaneous,Centennial School Board,"[{""school"": ""Portland State Univ."", ""last_grade_completed"": ""19"", ""credential"": ""Masters of Public Administration"", ""course_of_study"": ""Local Government""}, {""school"": ""Portland State Univ."", ""last_grade_completed"": ""16"", ""credential"": ""BA"", ""course_of_study"": ""History/Political Science""}, {""school"": ""McDaniel High School"", ""last_grade_completed"": ""12"", ""credential"": ""Diploma"", ""course_of_study"": """"}]",I have reviewed the above campaign finance,I have reviewed the above State campaign finance,,text_layer,candidate_filings/2024/extracted_text/d1/david-linn/candidate-filing-application.txt,False
2024,1,Peggy Sue Owens,2024|1|peggy sue owens,Qualified,"June 13, 2024",Candidate Filing Application (as amended),https://www.portland.gov/auditor/elections/documents/p-owens-aud-120/download,candidate_filings/2024/pdfs/d1/peggy-sue-owens/candidate-filing-application-as-amended.pdf,downloaded,candidate_filing_application,Amendment,Councilor District 1 (4-Year Term),PEGGY SUE OWENS Page 2: Candidate Information,commonsensecampaignpdx.com,"American Indian or Alaskan Native (if selected, a text | your Tribe or Native Corporation, if desired)","American Indian or Alaskan Native (if selected, a text",President Don's A-1 Glass,Administration,none,"[{""school"": ""Bandon High School"", ""last_grade_completed"": ""11"", ""credential"": ""diploma"", ""course_of_study"": ""general""}, {""school"": ""SouthWestern Oregon Community College"", ""last_grade_completed"": ""13"", ""credential"": ""na"", ""course_of_study"": """"}, {""school"": ""Portland State University"", ""last_grade_completed"": ""14"", ""credential"": ""NA"", ""course_of_study"": """"}]",I have reviewed the above campaign finance,I have reviewed the above State campaign finance,,text_layer,candidate_filings/2024/extracted_text/d1/peggy-sue-owens/candidate-filing-application-as-amended.txt,False
2024,1,Peggy Sue Owens,2024|1|peggy sue owens,Qualified,"June 13, 2024",Candidate Filing (original),https://www.portland.gov/auditor/elections/documents/owens-aud-original/download,candidate_filings/2024/pdfs/d1/peggy-sue-owens/candidate-filing-original.pdf,downloaded,candidate_filing_application,Original,Councilor District 2 (4-Year Term),PEGGY SUE OWENS Page 2: Candidate Information,commonsensepdxcampaign.com,"American Indian or Alaskan Native (if selected, a text | your Tribe or Native Corporation, if desired)","American Indian or Alaskan Native (if selected, a text",President/Administrator,Administrator,None,"[{""school"": ""Portland State University"", ""last_grade_completed"": ""14"", ""credential"": ""none"", ""course_of_study"": ""Political Science/Psychology""}, {""school"": ""SouthWestern Oregon Community College"", ""last_grade_completed"": ""13"", ""credential"": ""none"", ""course_of_study"": """"}, {""school"": ""Bandon High School"", ""last_grade_completed"": ""12"", ""credential"": ""Diploma"", ""course_of_study"": """"}]",I have reviewed the above campaign finance,I have reviewed the above State campaign finance,,text_layer,candidate_filings/2024/extracted_text/d1/peggy-sue-owens/candidate-filing-original.txt,False
2024,1,Steph Routh,2024|1|steph routh,Qualified,"June 18, 2024",Candidate Filing Application,https://www.portland.gov/auditor/elections/documents/steph-routh-aud-120/download,candidate_filings/2024/pdfs/d1/steph-routh/candidate-filing-application.pdf,downloaded,unrecognized_or_scanned,,,,,,,,,,,,,,ocr_fallback,candidate_filings/2024/extracted_text/d1/steph-routh/candidate-filing-application.txt,True
2024,1,Deian Salazar,2024|1|deian salazar,Qualified,"August 26, 2024",Candidate Filing Application,https://www.portland.gov/auditor/elections/documents/deian-salazar-aud-120-2024/download,candidate_filings/2024/pdfs/d1/deian-salazar/candidate-filing-application.pdf,downloaded,candidate_filing_application,Original,Councilor District 1 (4-Year Term),Deian Salazar Page 2: Candidate Information,salazarforthepeople.com,"American Indian or Alaskan Native (if selected, a text | your Tribe or Native Corporation, if desired)","American Indian or Alaskan Native (if selected, a text",Policy Advocate Community Organizer Candidate,"East Portland Action Plan Member Oregon Commission on Autism, Social Services Co-Chair Portland Children's Levy Community Council Governor's Child Foster Care Advisory Commission Participatory Budgeting Oregon","East Portland Action Plan Member Oregon Commission on Autism, Social Services Co-Chair Portland Children's Levy Community Council Governor's Child Foster Care Advisory Commission Participatory Budgeting Oregon Multnomah Democratic Party, District Leader HD 47, Youth Chair","[{""school"": ""David Douglas High School"", ""last_grade_completed"": ""Graduate"", ""credential"": ""Modified"", ""course_of_study"": """"}]",I have reviewed the above campaign finance,I have reviewed the above State campaign finance,,text_layer,candidate_filings/2024/extracted_text/d1/deian-salazar/candidate-filing-application.txt,False
2024,1,Michael (Mike) Sands,2024|1|michael mike sands,Qualified,"June 10, 2024",Candidate Filing Application,https://www.portland.gov/auditor/elections/documents/mike-sands-aud-120/download,candidate_filings/2024/pdfs/d1/michael-mike-sands/candidate-filing-application.pdf,downloaded,candidate_filing_application,Original,Councilor District 1 (4-Year Term),Michael (Mike) Sands Page 2: Candidate Information,,White | Page 9: Candidate Information: Demographic Information,,Not Employed; Retired,Trial Attorney Law Professor Superior Court Judge Pro Tem,"Sacramento City Council Sacramento County Assistant Public Defender Sacramento County Democratic Central Committee Ford Foundation Legislative Intern, California Assembly","[{""school"": ""U. of Arizona"", ""last_grade_completed"": ""Senior"", ""credential"": ""B.S.B.A."", ""course_of_study"": ""Accounting""}, {""school"": ""Stanford Law School"", ""last_grade_completed"": """", ""credential"": ""LL.B."", ""course_of_study"": ""Law""}]",I have reviewed the above campaign finance,I have reviewed the above State campaign finance,,text_layer,candidate_filings/2024/extracted_text/d1/michael-mike-sands/candidate-filing-application.txt,False
2024,1,Thomas Shervey,2024|1|thomas shervey,Qualified,"July 25, 2024",Candidate Filing Application,https://www.portland.gov/auditor/elections/documents/shervey-aud-120/download,candidate_filings/2024/pdfs/d1/thomas-shervey/candidate-filing-application.pdf,downloaded,candidate_filing_application,Original,Councilor District 1 (4-Year Term),Thomas Shervey Page 2: Candidate Information,https://www.tiktok.com/@thomas4district1?_t=8oJtYOVRgQJ&_r=1,White | Page 9: Candidate Information: Demographic Information,,"Office Assistant, Multnomah County Department of Community Justice","Section Head, Fred Meyer",NA,"[{""school"": ""Portland State University"", ""last_grade_completed"": """", ""credential"": ""Bachelor's Degree"", ""course_of_study"": ""Social Science""}, {""school"": ""James Madison Highschool"", ""last_grade_completed"": ""12th"", ""credential"": ""Highschool Diploma"", ""course_of_study"": """"}]",I have reviewed the above campaign finance,I have reviewed the above State campaign finance,,text_layer,candidate_filings/2024/extracted_text/d1/thomas-shervey/candidate-filing-application.txt,False
2024,1,Loretta Smith,2024|1|loretta smith,Qualified,"August 26, 2024",Candidate Filing Application,https://www.portland.gov/auditor/elections/documents/loretta-smith-aud-120-2024/download,candidate_filings/2024/pdfs/d1/loretta-smith/candidate-filing-application.pdf,downloaded,candidate_filing_application,Original,Councilor District 1 (4-Year Term),Loretta Smith Page 2: Candidate Information,www.lorettasmithpdx.com/,Black or African American | Page 9: Candidate Information: Demographic Information,,"Small Business Owner, Government and Public Affairs Consulting Firm",Advocacy Manager; Field Representative for US Senator Ron Wyden,Elected in 2010 & 2014 as a Multnomah County Commissioner (2011-2018) served,"[{""school"": ""Oregon State University"", ""last_grade_completed"": ""Senior year"", ""credential"": ""BA"", ""course_of_study"": ""Communications""}]",I have reviewed the above campaign finance,I have reviewed the above State campaign finance,,text_layer,candidate_filings/2024/extracted_text/d1/loretta-smith/candidate-filing-application.txt,False
2024,1,Cayle Tern,2024|1|cayle tern,Qualified,"July 11, 2024",Candidate Filing Application (as amended),https://www.portland.gov/auditor/elections/documents/cayle-tern-aud-120-ammended/download,candidate_filings/2024/pdfs/d1/cayle-tern/candidate-filing-application-as-amended.pdf,downloaded,candidate_filing_application,Amendment,Councilor District 1 (4-Year Term),Cayle Tern Page 2: Candidate Information,cayleforpdx.com,Asian or Asian American | Page 9: Candidate Information: Demographic Information,,"Community Organizer, APANO CUF","Family Coach, Oregon Department of Human Services","Reynolds School Board, Elected","[{""school"": ""Portland State University"", ""last_grade_completed"": ""18"", ""credential"": ""Master of Social Work"", ""course_of_study"": """"}, {""school"": ""California State University, Chico"", ""last_grade_completed"": ""16"", ""credential"": ""Bachelor of Science"", ""course_of_study"": ""BUSINESS: Human Resources Management""}]",I have reviewed the above campaign finance,I have reviewed the above State campaign finance,,text_layer,candidate_filings/2024/extracted_text/d1/cayle-tern/candidate-filing-application-as-amended.txt,False
2024,1,Cayle Tern,2024|1|cayle tern,Qualified,"July 11, 2024",Candidate Filing Application (original),https://www.portland.gov/auditor/elections/documents/cayle-tern-aud-120-original/download,candidate_filings/2024/pdfs/d1/cayle-tern/candidate-filing-application-original.pdf,downloaded,candidate_filing_application,Original,Councilor District 1 (4-Year Term),Cayle Tern Page 2: Candidate Information,cayleforpdx.com,Asian or Asian American | Page 9: Candidate Information: Demographic Information,,APANO - Civic Engagement Manager,Family Coach - Oregon Department of Human Services,Reynold School Board - District 7 Portland Utility Board,"[{""school"": ""Portland State University"", ""last_grade_completed"": ""18"", ""credential"": ""Master of Social Work"", ""course_of_study"": ""Social Work""}, {""school"": ""California State University, Chico"", ""last_grade_completed"": ""16"", ""credential"": ""Bachelor of Science"", ""course_of_study"": ""Human Resources Management""}]",I have reviewed the above campaign finance,I have reviewed the above State campaign finance,,text_layer,candidate_filings/2024/extracted_text/d1/cayle-tern/candidate-filing-application-original.txt,False
2024,2,James Armstrong,2024|2|james armstrong,Qualified,"July 24, 2024",Candidate Filing Application,https://www.portland.gov/auditor/elections/documents/armstrong-aud-120/download,candidate_filings/2024/pdfs/d2/james-armstrong/candidate-filing-application.pdf,downloaded,candidate_filing_application,Original,Councilor District 2 (4-Year Term),James Armstrong Page 2: Candidate Information,www.armstrongforpdx.com,White | Page 9: Candidate Information: Demographic Information,,Optometry clinic owner,Forensic accountant,None,"[{""school"": ""University of Oregon"", ""last_grade_completed"": ""Completed"", ""credential"": ""Bachelor of Science"", ""course_of_study"": ""Economics""}, {""school"": ""Marylhurst University"", ""last_grade_completed"": ""Completed"", ""credential"": ""Masters of Business Administration"", ""course_of_study"": """"}]",I have reviewed the above campaign finance,I have reviewed the above State campaign finance,,text_layer,candidate_filings/2024/extracted_text/d2/james-armstrong/candidate-filing-application.txt,False
2024,2,Reuben Berlin,2024|2|reuben berlin,Qualified,"August 23, 2024",Candidate Filing Application,https://www.portland.gov/auditor/elections/documents/berlin-aud-120/download,candidate_filings/2024/pdfs/d2/reuben-berlin/candidate-filing-application.pdf,downloaded,candidate_filing_application,Original,Councilor District 2 (4-Year Term),Reuben Berlin Page 2: Candidate Information,www.reubenberlin.com,White | Page 9: Candidate Information: Demographic Information,,Organic Commodities Trader,Banker,None,"[{""school"": ""University of Oregon"", ""last_grade_completed"": """", ""credential"": ""Bachelor of Science"", ""course_of_study"": ""Political Science""}]",I have reviewed the above campaign finance,I have reviewed the above State campaign finance,,text_layer,candidate_filings/2024/extracted_text/d2/reuben-berlin/candidate-filing-application.txt,False
2024,2,Michelle DePass,2024|2|michelle depass,Qualified,"August 26, 2024",Candidate Filing Application,https://www.portland.gov/auditor/elections/documents/depass-aud-120/download,candidate_filings/2024/pdfs/d2/michelle-depass/candidate-filing-application.pdf,downloaded,candidate_filing_application,Original,Councilor District 2 (4-Year Term),Michelle DePass Page 2: Candidate Information,https://depassforportland.com/,"Black or African American | Hispanic, Latino, Latina, or Latinx",,"Climate Policy Team, City of Portland Bureau of Planning and Sustainability","Senior Management Analyst, Community Engagement and Policy Coordinator, City of Portland Housing, Senior Analyst, Minority, Women, Emerging Small Business, Metro Regional Government, Senior Energy Analyst, The Cadmus Group","Current Vice Chair/Former Chair of Portland Public Schools Board of Education, Budget Advisory Committees for Housing and Planning and Sustainability, Former Director Irvington Neighborhood Association","[{""school"": ""Metropolitan Learning Center"", ""last_grade_completed"": ""12"", ""credential"": ""High School"", ""course_of_study"": """"}, {""school"": ""Portland Community College"", ""last_grade_completed"": ""-"", ""credential"": ""-"", ""course_of_study"": ""Prerequisites/xfer to PSU""}, {""school"": ""Portland State University"", ""last_grade_completed"": ""-"", ""credential"": ""BS"", ""course_of_study"": ""Community Development""}, {""school"": ""Bainbridge Graduate Institute"", ""last_grade_completed"": ""-"", ""credential"": ""-"", ""course_of_study"": ""Sustainable Business""}]",I have reviewed the above campaign finance,I have reviewed the above State campaign finance,,text_layer,candidate_filings/2024/extracted_text/d2/michelle-depass/candidate-filing-application.txt,False
2024,2,Marnie Glickman,2024|2|marnie glickman,Qualified,"August 13, 2024",Candidate Filing Application,https://www.portland.gov/auditor/elections/documents/glickman-aud-120-0/download,candidate_filings/2024/pdfs/d2/marnie-glickman/candidate-filing-application.pdf,downloaded,unrecognized_or_scanned,,,,,,,,,,,,,,ocr_fallback,candidate_filings/2024/extracted_text/d2/marnie-glickman/candidate-filing-application.txt,True
2024,2,Mariah Hudson,2024|2|mariah hudson,Qualified,"June 10, 2024",Candidate Filing Application,https://www.portland.gov/auditor/elections/documents/mariah-hudson-aud-120/download,candidate_filings/2024/pdfs/d2/mariah-hudson/candidate-filing-application.pdf,downloaded,candidate_filing_application,Original,Councilor District 2 (4-Year Term),Mariah Hudson Page 2: Candidate Information,https://www.mariahforportland.com,White | Page 9: Candidate Information: Demographic Information,,"Senior Healthcare Communicator, Oregon Health Science University","Two decades in senior roles as a Sustainability Officer and Higher Education Administrator advancing climate action goals and student success initiatives, and building public/ private partnerships. College instructor.","Chair, Portland Bureau of Transportation Bureau and Budget Advisory Committee (2023-24), Co-chair, Portland Public Schools Budget Advisory Committee (2022-24), former Chair and Board Member Northeast Coalition of Neighborhoods (2016-2021), Alameda Neighborhood Association Board Member (2015-2022), PPS Family Advisory Council on Education Representative for Beaumont (2023-24), PTA Board Member (2022-24), Democratic Precinct Committee Person.","[{""school"": ""Churchill High School"", ""last_grade_completed"": ""12"", ""credential"": ""High School"", ""course_of_study"": """"}, {""school"": ""University of Oregon"", ""last_grade_completed"": ""BA"", ""credential"": ""BA"", ""course_of_study"": ""English""}, {""school"": ""University of Dallas"", ""last_grade_completed"": ""MA"", ""credential"": ""Master of American Studies"", ""course_of_study"": ""Economics""}]",I have reviewed the above campaign finance,I have reviewed the above State campaign finance,,text_layer,candidate_filings/2024/extracted_text/d2/mariah-hudson/candidate-filing-application.txt,False
2024,2,Sameer Kanal,2024|2|sameer kanal,Qualified,"August 27, 2024",Candidate Filing Application,https://www.portland.gov/auditor/elections/documents/kanal-aud-120/download,candidate_filings/2024/pdfs/d2/sameer-kanal/candidate-filing-application.pdf,downloaded,candidate_filing_application,Original,Councilor District 2 (4-Year Term),Sameer Kanal Page 2: Candidate Information,www.kanalforportland.com,Asian or Asian American | Page 9: Candidate Information: Demographic Information,,"Inclusive Policy Manager, Public Safety Service Area, City of Portland","Advisory Boards and Commissions Manager, Community Safety Division, City of Portland Police Accountability Commission Project Manager, Community Safety Division, City of Portland Executive Director / Program Director, Northwest Association for Global Affairs Regional Political Director - DFW, Texas American Federation of Teachers (AFT) Writer and Reporter, Reaching Critical Will, Women's International League for Peace and Freedom Research Associate, Lawyers Committee on Nuclear Policy Project Associate, Mapping the Arms Trade Treaty, Oxfam International Logistics Consultant, Criminalization of Sexuality and Reproduction Project, Amnesty International Legislative Coordinator, Office of Government Relations, Associated Students of the University of Washington","Member, Portland Parks & Recreation Board Advisory Boards and Commissions Manager, Community Safety Division, City of Portland Police Accountability Commission Project Manager, Community Safety Division, City of Portland Accessible Voting Unit Operator, King County Elections","[{""school"": ""Clark College"", ""last_grade_completed"": """", ""credential"": ""A.A."", ""course_of_study"": ""International Relations, Economics""}, {""school"": ""University of Washington"", ""last_grade_completed"": """", ""credential"": ""B.A."", ""course_of_study"": ""Political Science, Economics""}, {""school"": ""New York University"", ""last_grade_completed"": """", ""credential"": ""M.S."", ""course_of_study"": ""Global Affairs (Human Rights and International Law)""}]",I have reviewed the above campaign finance,I have reviewed the above State campaign finance,,text_layer,candidate_filings/2024/extracted_text/d2/sameer-kanal/candidate-filing-application.txt,False
2024,2,Debbie Kitchin,2024|2|debbie kitchin,Qualified,"August 22, 2024",Candidate Filing Application,https://www.portland.gov/auditor/elections/documents/kitchin-aud-120/download,candidate_filings/2024/pdfs/d2/debbie-kitchin/candidate-filing-application.pdf,downloaded,candidate_filing_application,Original,Councilor District 2 (4-Year Term),Debbie Kitchin Page 2: Candidate Information,https://electdebbiekitchin.com,White | Page 9: Candidate Information: Demographic Information,,Small business owner,Regional economist,City of Portland Charter Commission,"[{""school"": ""Portland State University"", ""last_grade_completed"": ""Master's"", ""credential"": ""Master's of Business Administration"", ""course_of_study"": """"}, {""school"": ""Reed College"", ""last_grade_completed"": ""Bachelor's"", ""credential"": ""Bachelor of Arts"", ""course_of_study"": ""Economics""}]",I have reviewed the above campaign finance,I have reviewed the above State campaign finance,,text_layer,candidate_filings/2024/extracted_text/d2/debbie-kitchin/candidate-filing-application.txt,False
2024,2,Michael (Mike) Marshall,2024|2|michael mike marshall,Qualified,"August 5, 2024",Candidate Filing Application (as amended),https://www.portland.gov/auditor/elections/documents/marshall-aud-120-ammended/download,candidate_filings/2024/pdfs/d2/michael-mike-marshall/candidate-filing-application-as-amended.pdf,downloaded,candidate_filing_application,Amendment,Councilor District 2 (4-Year Term),Michael (Mike) Marshall Page 2: Candidate Information,www.MikeMarshallForPortland.com,White | Page 9: Candidate Information: Demographic Information,,"Co-Founder & Executive Director, Oregon Recovers","Executive Director, City Club of Portland Campaign Manager, Oregon United for Marriage","Member, Behavioral Health Metrics and Incentives Committee, Oregon Health Authority Member, Multnomah County Specialty Courts Advisory Committee","[{""school"": ""University of California, San Diego"", ""last_grade_completed"": ""Graduated"", ""credential"": ""Bachelor of Arts"", ""course_of_study"": ""Political Science & History""}]",I have reviewed the above campaign finance,I have reviewed the above State campaign finance,,text_layer,candidate_filings/2024/extracted_text/d2/michael-mike-marshall/candidate-filing-application-as-amended.txt,False
2024,2,Michael (Mike) Marshall,2024|2|michael mike marshall,Qualified,"August 5, 2024",Candidate Filing Application (original),https://www.portland.gov/auditor/elections/documents/marshall-aud-120-original/download,candidate_filings/2024/pdfs/d2/michael-mike-marshall/candidate-filing-application-original.pdf,downloaded,candidate_filing_application,Original,Councilor District 2 (4-Year Term),Michael (Mike) Marshall Page 2: Candidate Information,www.MikeMarshallForPortland.com,White | Page 9: Candidate Information: Demographic Information,,"Executive Director, Oregon Recovers","Executive Director, City Club of Portland Campaign Manager, Oregon United for Marriage","Appointed Member, M110 Implementation Main Work Group, Oregon Legislature Appointed Member, Behavioral Health Advisory Board, Oregon Health Authority","[{""school"": ""UC, San Diego"", ""last_grade_completed"": """", ""credential"": ""Bachelor of Arts Degree"", ""course_of_study"": ""Political Science & History""}]",I have reviewed the above campaign finance,I have reviewed the above State campaign finance,,text_layer,candidate_filings/2024/extracted_text/d2/michael-mike-marshall/candidate-filing-application-original.txt,False
2024,2,Will Mespelt,2024|2|will mespelt,Qualified,"August 22, 2024",Candidate Filing Application,https://www.portland.gov/auditor/elections/documents/mespelt-aud-120/download,candidate_filings/2024/pdfs/d2/will-mespelt/candidate-filing-application.pdf,downloaded,candidate_filing_application,Original,Councilor District 2 (4-Year Term),Will Mespelt Page 2: Candidate Information,portlandwithwill.com,White | Page 9: Candidate Information: Demographic Information,,Property Manager,Property Manager,NA,"[{""school"": ""North Carolina State University"", ""last_grade_completed"": ""Graduate"", ""credential"": ""Diploma"", ""course_of_study"": ""Public and Interpersonal Communication""}]",I have reviewed the above campaign finance,I have reviewed the above State campaign finance,,text_layer,candidate_filings/2024/extracted_text/d2/will-mespelt/candidate-filing-application.txt,False
2024,2,Chris Olson,2024|2|chris olson,Qualified,"June 18, 2024",Candidate Filing Application,https://www.portland.gov/auditor/elections/documents/chris-olson-aud-120/download,candidate_filings/2024/pdfs/d2/chris-olson/candidate-filing-application.pdf,downloaded,unrecognized_or_scanned,,,,,,,,,,,,,,text_layer,candidate_filings/2024/extracted_text/d2/chris-olson/candidate-filing-application.txt,True
2024,2,Jennifer Park,2024|2|jennifer park,Qualified,"June 20, 2024",Candidate Filing Application,https://www.portland.gov/auditor/elections/documents/jennifer-park/download,candidate_filings/2024/pdfs/d2/jennifer-park/candidate-filing-application.pdf,downloaded,candidate_filing_application,Original,Councilor District 2 (4-Year Term),Jennifer Park Page 2: Candidate Information,persistwithpark.com,White | Page 9: Candidate Information: Demographic Information,,"Programs Director, The Shadow Project","Principal's Secretary, Portland Public Schools, PFSP 111 Newsroom Intern, Metro Community Builder, Delivering Innovation in Supportive Housing General Manager, Windsor Hotel, Delivering Innovation in Supportive Housing Operations Manager, Delivering Innovation in Supportive Housing",NA,"[{""school"": ""Portland State University"", ""last_grade_completed"": ""In Process"", ""credential"": ""Executive Masters in Public Administration"", ""course_of_study"": """"}, {""school"": ""University of California, Santa Cruz"", ""last_grade_completed"": """", ""credential"": ""Bachelor of Arts"", ""course_of_study"": """"}]",I have reviewed the above campaign finance,I have reviewed the above State campaign finance,,text_layer,candidate_filings/2024/extracted_text/d2/jennifer-park/candidate-filing-application.txt,False
2024,2,Tiffani Penson,2024|2|tiffani penson,Qualified,"June 5, 2024",Candidate Filing Application,https://www.portland.gov/auditor/elections/documents/tiffani-penson-aud-120/download,candidate_filings/2024/pdfs/d2/tiffani-penson/candidate-filing-application.pdf,downloaded,unrecognized_or_scanned,,,,,,,,,,,,,,ocr_fallback,candidate_filings/2024/extracted_text/d2/tiffani-penson/candidate-filing-application.txt,True
2024,2,Antonio Jamal PettyJohnBlue,2024|2|antonio jamal pettyjohnblue,Qualified,"August 26, 2024",Candidate Filing Application,https://www.portland.gov/auditor/elections/documents/pettyjohnblue-aud-120/download,candidate_filings/2024/pdfs/d2/antonio-jamal-pettyjohnblue/candidate-filing-application.pdf,downloaded,unrecognized_or_scanned,,,,,,,,,,,,,,ocr_fallback,candidate_filings/2024/extracted_text/d2/antonio-jamal-pettyjohnblue/candidate-filing-application.txt,True
2024,2,Elana Pirtle-Guiney,2024|2|elana pirtle guiney,Qualified,"June 5, 2024",Candidate Filing Application,https://www.portland.gov/auditor/elections/documents/elana-pirtle-guiney-aud-120-1/download,candidate_filings/2024/pdfs/d2/elana-pirtle-guiney/candidate-filing-application.pdf,downloaded,unrecognized_or_scanned,,,,,,,,,,,,,,ocr_fallback,candidate_filings/2024/extracted_text/d2/elana-pirtle-guiney/candidate-filing-application.txt,True
2024,2,Dan Ryan,2024|2|dan ryan,Qualified,"June 20, 2024",Candidate Filing Application,https://www.portland.gov/auditor/elections/documents/ryan-aud-120/download,candidate_filings/2024/pdfs/d2/dan-ryan/candidate-filing-application.pdf,downloaded,candidate_filing_application,Original,Councilor District 2 (4-Year Term),Dan Ryan Page 2: Candidate Information,www.danryanforportland.com,White | Page 9: Candidate Information: Demographic Information,,Portland City Commissioner,"CEO, All Hands Raised, 30 Years of Leadership in non-profits, arts, healthcare and youth advocacy",Currently serving as Portland City Commissioner,"[{""school"": ""University of Oregon"", ""last_grade_completed"": ""Bachelor Degree"", ""credential"": ""Degree"", ""course_of_study"": """"}, {""school"": ""Roosevelt High School"", ""last_grade_completed"": """", ""credential"": ""Diploma"", ""course_of_study"": """"}]",I have reviewed the above campaign finance,I have reviewed the above State campaign finance,,text_layer,candidate_filings/2024/extracted_text/d2/dan-ryan/candidate-filing-application.txt,False
2024,2,Sam Sachs,2024|2|sam sachs,Qualified,"August 6, 2024",Candidate Filing Application (as amended),https://www.portland.gov/auditor/elections/documents/sachs-aud-120-amended/download,candidate_filings/2024/pdfs/d2/sam-sachs/candidate-filing-application-as-amended.pdf,downloaded,unrecognized_or_scanned,,,,,,,,,,,,,,ocr_fallback,candidate_filings/2024/extracted_text/d2/sam-sachs/candidate-filing-application-as-amended.txt,True
2024,2,Sam Sachs,2024|2|sam sachs,Qualified,"August 6, 2024",Candidate Filing Application (original),https://www.portland.gov/auditor/elections/documents/sachs-aud-120/download,candidate_filings/2024/pdfs/d2/sam-sachs/candidate-filing-application-original.pdf,downloaded,unrecognized_or_scanned,,,,,,,,,,,,,,ocr_fallback,candidate_filings/2024/extracted_text/d2/sam-sachs/candidate-filing-application-original.txt,True
2024,2,Bob Simril,2024|2|bob simril,Qualified,"June 10, 2024",Candidate Filing Application,https://www.portland.gov/auditor/elections/documents/bob-simril-aud-120/download,candidate_filings/2024/pdfs/d2/bob-simril/candidate-filing-application.pdf,downloaded,candidate_filing_application,Original,Councilor District 2 (4-Year Term),Bob Simril Page 2: Candidate Information,www.votebobpdx.com,Black or African American | Page 9: Candidate Information: Demographic Information,,Small Business Consultant,"Account Director, Payscale.com",NA,"[{""school"": ""Lewis and Clark College"", ""last_grade_completed"": ""College"", ""credential"": ""BA, Communications | Spanish Minor"", ""course_of_study"": """"}, {""school"": ""Grant High School"", ""last_grade_completed"": ""12"", ""credential"": ""Diploma"", ""course_of_study"": """"}]",I have reviewed the above campaign finance,I have reviewed the above State campaign finance,,text_layer,candidate_filings/2024/extracted_text/d2/bob-simril/candidate-filing-application.txt,False
2024,2,Laura Streib,2024|2|laura streib,Qualified,"August 14, 2024",Candidate Filing Application,https://www.portland.gov/auditor/elections/documents/streib-aud-120/download,candidate_filings/2024/pdfs/d2/laura-streib/candidate-filing-application.pdf,downloaded,unrecognized_or_scanned,,,,,,,,,,,,,,ocr_fallback,candidate_filings/2024/extracted_text/d2/laura-streib/candidate-filing-application.txt,True
2024,2,Jonathan Tasini,2024|2|jonathan tasini,Qualified,"June 20, 2024",Candidate Filing Application,https://www.portland.gov/auditor/elections/documents/tasini-aud-120/download,candidate_filings/2024/pdfs/d2/jonathan-tasini/candidate-filing-application.pdf,downloaded,candidate_filing_application,Original,Councilor District 2 (4-Year Term),Jonathan Tasini Page 2: Candidate Information,https://www.jonathantasini.com/,White | Page 9: Candidate Information: Demographic Information,,"Executive Director/Founder, Just Transition For All","President, Economic Future Group President, UAW Local 1981 National Campaigns and Communications Officer, Maritime Union of Australia Organizational and Communications Strategist for Various Unions",NA,"[{""school"": ""UCLA"", ""last_grade_completed"": ""Graduated"", ""credential"": ""B.A."", ""course_of_study"": ""Political Science""}]",I have reviewed the above campaign finance,I have reviewed the above State campaign finance,,text_layer,candidate_filings/2024/extracted_text/d2/jonathan-tasini/candidate-filing-application.txt,False
2024,2,Liz Taylor,2024|2|liz taylor,Qualified,"June 20, 2024",Candidate Filing Application,https://www.portland.gov/auditor/elections/documents/taylor-dixon-aud-120/download,candidate_filings/2024/pdfs/d2/liz-taylor/candidate-filing-application.pdf,downloaded,candidate_filing_application,Original,Councilor District 2 (4-Year Term),Liz Taylor Page 2: Candidate Information,,Black or African American | Page 9: Candidate Information: Demographic Information,,Not Employed (Retired),"Corporate Sales, Management, Business Application, Trainer Call Center Manager and Display Advertising.","Governor's Task Force: Diversity Equity & Inclusion, Elected Democratic Precinct committee Person, 2 Legislative Sessions with Senator Bill McCoy","[{""school"": ""U S Grant High School"", ""last_grade_completed"": ""12th"", ""credential"": ""High School Diploma"", ""course_of_study"": ""General Studies""}, {""school"": ""Portland State University"", ""last_grade_completed"": ""na"", ""credential"": ""BS, Certificate"", ""course_of_study"": ""Political Science, Black & African Studies""}]",I have reviewed the above campaign finance,I have reviewed the above State campaign finance,,text_layer,candidate_filings/2024/extracted_text/d2/liz-taylor/candidate-filing-application.txt,False
2024,2,Nat West,2024|2|nat west,Qualified,"July 31, 2024",Candidate Filing Application (as amended),https://www.portland.gov/auditor/elections/documents/west-aud-120/download,candidate_filings/2024/pdfs/d2/nat-west/candidate-filing-application-as-amended.pdf,downloaded,unrecognized_or_scanned,,,,,,,,,,,,,,ocr_fallback,candidate_filings/2024/extracted_text/d2/nat-west/candidate-filing-application-as-amended.txt,True
2024,2,Nat West,2024|2|nat west,Qualified,"July 31, 2024",Candidate Filing (original),https://www.portland.gov/auditor/elections/documents/west-aud-120-original/download,candidate_filings/2024/pdfs/d2/nat-west/candidate-filing-original.pdf,downloaded,unrecognized_or_scanned,,,,,,,,,,,,,,ocr_fallback,candidate_filings/2024/extracted_text/d2/nat-west/candidate-filing-original.txt,True
2024,2,Nabil Zaghloul,2024|2|nabil zaghloul,Qualified,"August 16, 2024",Candidate Filing Application,https://www.portland.gov/auditor/elections/documents/zaghloul-aud-120/download,candidate_filings/2024/pdfs/d2/nabil-zaghloul/candidate-filing-application.pdf,downloaded,unrecognized_or_scanned,,,,,,,,,,,,,,text_layer,candidate_filings/2024/extracted_text/d2/nabil-zaghloul/candidate-filing-application.txt,True
2024,2,Devon Horace,2024|2|devon horace,Qualification Rescinded,"August 19, 2024",Candidate Filing Application,https://www.portland.gov/auditor/elections/documents/horace-devon-aud-120/download,candidate_filings/2024/pdfs/d2/devon-horace/candidate-filing-application.pdf,downloaded,candidate_filing_application,Original,Councilor District 2 (4-Year Term),Devon Horace Page 2: Candidate Information,,Black or African American | 3 / 8,,Investor,"Portland Seed Fund Portland Trail Blazers Nike, Inc.",NA,"[{""school"": ""Concordia University - Portland"", ""last_grade_completed"": """", ""credential"": ""Master’s Degree"", ""course_of_study"": ""MBA - Leadership and Management""}]",I have reviewed the above campaign finance,I have reviewed the above State campaign finance,,text_layer,candidate_filings/2024/extracted_text/d2/devon-horace/candidate-filing-application.txt,False
2024,3,Matthew (Matt) Anderson,2024|3|matthew matt anderson,Qualified,"June 18, 2024",Candidate Filing Application (as amended),https://www.portland.gov/auditor/elections/documents/matt-anderson-amended-aud-120/download,candidate_filings/2024/pdfs/d3/matthew-matt-anderson/candidate-filing-application-as-amended.pdf,downloaded,candidate_filing_application,Amendment,Councilor District 3 (2-Year Term),Matthew (Matt) Anderson Page 2: Candidate Information,https://mrandersonfor3.org/,Black or African American | Page 9: Candidate Information: Demographic Information,,"Math Teacher, Parkrose High School","Leodis McDaniels High School, Math Teacher Central Catholic High School, Substitute Teacher INTEL CORPORATION, Product Support Engineer AMDOCS, Application Support Engineer JOHNSON CONTROLS, INC., Process Engineer Andy Adams’ Candy, Portland, Owner Big Brothers Big Sisters, Big Brother “SAY YES! TO LIFE” COMMUNITY COMPUTING CENTER, Los Angeles, CA, Founder","Airman, United States Airforce","[{""school"": ""California State Polytechnic University at Pomona"", ""last_grade_completed"": ""16"", ""credential"": ""BS"", ""course_of_study"": ""Mechanical Engineering""}, {""school"": ""Warner Pacific University"", ""last_grade_completed"": ""18"", ""credential"": ""MAT"", ""course_of_study"": ""Master of Art in Teaching""}]",I have reviewed the above campaign finance,I have reviewed the above State campaign finance,,text_layer,candidate_filings/2024/extracted_text/d3/matthew-matt-anderson/candidate-filing-application-as-amended.txt,False
2024,3,Matthew (Matt) Anderson,2024|3|matthew matt anderson,Qualified,"June 18, 2024",Candidate Filing Application (original),https://www.portland.gov/auditor/elections/documents/matt-anderson-original-aud-120/download,candidate_filings/2024/pdfs/d3/matthew-matt-anderson/candidate-filing-application-original.pdf,downloaded,candidate_filing_application,Original,Councilor District 3 (2-Year Term),Mr. Anderson Page 2: Candidate Information,https://mrandersonfor3.org/,Black or African American | Page 9: Candidate Information: Demographic Information,,Parkrose High School,"Leodis McDaniels High School, Central Catholic Hight School, INTEL CORPORATION, AMDOCS – QPASS DIVISION, CONTROLS, INC., Andy Adams’ Candy, Big Brothers Big Sisters, ""SAY YES! TO LIFE” COMMUNITY COMPUTING CENTER","Airman, United States Air Force","[{""school"": ""California State Polytechnic University at Pomona"", ""last_grade_completed"": ""16"", ""credential"": ""BS"", ""course_of_study"": ""Mechanical Engineering""}, {""school"": ""Warner Pacific University"", ""last_grade_completed"": ""18"", ""credential"": ""MAT"", ""course_of_study"": ""Master of Art in Teaching""}]",I have reviewed the above campaign finance,I have reviewed the above State campaign finance,,text_layer,candidate_filings/2024/extracted_text/d3/matthew-matt-anderson/candidate-filing-application-original.txt,False
2024,3,Sandeep Bali,2024|3|sandeep bali,Qualified,"July 17, 2024",Candidate Filing Application,https://www.portland.gov/auditor/elections/documents/sandeep-aud-120/download,candidate_filings/2024/pdfs/d3/sandeep-bali/candidate-filing-application.pdf,downloaded,unrecognized_or_scanned,,,,,,,,,,,,,,ocr_fallback,candidate_filings/2024/extracted_text/d3/sandeep-bali/candidate-filing-application.txt,True
2024,3,Melodie Beirwagen,2024|3|melodie beirwagen,Qualified,"August 20, 2024",Candidate Filing Application,https://www.portland.gov/auditor/elections/documents/melodie-beirwagen-aud-120-redact-2024/download,candidate_filings/2024/pdfs/d3/melodie-beirwagen/candidate-filing-application.pdf,downloaded,unrecognized_or_scanned,,,,,,,,,,,,,,ocr_fallback,candidate_filings/2024/extracted_text/d3/melodie-beirwagen/candidate-filing-application.txt,True
2024,3,Christopher Brummer,2024|3|christopher brummer,Qualified,"August 22, 2024",Candidate Filing Application,https://www.portland.gov/auditor/elections/documents/brummer-aud-120/download,candidate_filings/2024/pdfs/d3/christopher-brummer/candidate-filing-application.pdf,downloaded,candidate_filing_application,Original,Councilor District 3 (2-Year Term),Christopher Brummer Page 2: Candidate Information,,White | 3 / 8,,Member of the proletariat.,Member of the proletariat.,Subject to it.,"[{""school"": ""Portland Public Schools"", ""last_grade_completed"": ""K-12"", ""credential"": ""Diploma"", ""course_of_study"": """"}, {""school"": ""Portland State University"", ""last_grade_completed"": """", ""credential"": ""Bachelor of Arts"", ""course_of_study"": """"}]",I have reviewed the above campaign finance,I have reviewed the above State campaign finance,,text_layer,candidate_filings/2024/extracted_text/d3/christopher-brummer/candidate-filing-application.txt,False
2024,3,Rex Burkholder,2024|3|rex burkholder,Qualified,"June 6, 2024",Candidate Filing Application (as amended),https://www.portland.gov/auditor/elections/documents/burkholder-aud-120-amended/download,candidate_filings/2024/pdfs/d3/rex-burkholder/candidate-filing-application-as-amended.pdf,downloaded,candidate_filing_application,Amendment,Councilor District 3 (2-Year Term),REX BURKHOLDER Page 2: Candidate Information,rexforpdx.com,White | Page 9: Candidate Information: Demographic Information,,"The Oxalis Group, nonprofit and campaign consulting",Metro Councilor; Bicycle Transportation Alliance - Policy Director; PSU - Student Advisor; Portland Public Schools - Teacher,"Metro Councilor, 12 years. Numerous local, state and national boards and commissions","[{""school"": ""Portland State University"", ""last_grade_completed"": """", ""credential"": ""BS"", ""course_of_study"": ""Biology""}, {""school"": ""Tufts University"", ""last_grade_completed"": """", ""credential"": ""MA"", ""course_of_study"": ""Urban and Environmental Policy""}, {""school"": ""Harvard Kennedy School of Government"", ""last_grade_completed"": """", ""credential"": """", ""course_of_study"": ""3 week leadership program""}]",I have reviewed the above campaign finance,I have reviewed the above State campaign finance,,text_layer,candidate_filings/2024/extracted_text/d3/rex-burkholder/candidate-filing-application-as-amended.txt,False
2024,3,Rex Burkholder,2024|3|rex burkholder,Qualified,"June 6, 2024",Candidate Filing Application (original),https://www.portland.gov/auditor/elections/documents/burkholder-aud-120-original/download,candidate_filings/2024/pdfs/d3/rex-burkholder/candidate-filing-application-original.pdf,downloaded,unrecognized_or_scanned,,,,,,,,,,,,,,text_layer,candidate_filings/2024/extracted_text/d3/rex-burkholder/candidate-filing-application-original.txt,True
2024,3,Brian Conley,2024|3|brian conley,Qualified,"August 5, 2024",Candidate Filing Application,https://www.portland.gov/auditor/elections/documents/conley-aud-120/download,candidate_filings/2024/pdfs/d3/brian-conley/candidate-filing-application.pdf,downloaded,unrecognized_or_scanned,,,,,,,,,,,,,,ocr_fallback,candidate_filings/2024/extracted_text/d3/brian-conley/candidate-filing-application.txt,True
2024,3,Jesse Cornett,2024|3|jesse cornett,Qualified,"July 5, 2024",Candidate Filing Application,https://www.portland.gov/auditor/elections/documents/cornett-aud-120/download,candidate_filings/2024/pdfs/d3/jesse-cornett/candidate-filing-application.pdf,downloaded,candidate_filing_application,Original,Councilor District 3 (2-Year Term),Jesse Cornett Page 2: Candidate Information,cornettforportland.com,White | Page 9: Candidate Information: Demographic Information,,"Policy and Advocacy Director, Oregon Recovers","I have worked 19 out of the past 24 years in policy process or electoral politics, including serving as a top aide to Senator Bernie Sanders during his 2020 presidential race. I have also owned and operated businesses.",None,"[{""school"": ""Portland State University"", ""last_grade_completed"": ""Master's program"", ""credential"": ""Master of Public Administration"", ""course_of_study"": """"}]",I have reviewed the above campaign finance,I have reviewed the above State campaign finance,,text_layer,candidate_filings/2024/extracted_text/d3/jesse-cornett/candidate-filing-application.txt,False
2024,3,Daniel DeMelo,2024|3|daniel demelo,Qualified,"July 5, 2024",Candidate Filing Application,https://www.portland.gov/auditor/elections/documents/demelo-redacted-aud-120/download,candidate_filings/2024/pdfs/d3/daniel-demelo/candidate-filing-application.pdf,downloaded,unrecognized_or_scanned,,,,,,,,,,,,,,ocr_fallback,candidate_filings/2024/extracted_text/d3/daniel-demelo/candidate-filing-application.txt,True
2024,3,Chris Flanary,2024|3|chris flanary,Qualified,"August 8, 2024",Candidate Filing Application,https://www.portland.gov/auditor/elections/documents/flanary-aud-120/download,candidate_filings/2024/pdfs/d3/chris-flanary/candidate-filing-application.pdf,downloaded,candidate_filing_application,Original,Councilor District 3 (2-Year Term),(Chris) Flanary Page 2: Candidate Information,www.chrisforportland.com,White | Page 9: Candidate Information: Demographic Information,,Housing Program Specialist with City of Portland,"Project Coordinator (affordable housing nonprofit), AmeriCorps VISTA",NA,"[{""school"": ""College of Charleston"", ""last_grade_completed"": ""Fourth year of four year program"", ""credential"": ""Bachelor of Science"", ""course_of_study"": ""Sociology with a minor in Women's and Gender Studies""}, {""school"": ""Clemson University"", ""last_grade_completed"": ""Third semester of four semester program"", ""credential"": ""incomplete"", ""course_of_study"": ""Applied Sociology""}]",I have reviewed the above campaign finance,I have reviewed the above State campaign finance,,text_layer,candidate_filings/2024/extracted_text/d3/chris-flanary/candidate-filing-application.txt,False
2024,3,Dan Gilk,2024|3|dan gilk,Qualified,"August 19, 2024",Candidate Filing Application,https://www.portland.gov/auditor/elections/documents/gild-redacted-aud-120/download,candidate_filings/2024/pdfs/d3/dan-gilk/candidate-filing-application.pdf,downloaded,candidate_filing_application,Original,Councilor District 3 (2-Year Term),Dan Gilk Page 2: Candidate Information,danforportland.com,White | Page 9: Candidate Information: Demographic Information,,Not Employed,Software Engineer,None,"[{""school"": ""Northwestern University"", ""last_grade_completed"": ""4-year university"", ""credential"": ""Bachelors of Science"", ""course_of_study"": ""Computer Engineering""}]",I have reviewed the above campaign finance,I have reviewed the above State campaign finance,,text_layer,candidate_filings/2024/extracted_text/d3/dan-gilk/candidate-filing-application.txt,False
2024,3,Theo Hathaway Saner,2024|3|theo hathaway saner,Qualified,"June 5, 2024",Candidate Filing Application,https://www.portland.gov/auditor/elections/documents/hathaway-saner-aud-120/download,candidate_filings/2024/pdfs/d3/theo-hathaway-saner/candidate-filing-application.pdf,downloaded,candidate_filing_application,Original,Councilor District 3 (2-Year Term),Theo Hathaway Saner Page 2: Candidate Information,theohathawaysaner.com,White | Page 9: Candidate Information: Demographic Information,,"Property Management & Resident Services Manager, Portland Community Reinvestment Initiates. Board Member, WeShine Initiatives (Micro-Village Program) Volunteer, Columbia Lions Club","Property Inspector, Legacy Property Management Appraiser, Porch Light Appraisal Service Industry Worker, too many to name",na,"[{""school"": ""Portland State University"", ""last_grade_completed"": ""Baccalaureate"", ""credential"": ""Degree"", ""course_of_study"": ""Community Development Major, Property Development""}]",I have reviewed the above campaign finance,I have reviewed the above State campaign finance,,text_layer,candidate_filings/2024/extracted_text/d3/theo-hathaway-saner/candidate-filing-application.txt,False
2024,3,Clifford Higgins,2024|3|clifford higgins,Qualified,"August 27, 2024",Candidate Filing Application,https://www.portland.gov/auditor/elections/documents/higgins-aud-120/download,candidate_filings/2024/pdfs/d3/clifford-higgins/candidate-filing-application.pdf,downloaded,candidate_filing_application,Original,Councilor District 3 (2-Year Term),Clifford Higgins Page 2: Candidate Information,,"American Indian or Alaskan Native (if selected, a text | your Tribe or Native Corporation, if desired)","American Indian or Alaskan Native (if selected, a text",Not Employed,Communications Manager for Metro,None,"[{""school"": ""Lewis & Clark Law School"", ""last_grade_completed"": ""Graduated"", ""credential"": ""Juris Doctor"", ""course_of_study"": ""Law""}, {""school"": ""Portland State University"", ""last_grade_completed"": ""Graduated"", ""credential"": ""Bachelors"", ""course_of_study"": ""English, Anthropology""}]",I have reviewed the above campaign finance,I have reviewed the above State campaign finance,,text_layer,candidate_filings/2024/extracted_text/d3/clifford-higgins/candidate-filing-application.txt,False
2024,3,Patrick Hilton,2024|3|patrick hilton,Qualified,"August 23, 2024",Candidate Filing Application,https://www.portland.gov/auditor/elections/documents/hilton-aud-120/download,candidate_filings/2024/pdfs/d3/patrick-hilton/candidate-filing-application.pdf,downloaded,candidate_filing_application,Original,Councilor District 3 (2-Year Term),Patrick Hilton Page 2: Candidate Information,https://www.instagram.com/votepatrickhilton4d3pdx,White | Page 9: Candidate Information: Demographic Information,,"Design/Build, Artist","Architectural Designer and Illustrator, Planning Assistant, Oregon Parks and Recreation Dept. (Park Ranger, Environmental Educator, Natural Resource Specialist) Portland Parks and Recreation (Park Host), PDX Main Streets Volunteer, Architectural Interpreter, Actor, Hospitality Arts",N/A,"[{""school"": ""University of Oregon"", ""last_grade_completed"": ""16"", ""credential"": ""BS Planning, Public Policy and Management"", ""course_of_study"": ""Urban Design""}, {""school"": ""Portland Community College"", ""last_grade_completed"": ""N/A"", ""credential"": """", ""course_of_study"": ""CAD Drafting/Building Construction Technology""}, {""school"": ""University of Illinois at Chicago"", ""last_grade_completed"": ""14"", ""credential"": ""N/A"", ""course_of_study"": ""Architecture""}, {""school"": ""Moraine Valley Community College"", ""last_grade_completed"": ""N/A"", ""credential"": ""Certificate of Mechanical Engineering"", ""course_of_study"": ""AutoCAD""}]",I have reviewed the above campaign finance,I have reviewed the above State campaign finance,,text_layer,candidate_filings/2024/extracted_text/d3/patrick-hilton/candidate-filing-application.txt,False
2024,3,Kelly Janes (KJ),2024|3|kelly janes kj,Qualified,"August 27, 2024",Candidate Filing Application,https://www.portland.gov/auditor/elections/documents/janes-aud-120/download,candidate_filings/2024/pdfs/d3/kelly-janes-kj/candidate-filing-application.pdf,downloaded,candidate_filing_application,Original,Councilor District 3 (2-Year Term),Kelly Janes (KJ) Page 2: Candidate Information,https://kj4pdx.com,White | Page 9: Candidate Information: Demographic Information,,"Small Business Owner, Web Design & Development; Chair/President, Foster-Powell Neighborhood Association; President, Benson TechBoosters","Small Business (Founder), Tech/Creative (Freelance), Legal IT (Business Analysis/Budget Supervisor), Education (Computer Teacher, Network Administrator, Department Chair), Tech Support","Communications Chair, Foster-Powell Neighborhood Association; Secretary, Benson TechBoosters","[{""school"": ""UC Berkeley"", ""last_grade_completed"": """", ""credential"": ""BA Anthropology"", ""course_of_study"": ""Social Anthropology & Native American Studies""}, {""school"": ""NYU"", ""last_grade_completed"": """", ""credential"": """", ""course_of_study"": ""Continuing Education, Energy and Environment""}]",I have reviewed the above campaign finance,I have reviewed the above State campaign finance,,text_layer,candidate_filings/2024/extracted_text/d3/kelly-janes-kj/candidate-filing-application.txt,False
2024,3,Harrison Kass,2024|3|harrison kass,Qualified,"August 27, 2024",Candidate Filing Application,https://www.portland.gov/auditor/elections/documents/kass-aud-120/download,candidate_filings/2024/pdfs/d3/harrison-kass/candidate-filing-application.pdf,downloaded,candidate_filing_application,Original,Councilor District 3 (2-Year Term),Harrison Kass Page 2: Candidate Information,kassforpdx.com,Prefer Not to Answer | Page 9: Candidate Information: Demographic Information,,Policy Advisor - Office of Commissioner Rene Gonzalez,Government; Attorney; Journalist; Misc.,NA,"[{""school"": ""New York University"", ""last_grade_completed"": ""MA"", ""credential"": ""MA"", ""course_of_study"": ""International Relations and Global Journalism""}, {""school"": ""University of Oregon School of Law"", ""last_grade_completed"": ""JD"", ""credential"": ""JD"", ""course_of_study"": ""Jurisprudence""}, {""school"": ""Lake Forest College"", ""last_grade_completed"": ""BA"", ""credential"": ""BA"", ""course_of_study"": ""History Major, Cinema Studies Minor""}, {""school"": ""Newtown High School"", ""last_grade_completed"": ""12"", ""credential"": ""HS"", ""course_of_study"": """"}]",I have reviewed the above campaign finance,I have reviewed the above State campaign finance,,text_layer,candidate_filings/2024/extracted_text/d3/harrison-kass/candidate-filing-application.txt,False
2024,3,Philippe Knab,2024|3|philippe knab,Qualified,"June 5, 2024",Candidate Filing Application,https://www.portland.gov/auditor/elections/documents/philippe-knab/download,candidate_filings/2024/pdfs/d3/philippe-knab/candidate-filing-application.pdf,downloaded,candidate_filing_application,Original,Councilor District 3 (2-Year Term),Philippe Knab Page 2: Candidate Information,philippeforportland.com,Prefer Not to Answer | Page 9: Candidate Information: Demographic Information,,"Reentry and Eviction Defense Program Manager, Washington State Office of Civil Legal Aid (Paid)","Public Defender- Bronx Defenders, Staff Attorney and Supervising Attorney-The Legal Aid Society, Supervising Attorney-New York City Commission on Human Rights, Managing Attorney-The Northwest Justice Project",Not Elected or Appointed but I worked at the New York City Commission on Human Rights as Supervising Attorney and Currently work as Reentry and Eviction Defense Program Manager for Washington State Office of Civil Legal Aid,"[{""school"": ""Macalester College"", ""last_grade_completed"": ""graduated"", ""credential"": ""BA"", ""course_of_study"": """"}, {""school"": ""Brooklyn Law School"", ""last_grade_completed"": ""graduated"", ""credential"": ""JD"", ""course_of_study"": """"}]",I have reviewed the above campaign finance,I have reviewed the above State campaign finance,,text_layer,candidate_filings/2024/extracted_text/d3/philippe-knab/candidate-filing-application.txt,False
2024,3,Tiffany Koyama Lane,2024|3|tiffany koyama lane,Qualified,"July 2, 2024",Candidate Filing Application (as amended),https://www.portland.gov/auditor/elections/documents/koyama-lane-aud-120-amended/download,candidate_filings/2024/pdfs/d3/tiffany-koyama-lane/candidate-filing-application-as-amended.pdf,downloaded,candidate_filing_application,Amendment,Councilor District 3 (2-Year Term),Tiffany Koyama Lane Page 2: Candidate Information,www.teachertiffanyforthepeople.com,Asian or Asian American | Page 9: Candidate Information: Demographic Information,,"Teacher, Portland Public Schools","Teacher, Portland Public Schools, 2012-present Teacher, New York Public Schools, 2009-2012",NA,"[{""school"": ""University of Oregon"", ""last_grade_completed"": ""Master's Degree"", ""credential"": ""M.Ed"", ""course_of_study"": ""Elementary Education with ESOL Endorsement""}, {""school"": ""University of Oregon"", ""last_grade_completed"": ""Bachelor's Degree"", ""credential"": ""B.A."", ""course_of_study"": ""Spanish and Educational Studies (Honors, Magna Cum""}]",I have reviewed the above campaign finance,I have reviewed the above State campaign finance,,text_layer,candidate_filings/2024/extracted_text/d3/tiffany-koyama-lane/candidate-filing-application-as-amended.txt,False
2024,3,Tiffany Koyama Lane,2024|3|tiffany koyama lane,Qualified,"July 2, 2024",Candidate Filing Application (original),https://www.portland.gov/auditor/elections/documents/koyama-lane-aud-120-original/download,candidate_filings/2024/pdfs/d3/tiffany-koyama-lane/candidate-filing-application-original.pdf,downloaded,unrecognized_or_scanned,,,,,,,,,,,,,,ocr_fallback,candidate_filings/2024/extracted_text/d3/tiffany-koyama-lane/candidate-filing-application-original.txt,True
2024,3,Kenneth (Kent) R Landgraver III,2024|3|kenneth kent r landgraver iii,Qualified,"July 30, 2024",Candidate Filing Application,https://www.portland.gov/auditor/elections/documents/landgraver-aud-120/download,candidate_filings/2024/pdfs/d3/kenneth-kent-r-landgraver-iii/candidate-filing-application.pdf,downloaded,candidate_filing_application,Original,Councilor District 3 (2-Year Term),Kenneth (Kent) R Landgraver III Page 2: Candidate Information,,White | Page 9: Candidate Information: Demographic Information,,"Scientific Instrument Technician, Oregon OSHA",Oregon Army National Guard - 31 years - Retired Operations Manager C&L Terminals,None,"[{""school"": ""Oregon State University"", ""last_grade_completed"": ""Sophmore"", ""credential"": ""Degree"", ""course_of_study"": ""Chemical Engineering""}, {""school"": ""Lincoln High School"", ""last_grade_completed"": ""12th"", ""credential"": ""Diploma"", ""course_of_study"": ""Honors""}, {""school"": ""US Army Signal Corps School"", ""last_grade_completed"": ""48 weeks"", ""credential"": ""Certificate"", ""course_of_study"": ""Tactical Microwave Systems Repairer""}]",I have reviewed the above campaign finance,I have reviewed the above State campaign finance,,text_layer,candidate_filings/2024/extracted_text/d3/kenneth-kent-r-landgraver-iii/candidate-filing-application.txt,False
2024,3,Angelita Morillo,2024|3|angelita morillo,Qualified,"July 3, 2024",Candidate Filing Application,https://www.portland.gov/auditor/elections/documents/morillo-redacted-aud-120-0/download,candidate_filings/2024/pdfs/d3/angelita-morillo/candidate-filing-application.pdf,downloaded,unrecognized_or_scanned,,,,,,,,,,,,,,ocr_fallback,candidate_filings/2024/extracted_text/d3/angelita-morillo/candidate-filing-application.txt,True
2024,3,Steve Novick,2024|3|steve novick,Qualified,"August 19, 2024",Candidate Filing Application,https://www.portland.gov/auditor/elections/documents/steve-novick-aud-120/download,candidate_filings/2024/pdfs/d3/steve-novick/candidate-filing-application.pdf,downloaded,candidate_filing_application,Original,Councilor District 3 (2-Year Term),Steve Novick Page 2: Candidate Information,novickforportland.com,White | Page 9: Candidate Information: Demographic Information,,"Special Assistant Attorney General, Oregon Department of Justice","Portland City Commissioner; environmental lawyer, public policy researcher, non-profit director","Portland City Commissioner; Trial Attorney, U.S. Department of Justice, Environmental Enforcement Section","[{""school"": ""University of Oregon"", ""last_grade_completed"": ""16th"", ""credential"": ""B.A., Honors College"", ""course_of_study"": ""History""}, {""school"": ""Harvard Law School"", ""last_grade_completed"": ""19th"", ""credential"": ""J.D."", ""course_of_study"": ""Law""}]",I have reviewed the above campaign finance,I have reviewed the above State campaign finance,,text_layer,candidate_filings/2024/extracted_text/d3/steve-novick/candidate-filing-application.txt,False
2024,3,David O'Connor,2024|3|david o connor,Qualified,"June 24, 2024",Candidate Filing Application,https://www.portland.gov/auditor/elections/documents/oconnor-david-aud-120/download,candidate_filings/2024/pdfs/d3/david-o-connor/candidate-filing-application.pdf,downloaded,candidate_filing_application,Original,Councilor District 3 (2-Year Term),David O'Connor Page 2: Candidate Information,,White | 3 / 8,,Assistant General Manager of Hotel deLuxe,Housekeeping Manager at Multnomah Athletic Club. Director of Housekeeping at the Hotel Vintage,N/A,"[{""school"": ""University of Wisconsin - Stout"", ""last_grade_completed"": ""5 years"", ""credential"": ""Not Graduated"", ""course_of_study"": ""Hotel Restaurant and Toursim Managment""}]",I have reviewed the above campaign finance,I have reviewed the above State campaign finance,,text_layer,candidate_filings/2024/extracted_text/d3/david-o-connor/candidate-filing-application.txt,False
2024,3,Ahlam K Osman,2024|3|ahlam k osman,Qualified,"August 27, 2024",Candidate Filing Application,https://www.portland.gov/auditor/elections/documents/osman-aud-120/download,candidate_filings/2024/pdfs/d3/ahlam-k-osman/candidate-filing-application.pdf,downloaded,candidate_filing_application,Original,Councilor District 3 (2-Year Term),Ahlam K Osman Page 2: Candidate Information,https://ahlam4pdx.com/,Black or African American | Page 9: Candidate Information: Demographic Information,,Employed,Former AYCO employee.,Multnomah Youth Commission,"[{""school"": ""Portland State University"", ""last_grade_completed"": ""Senior"", ""credential"": """", ""course_of_study"": ""B.A Community Development""}]",I have reviewed the above campaign finance,I have reviewed the above State campaign finance,,text_layer,candidate_filings/2024/extracted_text/d3/ahlam-k-osman/candidate-filing-application.txt,False
2024,3,Cristal Azul Otero,2024|3|cristal azul otero,Qualified,"August 27, 2024",Candidate Filing Application,https://www.portland.gov/auditor/elections/documents/cristal-azul-otero-aud-120-2024/download,candidate_filings/2024/pdfs/d3/cristal-azul-otero/candidate-filing-application.pdf,downloaded,unrecognized_or_scanned,,,,,,,,,,,,,,ocr_fallback,candidate_filings/2024/extracted_text/d3/cristal-azul-otero/candidate-filing-application.txt,True
2024,3,Terry Parker,2024|3|terry parker,Qualified,"June 6, 2024",Candidate Filing Application,https://www.portland.gov/auditor/elections/documents/parker-aud-120/download,candidate_filings/2024/pdfs/d3/terry-parker/candidate-filing-application.pdf,downloaded,unrecognized_or_scanned,,,,,,,,,,,,,,ocr_fallback,candidate_filings/2024/extracted_text/d3/terry-parker/candidate-filing-application.txt,True
2024,3,Heart Free Pham,2024|3|heart free pham,Qualified,"August 12, 2024",Candidate Filing Application (as amended),https://www.portland.gov/auditor/elections/documents/pham-aud-120-ammended/download,candidate_filings/2024/pdfs/d3/heart-free-pham/candidate-filing-application-as-amended.pdf,downloaded,candidate_filing_application,Amendment,Councilor District 3 (2-Year Term),Heart Free Pham Page 2: Candidate Information,,Asian or Asian American | White,,Rail Road Conductor,English as a Second Language Teacher,Community Organizer - Bernie Sanders 2016 Presidential Campaign,"[{""school"": ""University of Puget Sound"", ""last_grade_completed"": ""Senior Year"", ""credential"": ""Bachelor of Science"", ""course_of_study"": ""Biochemistry""}, {""school"": ""Benson Polytechnic High School"", ""last_grade_completed"": ""12th"", ""credential"": ""Diploma"", ""course_of_study"": ""Health Occupations""}]",I have reviewed the above campaign finance,I have reviewed the above State campaign finance,,text_layer,candidate_filings/2024/extracted_text/d3/heart-free-pham/candidate-filing-application-as-amended.txt,False
2024,3,Heart Free Pham,2024|3|heart free pham,Qualified,"August 12, 2024",Candidate Filing Application (original),https://www.portland.gov/auditor/elections/documents/pham-aud-120/download,candidate_filings/2024/pdfs/d3/heart-free-pham/candidate-filing-application-original.pdf,downloaded,candidate_filing_application,Original,Councilor District 3 (2-Year Term),Heart Free Pham Page 2: Candidate Information,,Asian or Asian American | White,,Railroad Conductor,"ESL Teacher, Community Organizer",N/A,"[{""school"": ""University of Puget Sound"", ""last_grade_completed"": ""Senior Year"", ""credential"": ""Bachelor of Science"", ""course_of_study"": ""Biochemistry""}, {""school"": ""Benson Polytechnic High School"", ""last_grade_completed"": ""12th"", ""credential"": ""Diploma"", ""course_of_study"": ""Health Occupations""}]",I have reviewed the above campaign finance,I have reviewed the above State campaign finance,,text_layer,candidate_filings/2024/extracted_text/d3/heart-free-pham/candidate-filing-application-original.txt,False
2024,3,Jaclyn Smith-Moore,2024|3|jaclyn smith moore,Qualified,"July 17, 2024",Candidate Filing Application,https://www.portland.gov/auditor/elections/documents/smith-moore-aud-120/download,candidate_filings/2024/pdfs/d3/jaclyn-smith-moore/candidate-filing-application.pdf,downloaded,candidate_filing_application,Original,Councilor District 3 (2-Year Term),Jaclyn Smith-Moore Page 2: Candidate Information,https://jaclyn4pdx.com/,White | Page 9: Candidate Information: Demographic Information,,"Senior Web Developer, Paid","Senior Web Developer, Paid",NA,"[{""school"": ""Lakeland Christian Academy"", ""last_grade_completed"": ""12"", ""credential"": ""High School Deploma"", ""course_of_study"": """"}, {""school"": ""Indiana University Purdue University Fort Wayne (IPFW)"", ""last_grade_completed"": """", ""credential"": """", ""course_of_study"": ""Graphic Design""}]",I have reviewed the above campaign finance,I have reviewed the above State campaign finance,,text_layer,candidate_filings/2024/extracted_text/d3/jaclyn-smith-moore/candidate-filing-application.txt,False
2024,3,John Sweeney,2024|3|john sweeney,Qualified,"August 27, 2024",Candidate Filing Application,https://www.portland.gov/auditor/elections/documents/sweeney-aud-120/download,candidate_filings/2024/pdfs/d3/john-sweeney/candidate-filing-application.pdf,downloaded,unrecognized_or_scanned,,,,,,,,,,,,,,ocr_fallback,candidate_filings/2024/extracted_text/d3/john-sweeney/candidate-filing-application.txt,True
2024,3,Jonathan (Jon) Walker,2024|3|jonathan jon walker,Qualified,"August 26, 2024",Candidate Filing Application (as amended),https://www.portland.gov/auditor/elections/documents/john-walker-aud-120-amended-2024/download,candidate_filings/2024/pdfs/d3/jonathan-jon-walker/candidate-filing-application-as-amended.pdf,downloaded,candidate_filing_application,Amendment,Councilor District 3 (2-Year Term),Jonathan (Jon) Walker Page 2: Candidate Information,Walkerforportland.com,White | 3 / 8,,Policy Analyst at the Oregon Health Authority Office of Actuarial and Financial Analytic,NA,NA,"[{""school"": ""Portland State University"", ""last_grade_completed"": ""Masters"", ""credential"": ""Master's Degree"", ""course_of_study"": ""Public Policy""}, {""school"": ""Wesleyan University"", ""last_grade_completed"": """", ""credential"": ""Bachelor's Degree"", ""course_of_study"": ""Chemistry""}]",I have reviewed the above campaign finance,I have reviewed the above State campaign finance,,text_layer,candidate_filings/2024/extracted_text/d3/jonathan-jon-walker/candidate-filing-application-as-amended.txt,False
2024,3,Jonathan (Jon) Walker,2024|3|jonathan jon walker,Qualified,"August 26, 2024",Candidate Filing Application (original),https://www.portland.gov/auditor/elections/documents/jon-walker-aud-120-2024/download,candidate_filings/2024/pdfs/d3/jonathan-jon-walker/candidate-filing-application-original.pdf,downloaded,unrecognized_or_scanned,,,,,,,,,,,,,,text_layer,candidate_filings/2024/extracted_text/d3/jonathan-jon-walker/candidate-filing-application-original.txt,True
2024,3,Kezia Wanner,2024|3|kezia wanner,Qualified,"August 21, 2024",Candidate Filing Application (as amended),https://www.portland.gov/auditor/elections/documents/wanner-aud-120-amended/download,candidate_filings/2024/pdfs/d3/kezia-wanner/candidate-filing-application-as-amended.pdf,downloaded,candidate_filing_application,Amendment,Councilor District 3 (2-Year Term),Kezia Wanner Page 2: Candidate Information,Keziaforportland.com,Prefer Not to Answer | Page 9: Candidate Information: Demographic Information,,"Business Administration and Compliance Director, Oregon Department of Emergency Management","Deputy Director, Portland Fire Bureau Assistant City Manager, Newberg Oregon Deputy Director, Multnomah County Sheriff's Office Senior Budget Analyst, City of Portland Budget Office Program Manager/ Analyst, Portland Police Bureau",City of Woodburn City of Newberg City of Portland Multnomah County State of Oregon,"[{""school"": ""California State University Fullerton"", ""last_grade_completed"": ""Masters Degree"", ""credential"": ""Masters Degree"", ""course_of_study"": ""History""}, {""school"": ""University of Oregon"", ""last_grade_completed"": """", ""credential"": ""coursework"", ""course_of_study"": ""History""}, {""school"": ""Portland State Community College"", ""last_grade_completed"": """", ""credential"": ""coursework"", ""course_of_study"": ""Accounting""}, {""school"": ""Saddleback Community College"", ""last_grade_completed"": """", ""credential"": ""Associates Degree"", ""course_of_study"": ""General Studies""}]",I have reviewed the above campaign finance,I have reviewed the above State campaign finance,,text_layer,candidate_filings/2024/extracted_text/d3/kezia-wanner/candidate-filing-application-as-amended.txt,False
2024,3,Kezia Wanner,2024|3|kezia wanner,Qualified,"August 21, 2024",Candidate Filing Application (original),https://www.portland.gov/auditor/elections/documents/wanner-aud-120-original/download,candidate_filings/2024/pdfs/d3/kezia-wanner/candidate-filing-application-original.pdf,downloaded,candidate_filing_application,Original,Councilor District 3 (2-Year Term),Kezia Wanner Page 2: Candidate Information,,Prefer Not to Answer | Page 9: Candidate Information: Demographic Information,,"Business Administration and Compliance Director, Oregon Department of Emergency Management","Deputy Director, Portland Fire Bureau Assistant City Manager, Newberg Oregon Deputy Director, Multnomah County Sheriff's Office Senior Budget Analyst, City of Portland Budget Office Program Manager/ Analyst, Portland Police Bureau",City of Newberg City of Portland Multnomah County State of Oregon,"[{""school"": ""California State University Fullerton"", ""last_grade_completed"": ""Masters Degree"", ""credential"": ""Masters Degree"", ""course_of_study"": ""History""}, {""school"": ""University of Oregon"", ""last_grade_completed"": """", ""credential"": ""coursework"", ""course_of_study"": ""History""}, {""school"": ""Portland State Community College"", ""last_grade_completed"": """", ""credential"": ""coursework"", ""course_of_study"": ""Accounting""}, {""school"": ""Saddleback Community College"", ""last_grade_completed"": """", ""credential"": ""Associates Degree"", ""course_of_study"": ""General Studies""}]",I have reviewed the above campaign finance,I have reviewed the above State campaign finance,,text_layer,candidate_filings/2024/extracted_text/d3/kezia-wanner/candidate-filing-application-original.txt,False
2024,3,Luke Zak,2024|3|luke zak,Qualified,"June 5, 2024",Candidate Filing Application,https://www.portland.gov/auditor/elections/documents/luke-zak-aud-120/download,candidate_filings/2024/pdfs/d3/luke-zak/candidate-filing-application.pdf,downloaded,unrecognized_or_scanned,,,,,,,,,,,,,,ocr_fallback,candidate_filings/2024/extracted_text/d3/luke-zak/candidate-filing-application.txt,True
2024,3,Mu-Yin Chen (Mollie),2024|3|mu yin chen mollie,Candidacy Withdrawn,"August 12, 2024",Candidate Withdrawal Form,https://www.portland.gov/auditor/elections/documents/chen-withdrawal/download,candidate_filings/2024/pdfs/d3/mu-yin-chen-mollie/candidate-withdrawal-form.pdf,downloaded,unrecognized_or_scanned,,,,,,,,,,,,,,text_layer,candidate_filings/2024/extracted_text/d3/mu-yin-chen-mollie/candidate-withdrawal-form.txt,True
2024,3,Mu-Yin Chen (Mollie),2024|3|mu yin chen mollie,Candidacy Withdrawn,"August 12, 2024",Candidate Filing Application,https://www.portland.gov/auditor/elections/documents/chen-aud-120/download,candidate_filings/2024/pdfs/d3/mu-yin-chen-mollie/candidate-filing-application.pdf,downloaded,candidate_filing_application,Original,Councilor District 3 (2-Year Term),Mu-Yin Chen (Mollie) Page 2: Candidate Information,,Asian or Asian American | Page 9: Candidate Information: Demographic Information,,Business owner Mu-Yin Jewelry started 2007,Piano Teacher 2005-2008,none,"[{""school"": ""Indiana School of Music"", ""last_grade_completed"": """", ""credential"": ""Masters"", ""course_of_study"": ""master of music""}, {""school"": ""Royal Birmingham Conservatoire"", ""last_grade_completed"": """", ""credential"": ""Bachelors degree"", ""course_of_study"": ""Bachelors in music""}, {""school"": ""National Taiwan University"", ""last_grade_completed"": ""14"", ""credential"": ""incomplete"", ""course_of_study"": """"}]",I have reviewed the above campaign finance,I have reviewed the above State campaign finance,,text_layer,candidate_filings/2024/extracted_text/d3/mu-yin-chen-mollie/candidate-filing-application.txt,False
2024,4,Joseph (Joe) Alfone,2024|4|joseph joe alfone,Qualified,"August 20, 2024",Candidate Filing Application (as amended),https://www.portland.gov/auditor/elections/documents/alfone-aud-120-amended/download,candidate_filings/2024/pdfs/d4/joseph-joe-alfone/candidate-filing-application-as-amended.pdf,downloaded,candidate_filing_application,Amendment,Councilor District 4 (2-Year Term),JOSEPH (JOE) ALFONE Page 2: Candidate Information,,"Hispanic, Latino, Latina, or Latinx | White",,Food & Beverage Hourly Wage Attendant Moda Center & Statewide Ballot Access Initiative Canvasser,English as a Second Language (ESL) Teacher for 8 years in People's Republic of China (PRC) and briefly in Russia,1. Elected Junior Class President Riverdale High School New Orleans 2. Candidate Louisiana State University Student Government President 3. Nationwide Ballot Access Canvasser Ralph Nader for President Campaign 4. Candidate Louisiana State Representative District 91 New Orleans 5. Eastern United States National Organizer Ralph Nader for President Campaign,"[{""school"": ""Louisiana State University"", ""last_grade_completed"": ""Bachelor's Degree"", ""credential"": ""Bachelor of General Studies"", ""course_of_study"": ""Political-Science History Sociology""}, {""school"": ""Bridge-Linguatec Denver Colorado"", ""last_grade_completed"": ""ESL Certification"", ""credential"": ""English as a Second Language Certificate"", ""course_of_study"": ""ESL Teacher""}]",I have reviewed the above campaign finance,I have reviewed the above State campaign finance,,text_layer,candidate_filings/2024/extracted_text/d4/joseph-joe-alfone/candidate-filing-application-as-amended.txt,False
2024,4,Joseph (Joe) Alfone,2024|4|joseph joe alfone,Qualified,"August 20, 2024",Candidate Filing Application (original),https://www.portland.gov/auditor/elections/documents/alfone-aud-120-original/download,candidate_filings/2024/pdfs/d4/joseph-joe-alfone/candidate-filing-application-original.pdf,downloaded,candidate_filing_application,Original,Councilor District 4 (2-Year Term),Joseph (Joe) Alfone Page 2: Candidate Information,,"Hispanic, Latino, Latina, or Latinx | White",,Food and Beverage Attendant Moda Center & Ballot Access Statewide Initiative Canvasser,English as a Second Language (ESL) Teacher 8 years in China and briefly in Russia,Elected Junior Class President Riverdale High School Ralph Nader for President Ballot Access Canvasser 2004 Candidate State Representative New Orleans 2006 Ralph Nader for President Campaign Organizer 2008,"[{""school"": ""Louisiana State University Baton Rouge"", ""last_grade_completed"": ""Bachelor's Degree"", ""credential"": ""Bachelor of General Studies"", ""course_of_study"": ""Political-Science History Sociology""}, {""school"": ""Bridge-Linguatec Denver"", ""last_grade_completed"": ""ESL Certification"", ""credential"": """", ""course_of_study"": """"}]",I have reviewed the above campaign finance,I have reviewed the above State campaign finance,,text_layer,candidate_filings/2024/extracted_text/d4/joseph-joe-alfone/candidate-filing-application-original.txt,False
2024,4,Eli Arnold,2024|4|eli arnold,Qualified,"June 10, 2024",Candidate Filing Application,https://www.portland.gov/auditor/elections/documents/eli-arnold-redacted-aud-120/download,candidate_filings/2024/pdfs/d4/eli-arnold/candidate-filing-application.pdf,downloaded,candidate_filing_application,Original,Councilor District 4 (2-Year Term),Eli Arnold Page 2: Candidate Information,www.eliforportland.com,White | Page 9: Candidate Information: Demographic Information,,Police Officer,"Human Intelligence Analysis Cell Team Leader, US Army Blackhawk Pilot, Daffin Heights Community Garden founder",None,"[{""school"": ""Portland State University"", ""last_grade_completed"": """", ""credential"": ""BS"", ""course_of_study"": ""Science""}, {""school"": ""US Army Military Intelligence Center"", ""last_grade_completed"": """", ""credential"": ""Human Intelligence Collector"", ""course_of_study"": """"}, {""school"": ""US Army Aviation Center"", ""last_grade_completed"": """", ""credential"": ""Blackhawk Helicopter Pilot"", ""course_of_study"": """"}]",I have reviewed the above campaign finance,I have reviewed the above State campaign finance,,text_layer,candidate_filings/2024/extracted_text/d4/eli-arnold/candidate-filing-application.txt,False
2024,4,Bob Callahan,2024|4|bob callahan,Qualified,"August 19, 2024",Candidate Filing Application,https://www.portland.gov/auditor/elections/documents/callahan-aud-120/download,candidate_filings/2024/pdfs/d4/bob-callahan/candidate-filing-application.pdf,downloaded,candidate_filing_application,Original,Councilor District 4 (2-Year Term),Bob Callahan Page 2: Candidate Information,electbobcallahan.com,White | Page 9: Candidate Information: Demographic Information,,councilor and attorney at law,Attorney at Law in Portland since 1988.,NA,"[{""school"": ""Jesuit High School / Portland"", ""last_grade_completed"": ""12"", ""credential"": ""Diploma"", ""course_of_study"": ""General""}, {""school"": ""University of Oregon / Eugene"", ""last_grade_completed"": ""16"", ""credential"": ""B.S. Human Communication"", ""course_of_study"": ""Speech Sciences""}, {""school"": ""Portland State University / Portland"", ""last_grade_completed"": ""19"", ""credential"": ""post graduate"", ""course_of_study"": ""Urban Planning / Land Use Law""}, {""school"": ""Northwestern School of Law / Lewis & Clark College /"", ""last_grade_completed"": ""20"", ""credential"": ""Juris Doctor"", ""course_of_study"": ""Legal Arts""}]",I have reviewed the above campaign finance,I have reviewed the above State campaign finance,,text_layer,candidate_filings/2024/extracted_text/d4/bob-callahan/candidate-filing-application.txt,False
2024,4,Patrick Cashman,2024|4|patrick cashman,Qualified,"June 11, 2024",Patrick Cashman,https://www.portland.gov/auditor/elections/documents/patrick-cashman/download,candidate_filings/2024/pdfs/d4/patrick-cashman/patrick-cashman.pdf,downloaded,candidate_filing_application,Original,Councilor District 4 (2-Year Term),Patrick Cashman Page 2: Candidate Information,,Not Listed (please specify): | Apache Helicopter,,"Project Manager, Certified PMP","23 years in the US Marine Corps as an 0302, Infantry Officer","23 years in the US Marine Corps as an 0302, Infantry Officer","[{""school"": ""Marine Corps Command and Staff College"", ""last_grade_completed"": ""Masters Degree"", ""credential"": ""MA"", ""course_of_study"": ""Military Studies""}, {""school"": ""University of Washington"", ""last_grade_completed"": ""Bachelors Degree"", ""credential"": ""BA"", ""course_of_study"": ""History""}]",I have reviewed the above campaign finance,I have reviewed the above State campaign finance,,text_layer,candidate_filings/2024/extracted_text/d4/patrick-cashman/patrick-cashman.txt,False
2024,4,Olivia Clark,2024|4|olivia clark,Qualified,"June 5, 2024",Candidate Filing Application,https://www.portland.gov/auditor/elections/documents/olivia-clark-2024-aud-120-redacted/download,candidate_filings/2024/pdfs/d4/olivia-clark/candidate-filing-application.pdf,downloaded,candidate_filing_application,Original,Councilor District 4 (2-Year Term),Olivia Clark Page 2: Candidate Information,OliviaforPortland.com,White | Page 9: Candidate Information: Demographic Information,,Not Employed,Intergovernmental & Legislative Affairs Director,"Governor John A.Kitzhaber, Intergovernmental Affairs Director Mayor’s office City of Salem, Legislative Director TriMet, Executive Director of Public Affars Oregon Department of Environmental Quality, Legislative Director","[{""school"": ""University of Oregon"", ""last_grade_completed"": ""Graduate School"", ""credential"": ""Master’s Degree"", ""course_of_study"": ""Sociology""}, {""school"": ""University of Redlands"", ""last_grade_completed"": ""College graduate"", ""credential"": ""BA"", ""course_of_study"": ""Sociology""}, {""school"": ""Redlands High School"", ""last_grade_completed"": ""12th"", ""credential"": ""High School"", ""course_of_study"": """"}]",I have reviewed the above campaign finance,I have reviewed the above State campaign finance,,text_layer,candidate_filings/2024/extracted_text/d4/olivia-clark/candidate-filing-application.txt,False
2024,4,Raquel Coyote,2024|4|raquel coyote,Qualified,"August 23, 2024",Candidate Filing Application,https://www.portland.gov/auditor/elections/documents/raquel-coyote-aud-120-2024/download,candidate_filings/2024/pdfs/d4/raquel-coyote/candidate-filing-application.pdf,downloaded,candidate_filing_application,Original,Councilor District 4 (2-Year Term),Raquel Coyote Page 2: Candidate Information,,"Hispanic, Latino, Latina, or Latinx | White",,Small Business Owner,"Architect, Project Manager Designer Parent",None,"[{""school"": ""PSU"", ""last_grade_completed"": ""Bachelor of Science"", ""credential"": ""B. S."", ""course_of_study"": ""Architecture""}, {""school"": ""California College of Arts & PSU"", ""last_grade_completed"": ""Bachelor of Science"", ""credential"": ""B.S."", ""course_of_study"": ""Fine Art (s) Double Degree Painting & Printmaking""}]",I have reviewed the above campaign finance,I have reviewed the above State campaign finance,,text_layer,candidate_filings/2024/extracted_text/d4/raquel-coyote/candidate-filing-application.txt,False
2024,4,Mike DiNapoli,2024|4|mike dinapoli,Qualified,"June 5, 2024",Candidate Filing Application,https://www.portland.gov/auditor/elections/documents/mike-dinapoli-aud-120/download,candidate_filings/2024/pdfs/d4/mike-dinapoli/candidate-filing-application.pdf,downloaded,candidate_filing_application,Original,Councilor District 4 (2-Year Term),Mike DiNapoli Page 2: Candidate Information,www.MikeDiNapoli.org,"American Indian or Alaskan Native (if selected, a text | your Tribe or Native Corporation, if desired)","American Indian or Alaskan Native (if selected, a text",People's AV | Event Technology Director,"I'm a Utility telecom tradesperson and have worked across the country on our nations telephone, data, radio and television infrastructure systems. I'm also a JourneyLevel low-voltage electrician and service person. In a addition I'm a small business owner and provide technology service support across the region.","Was an appointed Precinct Committee Person for the Washington County Democrats in the early 2000's and was on the Citizen Advisory Board with the City of Hillsboro providing insight and oversight on Conditional Use Permits within the city. Current- I'm an appointed PCP for the Multnomah County Democrats and with the primaries behind us, soon to be an offically elected PCP for Multnomah County.","[{""school"": ""Mount Hood Comm. College [MHCC]"", ""last_grade_completed"": ""Graduated"", ""credential"": ""Associate of Science"", ""course_of_study"": ""Media & Broadcasting""}, {""school"": ""Portland State University"", ""last_grade_completed"": ""11 [Junior]"", ""credential"": ""In progress"", ""course_of_study"": ""Communication and Business""}, {""school"": ""Communications of America"", ""last_grade_completed"": ""Apprenticeship"", ""credential"": ""JourneyPerson Data, Switching and DC Power"", ""course_of_study"": ""Telecom, Radio, Broadcast Infrastucture""}, {""school"": ""IBEW Tested and Training"", ""last_grade_completed"": ""Journeyperson"", ""credential"": ""Licensed Low Voltage Electrician"", ""course_of_study"": ""Data and Telecom""}]",I have reviewed the above campaign finance,I have reviewed the above State campaign finance,,text_layer,candidate_filings/2024/extracted_text/d4/mike-dinapoli/candidate-filing-application.txt,False
2024,4,Kelly Doyle,2024|4|kelly doyle,Qualified,"June 27, 2024",Candidate Filing Application (as amended),https://www.portland.gov/auditor/elections/documents/doyle-aud-120-ammended/download,candidate_filings/2024/pdfs/d4/kelly-doyle/candidate-filing-application-as-amended.pdf,downloaded,unrecognized_or_scanned,,,,,,,,,,,,,,ocr_fallback,candidate_filings/2024/extracted_text/d4/kelly-doyle/candidate-filing-application-as-amended.txt,True
2024,4,Kelly Doyle,2024|4|kelly doyle,Qualified,"June 27, 2024",Candidate Filing Application (original),https://www.portland.gov/auditor/elections/documents/doyle-aud-120-original-2/download,candidate_filings/2024/pdfs/d4/kelly-doyle/candidate-filing-application-original.pdf,downloaded,unrecognized_or_scanned,,,,,,,,,,,,,,ocr_fallback,candidate_filings/2024/extracted_text/d4/kelly-doyle/candidate-filing-application-original.txt,True
2024,4,Brandon Farley,2024|4|brandon farley,Qualified,"June 17, 2024",Candidate Filing Application,https://www.portland.gov/auditor/elections/documents/brandon-farley-aud-120/download,candidate_filings/2024/pdfs/d4/brandon-farley/candidate-filing-application.pdf,downloaded,candidate_filing_application,Original,Councilor District 4 (2-Year Term),Brandon Farley Page 2: Candidate Information,,White | 3 / 8,,Not Employed,None,None,"[{""school"": ""Osceola County Learning Center"", ""last_grade_completed"": ""9th"", ""credential"": ""GED"", ""course_of_study"": """"}]",I have reviewed the above campaign finance,I have reviewed the above State campaign finance,,text_layer,candidate_filings/2024/extracted_text/d4/brandon-farley/candidate-filing-application.txt,False
2024,4,Lisa Freeman,2024|4|lisa freeman,Qualified,"June 13, 2024",Candidate Filing Application,https://www.portland.gov/auditor/elections/documents/freeman-lisa-aud-120/download,candidate_filings/2024/pdfs/d4/lisa-freeman/candidate-filing-application.pdf,downloaded,unrecognized_or_scanned,,,,,,,,,,,,,,ocr_fallback,candidate_filings/2024/extracted_text/d4/lisa-freeman/candidate-filing-application.txt,True
2024,4,John J Goldsmith,2024|4|john j goldsmith,Qualified,"July 29, 2024",Candidate Filing Application,https://www.portland.gov/auditor/elections/documents/goldsmith-john-aud-120/download,candidate_filings/2024/pdfs/d4/john-j-goldsmith/candidate-filing-application.pdf,downloaded,unrecognized_or_scanned,,,,,,,,,,,,,,ocr_fallback,candidate_filings/2024/extracted_text/d4/john-j-goldsmith/candidate-filing-application.txt,True
2024,4,Kevin Goldsmith,2024|4|kevin goldsmith,Qualified,"July 8, 2024",Candidate Filing Application,https://www.portland.gov/auditor/elections/documents/goldsmith-2-aud-120/download,candidate_filings/2024/pdfs/d4/kevin-goldsmith/candidate-filing-application.pdf,downloaded,unrecognized_or_scanned,,,,,,,,,,,,,,text_layer,candidate_filings/2024/extracted_text/d4/kevin-goldsmith/candidate-filing-application.txt,True
2024,4,Mitch Green,2024|4|mitch green,Qualified,"June 12, 2024",Candidate Filing Application,https://www.portland.gov/auditor/elections/documents/mitc/download,candidate_filings/2024/pdfs/d4/mitch-green/candidate-filing-application.pdf,downloaded,candidate_filing_application,Original,Councilor District 4 (2-Year Term),Mitch Green Page 2: Candidate Information,https://mitch4portland.com,White | Page 9: Candidate Information: Demographic Information,,"Economist, Bonneville Power Administration (2015 - Present)","Adjunct Economics Professor (occasional 2016 - 2022), Visiting Economics Instructor Franklin & Marshall College, Intern Bonneville Power Admin (2013-2014), Graduate Teaching Assistant University of Missouri - Kansas City (2010-2013), Analyst, Army Corps of Engineers (2008 - 2010), IT tech, Advantis Credit Union (2007 - 2008), Civil Affairs NCO, US Army (2001 - 2007)","NA. I am GS Federal employee, but this not an appointed position.","[{""school"": ""University of Missouri - Kansas City"", ""last_grade_completed"": """", ""credential"": ""Ph.D."", ""course_of_study"": ""Economics""}, {""school"": ""University of Missouri - Kansas City"", ""last_grade_completed"": """", ""credential"": ""M.S."", ""course_of_study"": ""Economics""}, {""school"": ""Portland State University"", ""last_grade_completed"": """", ""credential"": ""B.S."", ""course_of_study"": ""Economics""}]",I have reviewed the above campaign finance,I have reviewed the above State campaign finance,,text_layer,candidate_filings/2024/extracted_text/d4/mitch-green/candidate-filing-application.txt,False
2024,4,Chris Henry,2024|4|chris henry,Qualified,"July 1, 2024",Download PDF file Candidate Filing Application,https://www.portland.gov/elections/documents/henry-aud-120/download,candidate_filings/2024/pdfs/d4/chris-henry/download-pdf-file-candidate-filing-application.pdf,downloaded,candidate_filing_application,Original,Councilor District 4 (2-Year Term),"""Chris Henry"" Page 2: Candidate Information",www.chrishenry.org,White | Not Listed (please specify):,,"Not Employed / ""Semi""-retired (trying not to drive semi trucks any more)","Teamster Truck Driver YELLOW FREIGHT 6845 N CUTTER CIRCLE PORTLAND, OR 97219 (Yellow closed their doors and filed bankruptcy after 100 years, laying off 30,000 employees. I had 20 years of service.","None, as yet","[{""school"": ""Portland State University"", ""last_grade_completed"": ""(I must only complete the math requirement)"", ""credential"": ""Currently In Progress (Expect to complete math by"", ""course_of_study"": ""BS in Communication w/ a Minor in Civic Leadership""}, {""school"": ""Portland Community College"", ""last_grade_completed"": ""Currently attending to complete math requirement for"", ""credential"": ""Currently In Progress (Expect to complete math by"", ""course_of_study"": ""AS Transfer Degree Requirement w/ Math Requirement""}]",I have reviewed the above campaign finance,I have reviewed the above State campaign finance,,text_layer,candidate_filings/2024/extracted_text/d4/chris-henry/download-pdf-file-candidate-filing-application.txt,False
2024,4,Ben Hufford,2024|4|ben hufford,Qualified,"June 11, 2024",Candidate Filing Application,https://www.portland.gov/auditor/elections/documents/ben-hufford-aud-120/download,candidate_filings/2024/pdfs/d4/ben-hufford/candidate-filing-application.pdf,downloaded,candidate_filing_application,Original,Councilor District 4 (2-Year Term),Ben Hufford Page 2: Candidate Information,ben4portland.com,White | Page 9: Candidate Information: Demographic Information,,"Architect and Owner, Design Department Architecture, Jan 2008 - Present","Architect, YGH, 2000-2005 Architect, ZGF Architects, 1996-1999",NA,"[{""school"": ""Harvard University"", ""last_grade_completed"": ""20th"", ""credential"": ""MArch"", ""course_of_study"": ""Architecture""}, {""school"": ""Carleton College"", ""last_grade_completed"": ""16th"", ""credential"": ""BA"", ""course_of_study"": ""Fine Art""}, {""school"": ""Columbia University"", ""last_grade_completed"": ""15th"", ""credential"": """", ""course_of_study"": ""Architecture""}, {""school"": ""Birmingham Seaholm High School"", ""last_grade_completed"": ""12th"", ""credential"": ""Diploma"", ""course_of_study"": """"}]",I have reviewed the above campaign finance,I have reviewed the above State campaign finance,,text_layer,candidate_filings/2024/extracted_text/d4/ben-hufford/candidate-filing-application.txt,False
2024,4,Chad Lykins,2024|4|chad lykins,Qualified,"July 3, 2024",Candidate Filing Application,https://www.portland.gov/auditor/elections/documents/chad-lykins-aud-120/download,candidate_filings/2024/pdfs/d4/chad-lykins/candidate-filing-application.pdf,downloaded,candidate_filing_application,Original,Councilor District 4 (2-Year Term),Chad Lykins Page 2: Candidate Information,lykinsforportland.com,White | Page 9: Candidate Information: Demographic Information,,"Founder, Rose City chess","Assistant Professor, University of Hong Kong; Small Business Owner; Policy Researcher",Democratic Precinct Committeeperson,"[{""school"": ""Vanderbilt University"", ""last_grade_completed"": """", ""credential"": ""PhD"", ""course_of_study"": ""Leadership and Policy Studies""}, {""school"": ""College of Charleston"", ""last_grade_completed"": """", ""credential"": ""Bachelor's"", ""course_of_study"": ""Philosophy""}]",I have reviewed the above campaign finance,I have reviewed the above State campaign finance,,text_layer,candidate_filings/2024/extracted_text/d4/chad-lykins/candidate-filing-application.txt,False
2024,4,Chloe Mason,2024|4|chloe mason,Qualified,"August 27, 2024",Candidate Filing Application,https://www.portland.gov/auditor/elections/documents/chloe-mason-aud-120-2024-0/download,candidate_filings/2024/pdfs/d4/chloe-mason/candidate-filing-application.pdf,downloaded,candidate_filing_application,Original,Councilor District 4 (2-Year Term),Chloe Mason Page 2: Candidate Information,www.chloemasonforpdx.com,Black or African American | White,,"Fitness Model, Author","Business Management, Marketing",Portland Police Bureau Equity Advisory Counsel,"[{""school"": ""Olympic College"", ""last_grade_completed"": ""N/A"", ""credential"": ""GED"", ""course_of_study"": """"}, {""school"": ""Portland Communtiy College"", ""last_grade_completed"": ""Freshman"", ""credential"": ""Transfer"", ""course_of_study"": """"}]",I have reviewed the above campaign finance,I have reviewed the above State campaign finance,,text_layer,candidate_filings/2024/extracted_text/d4/chloe-mason/candidate-filing-application.txt,False
2024,4,Tony Morse,2024|4|tony morse,Qualified,"June 12, 2024",Candidate Filing Application,https://www.portland.gov/auditor/elections/documents/tony-morse-aud-120/download,candidate_filings/2024/pdfs/d4/tony-morse/candidate-filing-application.pdf,downloaded,candidate_filing_application,Original,Councilor District 4 (2-Year Term),Tony Morse Page 2: Candidate Information,www.tonyforportland.com,White | Page 9: Candidate Information: Demographic Information,,Not Employed.,"Campaign Manager, Deputy Campaign Manager, Policy and Advocacy Director, Field Organizer, Real Estate Broker, Judicial Law Clerk, and Attorney.",Judicial Law Clerk in the Circuit Court for Multnomah County (Employee of the Oregon Judicial Department).,"[{""school"": ""New England School of Law"", ""last_grade_completed"": ""Third year of law school"", ""credential"": ""Juris Doctor"", ""course_of_study"": ""Law""}, {""school"": ""Western Oregon University"", ""last_grade_completed"": ""Fourth year of college"", ""credential"": ""Bachelor of Science"", ""course_of_study"": ""Economics""}, {""school"": ""Mountain View High School"", ""last_grade_completed"": ""12"", ""credential"": ""High School Diploma"", ""course_of_study"": """"}, {""school"": ""West Linn High School"", ""last_grade_completed"": ""9"", ""credential"": ""N/A"", ""course_of_study"": """"}]",I have reviewed the above campaign finance,I have reviewed the above State campaign finance,,text_layer,candidate_filings/2024/extracted_text/d4/tony-morse/candidate-filing-application.txt,False
2024,4,Lee Odell,2024|4|lee odell,Qualified,"August 20, 2024",Candidate Filing Application,https://www.portland.gov/auditor/elections/documents/odell-aud-120/download,candidate_filings/2024/pdfs/d4/lee-odell/candidate-filing-application.pdf,downloaded,candidate_filing_application,Original,Councilor District 4 (2-Year Term),Lee Odell Page 2: Candidate Information,,Prefer Not to Answer | Page 9: Candidate Information: Demographic Information,,Retired,"U.S. Navy Submarine Service, Nuclear Power Reactor Operator, Audiologist, Financial CCpmptrtoller in woods products industry, Maner of Financial Offices for private college, Director of Physical Plant for private college, Director of Communication Services for private college.",None,"[{""school"": ""Parkrose"", ""last_grade_completed"": ""12"", ""credential"": ""yes"", ""course_of_study"": ""General""}, {""school"": ""Portland State College"", ""last_grade_completed"": """", ""credential"": ""Bachelor of Science"", ""course_of_study"": ""General Science""}, {""school"": ""Portland State University"", ""last_grade_completed"": """", ""credential"": ""Masters of Science"", ""course_of_study"": ""Audiology""}]",I have reviewed the above campaign finance,I have reviewed the above State campaign finance,,text_layer,candidate_filings/2024/extracted_text/d4/lee-odell/candidate-filing-application.txt,False
2024,4,Stanley Penkin,2024|4|stanley penkin,Qualified,"June 11, 2024",Candidate Filing Application,https://www.portland.gov/auditor/elections/documents/stanley-penkin-aud-120/download,candidate_filings/2024/pdfs/d4/stanley-penkin/candidate-filing-application.pdf,downloaded,unrecognized_or_scanned,,,,,,,,,,,,,,ocr_fallback,candidate_filings/2024/extracted_text/d4/stanley-penkin/candidate-filing-application.txt,True
2024,4,L Christopher Regis,2024|4|l christopher regis,Qualified,"August 27, 2024",Candidate Filing Application,https://www.portland.gov/auditor/elections/documents/regis-aud-120/download,candidate_filings/2024/pdfs/d4/l-christopher-regis/candidate-filing-application.pdf,downloaded,candidate_filing_application,Original,Councilor District 4 (2-Year Term),L.Christopher Regis Page 2: Candidate Information,,Prefer Not to Answer | Page 9: Candidate Information: Demographic Information,,business owner. Green Century Recycling,Business owner in Portland for 20 years,NA,"[{""school"": ""Portland State University"", ""last_grade_completed"": ""14"", ""credential"": ""2 year degree in digital music production"", ""course_of_study"": ""music""}]",I have reviewed the above campaign finance,I have reviewed the above State campaign finance,,text_layer,candidate_filings/2024/extracted_text/d4/l-christopher-regis/candidate-filing-application.txt,False
2024,4,Moses Ross,2024|4|moses ross,Qualified,"June 7, 2024",Candidate Filing Application,https://www.portland.gov/auditor/elections/documents/moses-ross-aud-120/download,candidate_filings/2024/pdfs/d4/moses-ross/candidate-filing-application.pdf,downloaded,candidate_filing_application,Original,Councilor District 4 (2-Year Term),Moses Ross Page 2: Candidate Information,www.moses4pdx.com,"Hispanic, Latino, Latina, or Latinx | White",,"2002-Present: Political Consultant, M. J. Ross Group, Inc., Portland, OR","1990-1995: Publisher, In Balance Magazine, Portland, OR","2010-2014, 2020-Present: President, Multnomah Neighborhood Association, Portland, OR 2018-2023: Member, Multnomah County Community Budget Advisory Committee (CBAC) 2015: Member, Multnomah County Charter Review Committee","[{""school"": ""Evanston High School, Evanston, Wyoming"", ""last_grade_completed"": ""12"", ""credential"": ""Diploma"", ""course_of_study"": """"}]",I have reviewed the above campaign finance,I have reviewed the above State campaign finance,,text_layer,candidate_filings/2024/extracted_text/d4/moses-ross/candidate-filing-application.txt,False
2024,4,Tony Schwartz,2024|4|tony schwartz,Qualified,"August 27, 2024",Candidate Filing Application,https://www.portland.gov/auditor/elections/documents/schwartz-aud-120/download,candidate_filings/2024/pdfs/d4/tony-schwartz/candidate-filing-application.pdf,downloaded,candidate_filing_application,Original,Councilor District 4 (2-Year Term),(Tony) Schwartz Page 2: Candidate Information,N/A,White | Page 9: Candidate Information: Demographic Information,,Lawyer,Lawyer since 2000,Hearings Officer - Multnomah County Animal Services since 2022,"[{""school"": ""University of Denver Law School"", ""last_grade_completed"": ""19"", ""credential"": ""J.D."", ""course_of_study"": """"}, {""school"": ""University of Colorado at Boulder"", ""last_grade_completed"": ""16"", ""credential"": ""B.A."", ""course_of_study"": """"}]",I have reviewed the above campaign finance,I have reviewed the above State campaign finance,,text_layer,candidate_filings/2024/extracted_text/d4/tony-schwartz/candidate-filing-application.txt,False
2024,4,Sarah Silkie,2024|4|sarah silkie,Qualified,"June 11, 2024",Candidate Filing Application,https://www.portland.gov/auditor/elections/documents/sarah-silkie-aud-120/download,candidate_filings/2024/pdfs/d4/sarah-silkie/candidate-filing-application.pdf,downloaded,candidate_filing_application,Original,Councilor District 4 (2-Year Term),Sarah Silkie Page 2: Candidate Information,www.sarahsilkie.com,White | Page 9: Candidate Information: Demographic Information,,Civil Engineer,Environmental Specialist Community College Instructor,None,"[{""school"": ""University of California - Berkeley"", ""last_grade_completed"": """", ""credential"": ""PhD"", ""course_of_study"": ""Science of Civil & Environmental Engineering""}, {""school"": ""Reed College"", ""last_grade_completed"": """", ""credential"": ""B.A."", ""course_of_study"": ""Linguistics""}, {""school"": ""Ida B Wells (formerly known as Wilson) High School"", ""last_grade_completed"": ""12"", ""credential"": """", ""course_of_study"": """"}, {""school"": ""Portland Community College"", ""last_grade_completed"": """", ""credential"": """", ""course_of_study"": ""Engineering prerequisites""}]",I have reviewed the above campaign finance,I have reviewed the above State campaign finance,,text_layer,candidate_filings/2024/extracted_text/d4/sarah-silkie/candidate-filing-application.txt,False
2024,4,Ciatta R Thompson,2024|4|ciatta r thompson,Qualified,"July 11, 2024",Candidate Filing Application (as amended),https://www.portland.gov/auditor/elections/documents/redacted-ciatta-thompson-aud-120-ammended/download,candidate_filings/2024/pdfs/d4/ciatta-r-thompson/candidate-filing-application-as-amended.pdf,downloaded,candidate_filing_application,Amendment,Councilor District 4 (2-Year Term),Ciatta R. Thompson Page 2: Candidate Information,,Black or African American | 3 / 8,,Front Office Manager paid,Travel and Hotel Hospitality paid,Community Affairs Advisory Board appointed,"[{""school"": ""Florida Atlantic University"", ""last_grade_completed"": ""none"", ""credential"": ""none"", ""course_of_study"": ""Urban Planning""}, {""school"": ""Johnson and Wales University"", ""last_grade_completed"": ""none"", ""credential"": ""none"", ""course_of_study"": ""Sports Management""}, {""school"": ""Webster University"", ""last_grade_completed"": ""none"", ""credential"": ""none"", ""course_of_study"": ""Film Studies""}, {""school"": ""University of Missouri-St. Louis"", ""last_grade_completed"": ""none"", ""credential"": ""none"", ""course_of_study"": ""Communications""}]",I have reviewed the above campaign finance,I have reviewed the above State campaign finance,,text_layer,candidate_filings/2024/extracted_text/d4/ciatta-r-thompson/candidate-filing-application-as-amended.txt,False
2024,4,Ciatta R Thompson,2024|4|ciatta r thompson,Qualified,"July 11, 2024",Candidate Filing Application (original),https://www.portland.gov/auditor/elections/documents/redacted-ciatta-thompson-aud-120-original/download,candidate_filings/2024/pdfs/d4/ciatta-r-thompson/candidate-filing-application-original.pdf,downloaded,candidate_filing_application,Original,Councilor District 1 (4-Year Term),Ciatta R. Thompson Page 2: Candidate Information,,Black or African American | Page 9: Candidate Information: Demographic Information,,Front Office Manager at Residence Inn Portland Downtown/RiverPlace paid,Travel and Hotel Hospitality Industry paid,Community Affairs Advisory Board appointed 2017-2020,"[{""school"": ""Florida Atlantic University"", ""last_grade_completed"": ""none"", ""credential"": ""none"", ""course_of_study"": ""Urban Planning""}, {""school"": ""Johnson and Wales University"", ""last_grade_completed"": ""none"", ""credential"": ""none"", ""course_of_study"": ""Sports Management""}, {""school"": ""Webster University"", ""last_grade_completed"": ""none"", ""credential"": ""none"", ""course_of_study"": ""Film Studies""}, {""school"": ""University of Missouri-St. Louis"", ""last_grade_completed"": ""none"", ""credential"": ""none"", ""course_of_study"": ""Communications""}]",I have reviewed the above campaign finance,I have reviewed the above State campaign finance,,text_layer,candidate_filings/2024/extracted_text/d4/ciatta-r-thompson/candidate-filing-application-original.txt,False
2024,4,John Toran,2024|4|john toran,Qualified,"August 27, 2024",Candidate Filing Application (as amended),https://www.portland.gov/auditor/elections/documents/toran-amended-aud-120/download,candidate_filings/2024/pdfs/d4/john-toran/candidate-filing-application-as-amended.pdf,downloaded,unrecognized_or_scanned,,,,,,,,,,,,,,text_layer,candidate_filings/2024/extracted_text/d4/john-toran/candidate-filing-application-as-amended.txt,True
2024,4,John Toran,2024|4|john toran,Qualified,"August 27, 2024",Candidate Filing Application (original),https://www.portland.gov/auditor/elections/documents/toran-orginal-2-aud-120/download,candidate_filings/2024/pdfs/d4/john-toran/candidate-filing-application-original.pdf,downloaded,unrecognized_or_scanned,,,,,,,,,,,,,,ocr_fallback,candidate_filings/2024/extracted_text/d4/john-toran/candidate-filing-application-original.txt,True
2024,4,Michael Trimble,2024|4|michael trimble,Qualified,"June 10, 2024",Candidate Filing Application,https://www.portland.gov/auditor/elections/documents/michael-trimble-aud-120/download,candidate_filings/2024/pdfs/d4/michael-trimble/candidate-filing-application.pdf,downloaded,candidate_filing_application,Original,Councilor District 4 (2-Year Term),Michael Trimble Page 2: Candidate Information,iamwithmichael.com,White | Page 9: Candidate Information: Demographic Information,,customer service,customer service healthcare,none,"[{""school"": ""duquesne university"", ""last_grade_completed"": ""graduated"", ""credential"": ""bachelors"", ""course_of_study"": ""political science""}]",I have reviewed the above campaign finance,I have reviewed the above State campaign finance,,text_layer,candidate_filings/2024/extracted_text/d4/michael-trimble/candidate-filing-application.txt,False
2024,4,Andra Vltavín,2024|4|andra vltavin,Qualified,"July 31, 2024",Candidate Filing Application (as amended second),https://www.portland.gov/auditor/elections/documents/vltavin-aud-120-amended-second/download,candidate_filings/2024/pdfs/d4/andra-vltavin/candidate-filing-application-as-amended-second.pdf,downloaded,candidate_filing_application,Amendment,Councilor District 4 (2-Year Term),Andra Vltavín Page 2: Candidate Information,andraforpdx.com,"Not Listed (please specify): | Czech, Danish, French, British",,"-Co-director of Ethical Yarn Community -Volunteer at 350PDX, Extinction Rebellion PDX, and Portland Mutual Aid Network","-Co-founder and board member of First Matter Press, a press publishing first-time BIPOC and LGBTQ+ authors -Creative reuse specialist at SCRAP PDX -Class action lawsuit documentation proofreader at Epiq",None,"[{""school"": ""University of Utah"", ""last_grade_completed"": ""Bachelor's"", ""credential"": ""Bachelor's Degree"", ""course_of_study"": ""English, psychology, and religious studies""}, {""school"": ""Weber High School"", ""last_grade_completed"": ""12th"", ""credential"": ""High School Diploma"", ""course_of_study"": """"}]",I have reviewed the above campaign finance,I have reviewed the above State campaign finance,,text_layer,candidate_filings/2024/extracted_text/d4/andra-vltavin/candidate-filing-application-as-amended-second.txt,False
2024,4,Andra Vltavín,2024|4|andra vltavin,Qualified,"July 31, 2024",Candidate Filing Application (as first amended),https://www.portland.gov/auditor/elections/documents/andra-vltavin-aud-120-ammended/download,candidate_filings/2024/pdfs/d4/andra-vltavin/candidate-filing-application-as-first-amended.pdf,downloaded,candidate_filing_application,Amendment,Councilor District 4 (2-Year Term),Andra Vltavín Page 2: Candidate Information,andraforpdx.com,"Not Listed (please specify): | Czech, Danish, French, British",,"-Co-director of Ethical Yarn Community -Volunteer at 350PDX, Extinction Rebellion PDX, and Portland Mutual Aid Network","-Co-founder and Director of First Matter Press, a press publishing first-time BIPOC and LGBTQ+ authors -Creative reuse specialist at SCRAP PDX -Class action lawsuit documentation proofreader at Epiq",None,"[{""school"": ""University of Utah"", ""last_grade_completed"": ""Bachelor's"", ""credential"": ""Bachelor's Degree"", ""course_of_study"": ""English, psychology, and religious studies""}, {""school"": ""Weber High School"", ""last_grade_completed"": ""12th"", ""credential"": ""High School Diploma"", ""course_of_study"": """"}]",I have reviewed the above campaign finance,I have reviewed the above State campaign finance,,text_layer,candidate_filings/2024/extracted_text/d4/andra-vltavin/candidate-filing-application-as-first-amended.txt,False
2024,4,Andra Vltavín,2024|4|andra vltavin,Qualified,"July 31, 2024",Candidate Filing Application (original),https://www.portland.gov/auditor/elections/documents/andra-vltavin-aud-120-original/download,candidate_filings/2024/pdfs/d4/andra-vltavin/candidate-filing-application-original.pdf,downloaded,candidate_filing_application,Original,Councilor District 4 (2-Year Term),Andra Vltavín Page 2: Candidate Information,andraforpdx.com,Not Listed (please specify): | Eastern European,,"Climate Activist with 350 PDX and Extinction Rebellion PDX - unpaid Director of Ethical Yarn Community (co-op) - unpaid Self-employed writer, editor, and professional cuddler - paid",Creative Reuse Specialist at SCRAP PDX - paid Cost Segregation Project Manager for Engineered Tax Services - paid Self-employed Postpartum Doula - paid Co-founder of First Matter Press (nonprofit) - unpaid Class Action Lawsuit Proofreader and QA at Epiq - paid,None,"[{""school"": ""University of Utah"", ""last_grade_completed"": ""Bachelor's"", ""credential"": ""Bachelor's Degree"", ""course_of_study"": ""English, psychology, and religious studies""}, {""school"": ""Weber High School"", ""last_grade_completed"": ""12th"", ""credential"": ""High School Diploma"", ""course_of_study"": """"}]",I have reviewed the above campaign finance,I have reviewed the above State campaign finance,,text_layer,candidate_filings/2024/extracted_text/d4/andra-vltavin/candidate-filing-application-original.txt,False
2024,4,Bob Weinstein,2024|4|bob weinstein,Qualified,"June 5, 2024",Candidate Filing Application,https://www.portland.gov/auditor/elections/documents/weinstein-bob-aud-120/download,candidate_filings/2024/pdfs/d4/bob-weinstein/candidate-filing-application.pdf,downloaded,unrecognized_or_scanned,,,,,,,,,,,,,,ocr_fallback,candidate_filings/2024/extracted_text/d4/bob-weinstein/candidate-filing-application.txt,True
2024,4,Eric Zimmerman,2024|4|eric zimmerman,Qualified,"July 10, 2024",Candidate Filing Application,https://www.portland.gov/auditor/elections/documents/eric-zimmerman-aud-120/download,candidate_filings/2024/pdfs/d4/eric-zimmerman/candidate-filing-application.pdf,downloaded,candidate_filing_application,Original,Councilor District 4 (2-Year Term),Eric Zimmerman Page 2: Candidate Information,www.ez4pdx.com,White | Page 9: Candidate Information: Demographic Information,,"Chief of Staff, Multnomah County Commissioner Julia Brim-Edwards","Senior Advisor for the Central City, Portland Mayor; Deputy Chief, Office of Defense Cooperation, U.S. Embassy Dhaka; Operations Officer, NATO Kosovo; Deputy City Manager, City of Medford; Assistant City Manager, City of Tigard; Chief of Staff, Multnomah County Commissioner Diane McKeel","Chief of Staff, Multnomah County District 3; Senior Advisor, Portland Mayor's Officer; Deputy City Manager, City of Medford; Assistant City Manager, City of Tigard; Chief of Staff, Multnomah County District 4; Board Member, Multnomah County Veterans Task Force; 17 years as a Commissioned officer in the U.S. Army and Oregon Army National Guard with assignments in Iraq, Kosovo, and Bangladesh.","[{""school"": ""University of Portland"", ""last_grade_completed"": """", ""credential"": ""MBA"", ""course_of_study"": ""Non-Profit Business Administration""}, {""school"": ""University of Portland"", ""last_grade_completed"": """", ""credential"": ""BS"", ""course_of_study"": ""Organizational Communication""}, {""school"": ""Clackamas High School"", ""last_grade_completed"": ""12"", ""credential"": ""Diploma"", ""course_of_study"": ""General""}]",I have reviewed the above campaign finance,I have reviewed the above State campaign finance,,text_layer,candidate_filings/2024/extracted_text/d4/eric-zimmerman/candidate-filing-application.txt,False
2024,4,James Bryan,2024|4|james bryan,Candidacy Withdrawn,"August 26, 2024",Candidate Withdrawal Form,https://www.portland.gov/auditor/elections/documents/candidate-withdrawal-form/download,candidate_filings/2024/pdfs/d4/james-bryan/candidate-withdrawal-form.pdf,downloaded,unrecognized_or_scanned,,,,,,,,,,,,,,text_layer,candidate_filings/2024/extracted_text/d4/james-bryan/candidate-withdrawal-form.txt,True
2024,4,James Bryan,2024|4|james bryan,Candidacy Withdrawn,"August 26, 2024",Candidate Filing Application,https://www.portland.gov/auditor/elections/documents/james-bryan-aud-120-2024/download,candidate_filings/2024/pdfs/d4/james-bryan/candidate-filing-application.pdf,downloaded,candidate_filing_application,Original,Councilor District 4 (2-Year Term),James Bryan Page 2: Candidate Information,,White | Page 9: Candidate Information: Demographic Information,,Arborist Self Employed,"Burlingame Pizza, owner operator",None,"[{""school"": ""Lewis and Clark College"", ""last_grade_completed"": ""Graduated 1994"", ""credential"": ""Bachelor of Arts"", ""course_of_study"": ""International Affairs""}, {""school"": ""International Air Academy"", ""last_grade_completed"": ""Graduated 1985"", ""credential"": ""Airline and Travel Industry"", ""course_of_study"": """"}, {""school"": ""Mt. Ellis Academy"", ""last_grade_completed"": ""Graduated 1984"", ""credential"": ""Diploma"", ""course_of_study"": ""S.D.A.""}]",I have reviewed the above campaign finance,I have reviewed the above State campaign finance,,text_layer,candidate_filings/2024/extracted_text/d4/james-bryan/candidate-filing-application.txt,False
2024,4,Thomas Dodson,2024|4|thomas dodson,Candidacy Withdrawn,"July 15, 2024",Candidate Withdrawal Form,https://www.portland.gov/auditor/elections/documents/dodson-withdraw/download,candidate_filings/2024/pdfs/d4/thomas-dodson/candidate-withdrawal-form.pdf,downloaded,unrecognized_or_scanned,,,,,,,,,,,,,,ocr_fallback,candidate_filings/2024/extracted_text/d4/thomas-dodson/candidate-withdrawal-form.txt,True
2024,4,Thomas Dodson,2024|4|thomas dodson,Candidacy Withdrawn,"July 15, 2024",Candidate Filing Application,https://www.portland.gov/auditor/elections/documents/dodson-aud-120/download,candidate_filings/2024/pdfs/d4/thomas-dodson/candidate-filing-application.pdf,downloaded,candidate_filing_application,Original,Councilor District 4 (2-Year Term),Thomas Dodson Page 2: Candidate Information,NA,White | Page 9: Candidate Information: Demographic Information,,Not Employed,Physician,National Health Service Corps,"[{""school"": ""Lewis and Clark High School"", ""last_grade_completed"": ""12th"", ""credential"": ""High School Diploma"", ""course_of_study"": ""General Studies""}, {""school"": ""University of Washington"", ""last_grade_completed"": """", ""credential"": ""Bachelor of Science"", ""course_of_study"": ""Molecular and Cellular Biology""}, {""school"": ""New York Medical College"", ""last_grade_completed"": """", ""credential"": ""MD"", ""course_of_study"": ""Medicine""}, {""school"": ""New York Medical College"", ""last_grade_completed"": ""Psychiatry Residency"", ""credential"": ""Graduate in Psychiatry"", ""course_of_study"": ""General Psychiatry""}]",I have reviewed the above campaign finance,I have reviewed the above State campaign finance,,text_layer,candidate_filings/2024/extracted_text/d4/thomas-dodson/candidate-filing-application.txt,False
2024,4,Jeremy Beausoleil Smith,2024|4|jeremy beausoleil smith,Candidacy Withdrawn,"June 5, 2024",Candidate Withdrawal Form,https://www.portland.gov/auditor/elections/documents/smith-jermey-b-withdrawal/download,candidate_filings/2024/pdfs/d4/jeremy-beausoleil-smith/candidate-withdrawal-form.pdf,downloaded,unrecognized_or_scanned,,,,,,,,,,,,,,text_layer,candidate_filings/2024/extracted_text/d4/jeremy-beausoleil-smith/candidate-withdrawal-form.txt,True
2024,4,Jeremy Beausoleil Smith,2024|4|jeremy beausoleil smith,Candidacy Withdrawn,"June 5, 2024",Candidate Filing Application,https://www.portland.gov/auditor/elections/documents/jeremy-beausoleil-smith-aud-120/download,candidate_filings/2024/pdfs/d4/jeremy-beausoleil-smith/candidate-filing-application.pdf,downloaded,unrecognized_or_scanned,,,,,,,,,,,,,,ocr_fallback,candidate_filings/2024/extracted_text/d4/jeremy-beausoleil-smith/candidate-filing-application.txt,True
