district,outcome,feature,family,measure,n,pearson_r,pearson_p,spearman_r,spearman_p,abs_pearson_r,abs_spearman_r,pearson_p_fdr,spearman_p_fdr
1,mentions,total_amount,scale,dollar amount,13,0.9192339365039561,8.891352241864469e-06,0.9230769230769231,6.851685949643353e-06,0.9192339365039561,0.9230769230769231,0.0004912095456492938,6.851685949643352e-05
1,mentions,total_record_count,scale,record count,13,0.8975932508698521,3.143896869168284e-05,0.9340659340659341,2.9987037500995772e-06,0.8975932508698521,0.9340659340659341,0.0004912095456492938,5.86399834355197e-05
1,mentions,mean_amount,scale,dollar amount,13,-0.17008485555504188,0.5785302628029475,-0.054945054945054944,0.8585042942308734,0.17008485555504188,0.054945054945054944,0.7232585435256668,0.8969447850173303
1,mentions,median_amount,scale,dollar amount,13,-0.3169684256394053,0.29132726682215176,-0.24270214453760908,0.4243154297711065,0.3169684256394053,0.24270214453760908,0.424852264115638,0.5939171622016344
1,mentions,bin_amount_micro,overall_bins,dollar amount,13,0.8973733141737916,3.179826710121533e-05,0.9505494505494506,6.363704773478593e-07,0.8973733141737916,0.9505494505494506,0.0004912095456492938,2.96972889429001e-05
1,mentions,bin_amount_share_micro,overall_bins,dollar share,13,0.3008448198071371,0.317887614243722,0.26373626373626374,0.3839365166506742,0.3008448198071371,0.26373626373626374,0.4495380403446574,0.5484807380723917
1,mentions,bin_count_micro,overall_bins,record count,13,0.8881259605747316,5.017736217382291e-05,0.9285714285714285,4.60742726993369e-06,0.8881259605747316,0.9285714285714285,0.0005048334526263721,5.86399834355197e-05
1,mentions,bin_count_share_micro,overall_bins,record share,13,0.3985956483060792,0.17731428997407256,0.34615384615384615,0.24662526251007164,0.3985956483060792,0.34615384615384615,0.3142278556502552,0.39686823852195435
1,mentions,bin_amount_small,overall_bins,dollar amount,13,0.860141925627416,0.00016198067354134446,0.8901098901098902,4.5654374407447036e-05,0.860141925627416,0.8901098901098902,0.001141773581156429,0.00026631718404344104
1,mentions,bin_amount_share_small,overall_bins,dollar share,13,-0.36833443964200163,0.21558517110723907,-0.3736263736263736,0.20855405979520913,0.36833443964200163,0.3736263736263736,0.35095260412806356,0.3604638070534478
1,mentions,bin_count_small,overall_bins,record count,13,0.8601493531032727,0.00016193578617644611,0.9065934065934067,1.9296152005272237e-05,0.8601493531032727,0.9065934065934067,0.001141773581156429,0.00014218217267042703
1,mentions,bin_count_share_small,overall_bins,record share,13,-0.4395000347338248,0.13291971849093723,-0.23076923076923078,0.4481273823153657,0.4395000347338248,0.23076923076923078,0.2638077560635446,0.6091051798461281
1,mentions,bin_amount_medium,overall_bins,dollar amount,13,0.850699519999055,0.00022764184387925328,0.8775799223697635,8.064080981259685e-05,0.850699519999055,0.8775799223697635,0.0013279107559623108,0.00036418430237946964
1,mentions,bin_amount_share_medium,overall_bins,dollar share,13,0.1324117161459617,0.6663085421102976,-0.08241758241758242,0.788950927847518,0.1324117161459617,0.08241758241758242,0.783892402482703,0.8496394607588654
1,mentions,bin_count_medium,overall_bins,record count,13,0.8286478127966017,0.00046438740112222953,0.8839913921757278,6.075995362024029e-05,0.8286478127966017,0.8839913921757278,0.002243930391137028,0.0003150516113642089
1,mentions,bin_count_share_medium,overall_bins,record share,13,0.09355304226776737,0.7611358456640573,0.13186813186813187,0.6676075762175147,0.09355304226776737,0.13186813186813187,0.8524721471437442,0.7854206779029584
1,mentions,bin_amount_large,overall_bins,dollar amount,13,0.828617253127508,0.000464814152449813,0.8473185457363234,0.00025572463274886175,0.828617253127508,0.8473185457363234,0.002243930391137028,0.0009944846829122403
1,mentions,bin_amount_share_large,overall_bins,dollar share,13,-0.032357647160421193,0.9164253401971547,0.15955998588541156,0.6025824632276242,0.032357647160421193,0.15955998588541156,0.949787787915547,0.751780299475127
1,mentions,bin_count_large,overall_bins,record count,13,0.8157791389824482,0.0006736473453310108,0.8615255939726483,0.00015378808628046167,0.8157791389824482,0.8615255939726483,0.0031436876115447173,0.0006151523451218467
1,mentions,bin_count_share_large,overall_bins,record share,13,-0.10811385624667809,0.7251641643598044,0.2145806706734845,0.4814370886761808,0.10811385624667809,0.2145806706734845,0.8323209370439595,0.6419161182349077
1,mentions,bin_amount_mega,overall_bins,dollar amount,13,0.5506658034763534,0.051149446308308005,0.5765566601970552,0.03914622946156462,0.5506658034763534,0.5765566601970552,0.13316032135473307,0.10149022452998234
1,mentions,bin_amount_share_mega,overall_bins,dollar share,13,0.5372695875571644,0.058297609281510586,0.5590852462516898,0.04699134461660141,0.5372695875571644,0.5590852462516898,0.14071836723123243,0.11541733765481049
1,mentions,bin_count_mega,overall_bins,record count,13,0.5465707448579642,0.05326412854189323,0.5765566601970552,0.03914622946156462,0.5465707448579642,0.5765566601970552,0.13316032135473307,0.10149022452998234
1,mentions,bin_count_share_mega,overall_bins,record share,13,0.550853593512878,0.05105393460853598,0.5765566601970552,0.03914622946156462,0.550853593512878,0.5765566601970552,0.13316032135473307,0.10149022452998234
1,mentions,cash_amount,cash_in_kind,dollar amount,13,0.9037119858802982,2.2676120714924338e-05,0.9230769230769231,6.851685949643353e-06,0.9037119858802982,0.9230769230769231,0.0004912095456492938,6.851685949643352e-05
1,mentions,cash_amount_share,cash_in_kind,dollar share,13,0.17095982245773053,0.576548275507439,-0.4465058711508104,0.1261388223776354,0.17095982245773053,0.4465058711508104,0.7232585435256668,0.24709572767807897
1,mentions,cash_count,cash_in_kind,record count,13,0.8967679705856035,3.280425427213133e-05,0.9340659340659341,2.9987037500995772e-06,0.8967679705856035,0.9340659340659341,0.0004912095456492938,5.86399834355197e-05
1,mentions,cash_count_share,cash_in_kind,record share,13,0.3773394060369586,0.20370668533436226,-0.4521578442033523,0.12083920270450219,0.3773394060369586,0.4521578442033523,0.3355168934918908,0.24167840540900437
1,mentions,in_kind_amount,cash_in_kind,dollar amount,13,0.607597701644478,0.02761631976290345,0.5495304637189453,0.051729612537186935,0.607597701644478,0.5495304637189453,0.07890377075115272,0.12274823313908764
1,mentions,in_kind_amount_share,cash_in_kind,dollar share,13,-0.21552334084259972,0.47946648140498865,0.3524162756458453,0.2376044139699846,0.21552334084259972,0.3524162756458453,0.6392886418733182,0.39686823852195435
1,mentions,in_kind_count,cash_in_kind,record count,13,0.36033897031451423,0.22648183357134694,0.39187848111324436,0.18540557582105666,0.36033897031451423,0.39187848111324436,0.35493247735461453,0.3327792386531786
1,mentions,in_kind_count_share,cash_in_kind,record share,13,-0.3812467440639195,0.19868204253136582,0.31657733235982716,0.29195590644849595,0.3812467440639195,0.31657733235982716,0.33113673755227635,0.44916293299768606
1,mentions,cash_bin_amount_micro,cash_in_kind_bins,dollar amount,13,0.8972628603872517,3.197994992376522e-05,0.9505494505494506,6.363704773478593e-07,0.8972628603872517,0.9505494505494506,0.0004912095456492938,2.96972889429001e-05
1,mentions,cash_bin_amount_share_micro,cash_in_kind_bins,dollar share,13,0.349955380617309,0.24112513772898211,0.2967032967032967,0.324921588485975,0.349955380617309,0.2967032967032967,0.3709617503522802,0.4788318146109105
1,mentions,cash_bin_count_micro,cash_in_kind_bins,record count,13,0.8883296048971461,4.969718692042354e-05,0.9285714285714285,4.60742726993369e-06,0.8883296048971461,0.9285714285714285,0.0005048334526263721,5.86399834355197e-05
1,mentions,cash_bin_count_share_micro,cash_in_kind_bins,record share,13,0.4356448266783709,0.13675204799042998,0.34615384615384615,0.24662526251007164,0.4356448266783709,0.34615384615384615,0.2638077560635446,0.39686823852195435
1,mentions,cash_bin_amount_small,cash_in_kind_bins,dollar amount,13,0.857513793252763,0.00017849852669146526,0.901098901098901,2.613862202954824e-05,0.857513793252763,0.901098901098901,0.001141773581156429,0.00017425748019698827
1,mentions,cash_bin_amount_share_small,cash_in_kind_bins,dollar share,13,-0.025453054456911622,0.9342194521970294,-0.17032967032967034,0.5779754288392673,0.025453054456911622,0.17032967032967034,0.949787787915547,0.7356050912499766
1,mentions,cash_bin_count_small,cash_in_kind_bins,record count,13,0.8586504038861696,0.00017119781145108853,0.9175824175824175,9.906225317564688e-06,0.8586504038861696,0.9175824175824175,0.001141773581156429,9.24581029639371e-05
1,mentions,cash_bin_count_share_small,cash_in_kind_bins,record share,13,0.06420977700899988,0.8349185763609772,0.12637362637362637,0.6807854750709491,0.06420977700899988,0.12637362637362637,0.8982155705830617,0.7876856736358089
1,mentions,cash_bin_amount_medium,cash_in_kind_bins,dollar amount,13,0.8360712354778393,0.0003695305576195259,0.8775799223697635,8.064080981259685e-05,0.8360712354778393,0.8775799223697635,0.0020693711226693447,0.00036418430237946964
1,mentions,cash_bin_amount_share_medium,cash_in_kind_bins,dollar share,13,0.14870055576931118,0.6277930335522793,-0.10989010989010989,0.7208097995138619,0.14870055576931118,0.10989010989010989,0.7512053392933257,0.7883857182182865
1,mentions,cash_bin_count_medium,cash_in_kind_bins,record count,13,0.8130226801845916,0.0007268666224282348,0.8839913921757278,6.075995362024029e-05,0.8130226801845916,0.8839913921757278,0.003282623456127512,0.0003150516113642089
1,mentions,cash_bin_count_share_medium,cash_in_kind_bins,record share,13,0.07679301272513608,0.8030906187339937,0.15384615384615383,0.6157988686488813,0.07679301272513608,0.15384615384615383,0.8852967450610953,0.751780299475127
1,mentions,cash_bin_amount_large,cash_in_kind_bins,dollar amount,13,0.811071644685177,0.0007664990145440956,0.8363144087787088,0.0003667068067422367,0.811071644685177,0.8363144087787088,0.003353433188630418,0.0013875392687544093
1,mentions,cash_bin_amount_share_large,cash_in_kind_bins,dollar share,13,-0.17429652160064565,0.5690152426918795,0.17606619132183343,0.5650364026691793,0.17429652160064565,0.17606619132183343,0.7232585435256668,0.7257348291163771
1,mentions,cash_bin_count_large,cash_in_kind_bins,record count,13,0.8067541890538433,0.0008602628717998531,0.8642957727314028,0.0001383795029959365,0.8067541890538433,0.8642957727314028,0.003542258883881748,0.0005697979535126798
1,mentions,cash_bin_count_share_large,cash_in_kind_bins,record share,13,-0.38216931278792193,0.19750708330636793,0.15405791740660424,0.6153071087576119,0.38216931278792193,0.15405791740660424,0.33113673755227635,0.751780299475127
1,mentions,in_kind_bin_amount_micro,cash_in_kind_bins,dollar amount,13,-0.07223513848030208,0.8145895447366194,-0.20092126037170102,0.510408240611874,0.07223513848030208,0.20092126037170102,0.8909573145556775,0.6616403119042811
1,mentions,in_kind_bin_count_micro,cash_in_kind_bins,record count,13,-0.34586954799561564,0.24703958475437338,-0.25333550220779694,0.40364422370931174,0.34586954799561564,0.25333550220779694,0.37188754694206744,0.5708100133262994
1,mentions,in_kind_bin_amount_small,cash_in_kind_bins,dollar amount,13,0.35912084994079524,0.22817087829939509,0.30199301949338936,0.31595275399697337,0.35912084994079524,0.30199301949338936,0.35493247735461453,0.470567931484854
1,mentions,in_kind_bin_count_small,cash_in_kind_bins,record count,13,0.33306198307323265,0.2661365655911483,0.30199301949338936,0.31595275399697337,0.33306198307323265,0.30199301949338936,0.3922012545553764,0.470567931484854
1,mentions,in_kind_bin_amount_medium,cash_in_kind_bins,dollar amount,13,0.2894329012554642,0.33747696519407544,0.37563539982535404,0.20592247957188387,0.2894329012554642,0.37563539982535404,0.4724677512717056,0.3603643392507968
1,mentions,in_kind_bin_count_medium,cash_in_kind_bins,record count,13,0.3031011481702294,0.31409170789271396,0.37563539982535404,0.20592247957188387,0.3031011481702294,0.37563539982535404,0.44870243984673425,0.3603643392507968
1,mentions,in_kind_bin_amount_large,cash_in_kind_bins,dollar amount,13,0.5916044017391561,0.03319047198821451,0.5301655231106168,0.062362810273657886,0.5916044017391561,0.5301655231106168,0.09293332156700063,0.14551322397186842
1,mentions,in_kind_bin_count_large,cash_in_kind_bins,record count,13,0.6155387175781506,0.02512032669511745,0.5525676724200936,0.05018802401674403,0.6155387175781506,0.5525676724200936,0.0732676195274259,0.12114350624731317
1,mentions,in_kind_bin_amount_mega,cash_in_kind_bins,dollar amount,13,0.5506658034763534,0.051149446308308005,0.5765566601970552,0.03914622946156462,0.5506658034763534,0.5765566601970552,0.13316032135473307,0.10149022452998234
1,mentions,in_kind_bin_count_mega,cash_in_kind_bins,record count,13,0.5465707448579642,0.05326412854189323,0.5765566601970552,0.03914622946156462,0.5465707448579642,0.5765566601970552,0.13316032135473307,0.10149022452998234
1,mentions,individual_amount,individual_business,dollar amount,13,0.8931779061851562,3.9309104275726684e-05,0.9230769230769231,6.851685949643353e-06,0.8931779061851562,0.9230769230769231,0.000500297690781976,6.851685949643352e-05
1,mentions,individual_amount_share,individual_business,dollar share,13,-0.49876304464921045,0.08274430606853381,-0.4869330603744456,0.09149400020329168,0.49876304464921045,0.4869330603744456,0.1810031695249177,0.197064000437859
1,mentions,individual_count,individual_business,record count,13,0.8954499201551404,3.5083218990317406e-05,0.9340659340659341,2.9987037500995772e-06,0.8954499201551404,0.9340659340659341,0.0004912095456492938,5.86399834355197e-05
1,mentions,individual_count_share,individual_business,record share,13,0.41863737447054566,0.15452529532803594,0.0027510342394036474,0.9928834319869779,0.41863737447054566,0.0027510342394036474,0.2821041683941604,0.9928834319869779
1,mentions,business_amount,individual_business,dollar amount,13,0.5316884902044074,0.06147494291528758,0.5837175200024015,0.03622283733014278,0.5316884902044074,0.5837175200024015,0.1458727459006824,0.10149022452998234
1,mentions,business_amount_share,individual_business,dollar share,13,-0.21006562260411393,0.4909275812189775,0.31786597623893154,0.2898874990057807,0.21006562260411393,0.31786597623893154,0.6483949185911024,0.44916293299768606
1,mentions,business_count,individual_business,record count,13,0.7571738820152485,0.0027253836388475188,0.7313694250075097,0.004497975065063601,0.7571738820152485,0.7313694250075097,0.01004088709049086,0.014644569979276838
1,mentions,business_count_share,individual_business,record share,13,-0.34609360955577917,0.2467130135928906,0.3525422645559059,0.23742500622811163,0.34609360955577917,0.3525422645559059,0.37188754694206744,0.39686823852195435
1,mentions,individual_bin_amount_micro,individual_business_bins,dollar amount,13,0.8971709117925213,3.213182944430024e-05,0.9505494505494506,6.363704773478593e-07,0.8971709117925213,0.9505494505494506,0.0004912095456492938,2.96972889429001e-05
1,mentions,individual_bin_amount_share_micro,individual_business_bins,dollar share,13,0.36276261654948877,0.22314396123822858,0.34065934065934067,0.25470646075412506,0.36276261654948877,0.34065934065934067,0.35493247735461453,0.40521482392701713
1,mentions,individual_bin_count_micro,individual_business_bins,record count,13,0.8879970059265523,5.048334526263722e-05,0.9285714285714285,4.60742726993369e-06,0.8879970059265523,0.9285714285714285,0.0005048334526263721,5.86399834355197e-05
1,mentions,individual_bin_count_share_micro,individual_business_bins,record share,13,0.4180567081658103,0.15515729261678823,0.34615384615384615,0.24662526251007164,0.4180567081658103,0.34615384615384615,0.2821041683941604,0.39686823852195435
1,mentions,individual_bin_amount_small,individual_business_bins,dollar amount,13,0.8561509750543485,0.0001875770883328419,0.901098901098901,2.613862202954824e-05,0.8561509750543485,0.901098901098901,0.001141773581156429,0.00017425748019698827
1,mentions,individual_bin_amount_share_small,individual_business_bins,dollar share,13,-0.2811804631756343,0.3520458537102018,-0.3516483516483516,0.23869970534203375,0.2811804631756343,0.3516483516483516,0.4879843516775075,0.39686823852195435
1,mentions,individual_bin_count_small,individual_business_bins,record count,13,0.8570035037168879,0.00018185589524037597,0.9065934065934067,1.9296152005272237e-05,0.8570035037168879,0.9065934065934067,0.001141773581156429,0.00014218217267042703
1,mentions,individual_bin_count_share_small,individual_business_bins,record share,13,-0.43484425795028653,0.13755690137599114,-0.2283358418705027,0.4530613463425496,0.43484425795028653,0.2283358418705027,0.2638077560635446,0.6098902739226628
1,mentions,individual_bin_amount_medium,individual_business_bins,dollar amount,13,0.8286884084111716,0.00046382098239727246,0.8775799223697635,8.064080981259685e-05,0.8286884084111716,0.8775799223697635,0.002243930391137028,0.00036418430237946964
1,mentions,individual_bin_amount_share_medium,individual_business_bins,dollar share,13,0.10450066004767607,0.7340450662297235,-0.054945054945054944,0.8585042942308734,0.10450066004767607,0.054945054945054944,0.8323209370439595,0.8969447850173303
1,mentions,individual_bin_count_medium,individual_business_bins,record count,13,0.8069400095026237,0.0008560500304307725,0.8824554038984639,6.511877037551156e-05,0.8069400095026237,0.8824554038984639,0.003542258883881748,0.0003255938518775578
1,mentions,individual_bin_count_share_medium,individual_business_bins,record share,13,0.03915320506603004,0.8989471248109336,0.07692307692307691,0.8027630076692551,0.03915320506603004,0.07692307692307691,0.949787787915547,0.8579146646847001
1,mentions,individual_bin_amount_large,individual_business_bins,dollar amount,13,0.737622276252091,0.004004167449890149,0.7790174143548602,0.001698587880673488,0.737622276252091,0.7790174143548602,0.014014586074615521,0.00566195960224496
1,mentions,individual_bin_amount_share_large,individual_business_bins,dollar share,13,-0.07750567018338905,0.8012959125718403,0.11049892402196597,0.7193191075567242,0.07750567018338905,0.11049892402196597,0.8852967450610953,0.7883857182182865
1,mentions,individual_bin_count_large,individual_business_bins,record count,13,0.7403467387135106,0.003802605233039944,0.7884005959594428,0.001364287009422464,0.7403467387135106,0.7884005959594428,0.013650377759630567,0.004775004532978624
1,mentions,individual_bin_count_share_large,individual_business_bins,record share,13,-0.16550933320665806,0.5889390997280429,0.12154881642416257,0.6924265285342469,0.16550933320665806,0.12154881642416257,0.7232585435256668,0.7881277560552404
1,mentions,business_bin_amount_micro,individual_business_bins,dollar amount,13,0.33568994127651614,0.26214925308954606,0.4455210556068154,0.12707780280586917,0.33568994127651614,0.4455210556068154,0.39043505779294096,0.24709572767807897
1,mentions,business_bin_count_micro,individual_business_bins,record count,13,0.45909011472449496,0.11454515367032209,0.4558423058385518,0.11746584490383824,0.45909011472449496,0.4558423058385518,0.23582825755654546,0.23833649690633846
1,mentions,business_bin_amount_small,individual_business_bins,dollar amount,13,0.4485502749571965,0.12420434210351897,0.4227902272907451,0.15005406729785892,0.4485502749571965,0.4227902272907451,0.25200881006511094,0.28388607326621956
1,mentions,business_bin_count_small,individual_business_bins,record count,13,0.5034813509540906,0.07942216388285406,0.46833479552678664,0.10650011041485613,0.5034813509540906,0.46833479552678664,0.17934037005805756,0.22253754415044563
1,mentions,business_bin_amount_medium,individual_business_bins,dollar amount,13,0.3920854332481435,0.1851528644518541,0.40184252074340204,0.17348521112407828,0.3920854332481435,0.40184252074340204,0.32064543447657823,0.3238390607649461
1,mentions,business_bin_count_medium,individual_business_bins,record count,13,0.39178787287248895,0.18551628709002027,0.39886201760873286,0.17699814863144336,0.39178787287248895,0.39886201760873286,0.32064543447657823,0.3260492211631852
1,mentions,business_bin_amount_large,individual_business_bins,dollar amount,13,0.3596426222325885,0.22744645249088266,0.46305596322319703,0.11104548586756126,0.3596426222325885,0.46305596322319703,0.35493247735461453,0.22862305913909672
1,mentions,business_bin_count_large,individual_business_bins,record count,13,0.5005673281551037,0.08146276389771963,0.4899789435061114,0.08918310303320724,0.5005673281551037,0.4899789435061114,0.1810031695249177,0.19508803788514084
1,mentions,same_district_count,geography,record count,13,0.5475721063455778,0.05274136984090559,0.6685013201750863,0.012492173132818892,0.5475721063455778,0.6685013201750863,0.13316032135473307,0.03801965736075315
1,mentions,same_district_share,geography,record share,12,-0.6793549582855367,0.015102422251312104,-0.8531468531468532,0.00041811794041499677,0.6793549582855367,0.8531468531468532,0.045963893808341184,0.0015009361963615269
1,mentions,portland_count,geography,record count,13,0.7753142798793282,0.0018468729057704433,0.888584059327378,4.9102393737752395e-05,0.7753142798793282,0.888584059327378,0.00698816775156384,0.0002749734049314134
1,mentions,portland_share,geography,record share,12,-0.5505514864966448,0.06360547357492605,-0.3537658665108649,0.2592665286763142,0.5505514864966448,0.3537658665108649,0.14841277167482744,0.40783498892903364
1,mentions,oregon_count,geography,record count,13,0.899189136687638,2.8928418261078145e-05,0.9340659340659341,2.9987037500995772e-06,0.899189136687638,0.9340659340659341,0.0004912095456492938,5.86399834355197e-05
1,mentions,oregon_share,geography,record share,13,-0.6935466611528172,0.008561545555590222,-0.7845423605559583,0.0014948343256058737,0.6935466611528172,0.7845423605559583,0.02853848518530074,0.005104312331337129
1,mentions,same_district_bin_count_micro,geography_bins,record count,13,0.47149226778043574,0.10384248108247783,0.6868131868131868,0.009509496050393584,0.47149226778043574,0.6868131868131868,0.21698428882905815,0.030257487433070496
1,mentions,same_district_bin_count_share_micro,geography_bins,record share,12,0.44492702626105163,0.1472442617458238,0.2837132196770302,0.37150966693927856,0.44492702626105163,0.2837132196770302,0.2763597703798542,0.5361995192938042
1,mentions,same_district_bin_count_small,geography_bins,record count,13,0.6739738991652618,0.011535738838393025,0.6703296703296703,0.01216622031995202,0.6739738991652618,0.6703296703296703,0.03670462357670508,0.037850463217628506
1,mentions,same_district_bin_count_share_small,geography_bins,record share,12,-0.4570844385289858,0.13519657213034397,-0.3216783216783217,0.30790987618065263,0.4570844385289858,0.3216783216783217,0.2638077560635446,0.46855850723142795
1,mentions,same_district_bin_count_medium,geography_bins,record count,13,0.12116811175059888,0.6933477639049345,0.4358154023609824,0.1365809616907405,0.12116811175059888,0.4358154023609824,0.8089057245557569,0.26193609091374886
1,mentions,same_district_bin_count_share_medium,geography_bins,record share,12,-0.06545374558232014,0.8398389989816957,0.41305268430323794,0.18202167868279395,0.06545374558232014,0.41305268430323794,0.8982155705830617,0.33094850669598896
1,mentions,same_district_bin_count_large,geography_bins,record count,13,0.49574268313446157,0.08492072473127568,0.47027915679246163,0.10485816427104891,0.49574268313446157,0.47027915679246163,0.18290617634428608,0.2224264090598007
1,mentions,same_district_bin_count_share_large,geography_bins,record share,12,-0.06519161694051517,0.8404731410455791,0.14502275676240747,0.6529285243100875,0.06519161694051517,0.14502275676240747,0.8982155705830617,0.7746609610458666
1,mentions,portland_bin_count_micro,geography_bins,record count,13,0.7762298342854222,0.001809305322508249,0.8681318681318682,0.00011910255980042716,0.7762298342854222,0.8681318681318682,0.00698816775156384,0.0005052835870321152
1,mentions,portland_bin_count_share_micro,geography_bins,record share,12,0.4441372892456745,0.1480498769892076,0.1188811188811189,0.712884219214772,0.4441372892456745,0.1188811188811189,0.2763597703798542,0.7883857182182865
1,mentions,portland_bin_count_small,geography_bins,record count,13,0.7333842430652371,0.0043340018855316485,0.9120879120879121,1.3975552674444554e-05,0.7333842430652371,0.9120879120879121,0.014799030828644652,0.00012228608590138986
1,mentions,portland_bin_count_share_small,geography_bins,record share,12,-0.5059764733413429,0.09327486488264808,-0.21678321678321683,0.49855598552418845,0.5059764733413429,0.21678321678321683,0.19785577399349594,0.658470169560249
1,mentions,portland_bin_count_medium,geography_bins,record count,13,0.8042929761803717,0.0009176187254115275,0.8341288527188601,0.0003927101802703398,0.8042929761803717,0.8341288527188601,0.00367047490164611,0.0014468269799433572
1,mentions,portland_bin_count_share_medium,geography_bins,record share,12,-0.025940459817621248,0.9362193909453249,0.13380613488875975,0.6784466863299405,0.025940459817621248,0.13380613488875975,0.949787787915547,0.7876856736358089
1,mentions,portland_bin_count_large,geography_bins,record count,13,0.8801572856199795,7.210484872284771e-05,0.8937292444154387,3.824795828253145e-05,0.8801572856199795,0.8937292444154387,0.0006309174263249175,0.00024339609816156376
1,mentions,portland_bin_count_share_large,geography_bins,record share,12,-0.03402872439588603,0.916386594778949,0.521139683250959,0.08230846633904168,0.03402872439588603,0.521139683250959,0.949787787915547,0.18290770297564818
1,mentions,oregon_bin_count_micro,geography_bins,record count,13,0.8855419326731233,5.660020460597858e-05,0.9285714285714285,4.60742726993369e-06,0.8855419326731233,0.9285714285714285,0.0005282685763224668,5.86399834355197e-05
1,mentions,oregon_bin_count_share_micro,geography_bins,record share,13,0.3822131826397344,0.19745132037647692,0.2912087912087912,0.3343858561975295,0.3822131826397344,0.2912087912087912,0.33113673755227635,0.4876460402880638
1,mentions,oregon_bin_count_small,geography_bins,record count,13,0.871412080458714,0.00010437774823800268,0.9065934065934067,1.9296152005272237e-05,0.871412080458714,0.9065934065934067,0.0008595814560776691,0.00014218217267042703
1,mentions,oregon_bin_count_share_small,geography_bins,record share,13,-0.41508115927459865,0.15842219451002698,-0.20329670329670327,0.5053147342962486,0.41508115927459865,0.20329670329670327,0.2843475286077407,0.661159465434344
1,mentions,oregon_bin_count_medium,geography_bins,record count,13,0.8954481313038773,3.50863961178067e-05,0.8925653703339321,4.051562383561612e-05,0.8954481313038773,0.8925653703339321,0.0004912095456492938,0.0002466168407385329
1,mentions,oregon_bin_count_share_medium,geography_bins,record share,13,0.1032206704985719,0.7371985442389355,0.12379654077316414,0.6869954200357564,0.1032206704985719,0.12379654077316414,0.8323209370439595,0.7881277560552404
1,mentions,oregon_bin_count_large,geography_bins,record count,13,0.8322870986640123,0.0004157394231736749,0.8686238144956667,0.00011679436583657786,0.8322870986640123,0.8686238144956667,0.0022385968940120955,0.0005052835870321152
1,mentions,oregon_bin_count_share_large,geography_bins,record share,13,-0.14417953639704317,0.6384013687353226,0.14305378044898964,0.6410528751724444,0.14417953639704317,0.14305378044898964,0.7574253527368234,0.7670718164456599
1,mentions,oregon_bin_count_mega,geography_bins,record count,13,0.5381104626451496,0.057829205277253874,0.5698028822981898,0.042056666472555695,0.5381104626451496,0.5698028822981898,0.14071836723123243,0.10705333283923268
1,mentions,oregon_bin_count_share_mega,geography_bins,record share,13,0.5149335673501507,0.07174639410473875,0.5590852462516898,0.04699134461660141,0.5149335673501507,0.5590852462516898,0.16466385532235123,0.11541733765481049
1,first_place_votes,total_amount,scale,dollar amount,13,0.7582953323800108,0.002663130001568257,0.7527472527472527,0.002982233389169849,0.7582953323800108,0.7527472527472527,0.03686926149621009,0.02225311773699943
1,first_place_votes,total_record_count,scale,record count,13,0.7216885063311045,0.005353632854366258,0.7417582417582418,0.003701313735752629,0.7216885063311045,0.7417582417582418,0.03686926149621009,0.02225311773699943
1,first_place_votes,mean_amount,scale,dollar amount,13,-0.06696850252625718,0.8279191683980618,0.016483516483516484,0.9573761750901848,0.06696850252625718,0.016483516483516484,0.9569629411897508,0.9642637734721285
1,first_place_votes,median_amount,scale,dollar amount,13,-0.1740370065045568,0.5695996851885743,-0.22772053067726283,0.4543130984128523,0.1740370065045568,0.22772053067726283,0.7733497444460311,0.5845701816500072
1,first_place_votes,bin_amount_micro,overall_bins,dollar amount,13,0.7237336155728697,0.005163236781954705,0.7637362637362637,0.0023766147979084468,0.7237336155728697,0.7637362637362637,0.03686926149621009,0.02225311773699943
1,first_place_votes,bin_amount_share_micro,overall_bins,dollar share,13,0.18985112066783924,0.534443475990033,0.24175824175824176,0.4261755195945089,0.18985112066783924,0.24175824175824176,0.7408127389960852,0.557612829375993
1,first_place_votes,bin_count_micro,overall_bins,record count,13,0.7148440759026004,0.006030339469811542,0.7527472527472527,0.002982233389169849,0.7148440759026004,0.7527472527472527,0.03686926149621009,0.02225311773699943
1,first_place_votes,bin_count_share_micro,overall_bins,record share,13,0.2997865228397554,0.31967684466982976,0.32967032967032966,0.2713350545052358,0.2997865228397554,0.32967032967032966,0.4918105302612765,0.43371618509985393
1,first_place_votes,bin_amount_small,overall_bins,dollar amount,13,0.6745816599066822,0.011433043727939188,0.6978021978021978,0.008000717411226549,0.6745816599066822,0.6978021978021978,0.0470772388797496,0.028807783690461365
1,first_place_votes,bin_amount_share_small,overall_bins,dollar share,13,-0.40795429256422777,0.16642184805225743,-0.5659340659340659,0.043792592235454855,0.40795429256422777,0.5659340659340659,0.33284369610451486,0.11742948074898261
1,first_place_votes,bin_count_small,overall_bins,record count,13,0.6853042178463635,0.00973244664652809,0.7032967032967032,0.007318569842104322,0.6853042178463635,0.7032967032967032,0.04395298485528815,0.02769188588904338
1,first_place_votes,bin_count_share_small,overall_bins,record share,13,-0.36633596395390483,0.21827793002083581,-0.30769230769230765,0.30644705251252874,0.36633596395390483,0.30769230769230765,0.41128256161293864,0.4613181435672476
1,first_place_votes,bin_amount_medium,overall_bins,dollar amount,13,0.6653414282151056,0.01307099339543226,0.7317751076813702,0.0044645807582599385,0.6653414282151056,0.7317751076813702,0.04755709442115211,0.02225311773699943
1,first_place_votes,bin_amount_share_medium,overall_bins,dollar share,13,0.06439873948583347,0.8344387797857801,-0.03296703296703297,0.9148564744875124,0.06439873948583347,0.03296703296703297,0.9569629411897508,0.9348898279434433
1,first_place_votes,bin_count_medium,overall_bins,record count,13,0.6356839273105127,0.019537440628869543,0.7348178447460737,0.004220167649514765,0.6356839273105127,0.7348178447460737,0.06361027181492408,0.02225311773699943
1,first_place_votes,bin_count_share_medium,overall_bins,record share,13,0.10771327216998068,0.7261472262627804,0.22527472527472525,0.45930514272500567,0.10771327216998068,0.22527472527472525,0.9076840328284754,0.5845701816500072
1,first_place_votes,bin_amount_large,overall_bins,dollar amount,13,0.7327495312728489,0.004385150880797734,0.7757916555118286,0.00182720969536747,0.7327495312728489,0.7757916555118286,0.03686926149621009,0.02225311773699943
1,first_place_votes,bin_amount_share_large,overall_bins,dollar share,13,0.06259947332650001,0.839009434358565,0.2861075608979793,0.3433070944614319,0.06259947332650001,0.2861075608979793,0.9569629411897508,0.4854847800464694
1,first_place_votes,bin_count_large,overall_bins,record count,13,0.7172651097561411,0.005783883331442354,0.7867307674862768,0.0014196416408493557,0.7172651097561411,0.7867307674862768,0.03686926149621009,0.02225311773699943
1,first_place_votes,bin_count_share_large,overall_bins,record share,13,-0.013157139981179778,0.9659726389958333,0.33562617720724497,0.2622455798340659,0.013157139981179778,0.33562617720724497,0.98105815996621,0.43371618509985393
1,first_place_votes,bin_amount_mega,overall_bins,dollar amount,13,0.7100140353085216,0.006546027949207659,0.5765566601970552,0.03914622946156462,0.7100140353085216,0.5765566601970552,0.03686926149621009,0.10960944249238093
1,first_place_votes,bin_amount_share_mega,overall_bins,dollar share,13,0.6608540349015494,0.013927434794765974,0.5590852462516898,0.04699134461660141,0.6608540349015494,0.5590852462516898,0.04755709442115211,0.11747836154150353
1,first_place_votes,bin_count_mega,overall_bins,record count,13,0.715082193472998,0.006005748690073481,0.5765566601970552,0.03914622946156462,0.715082193472998,0.5765566601970552,0.03686926149621009,0.10960944249238093
1,first_place_votes,bin_count_share_mega,overall_bins,record share,13,0.7009155316622899,0.0076085029358384515,0.5765566601970552,0.03914622946156462,0.7009155316622899,0.5765566601970552,0.03804251467919226,0.10960944249238093
1,first_place_votes,cash_amount,cash_in_kind,dollar amount,13,0.7245565992693292,0.005088106053147092,0.7527472527472527,0.002982233389169849,0.7245565992693292,0.7527472527472527,0.03686926149621009,0.02225311773699943
1,first_place_votes,cash_amount_share,cash_in_kind,dollar share,13,0.038169582420169344,0.9014745864915439,-0.46346179030843615,0.1106914821927678,0.038169582420169344,0.46346179030843615,0.9708187854524318,0.24213761729667957
1,first_place_votes,cash_count,cash_in_kind,record count,13,0.7185027678710235,0.005660918508418028,0.7417582417582418,0.003701313735752629,0.7185027678710235,0.7417582417582418,0.03686926149621009,0.02225311773699943
1,first_place_votes,cash_count_share,cash_in_kind,record share,13,0.3138613293106355,0.29634306194684285,-0.4521578442033523,0.12083920270450219,0.3138613293106355,0.4521578442033523,0.4810053834209783,0.2590132306568943
1,first_place_votes,in_kind_amount,cash_in_kind,dollar amount,13,0.76149442034749,0.0024916015363596446,0.5375841492902727,0.058122070780990936,0.76149442034749,0.5375841492902727,0.03686926149621009,0.14275596332173213
1,first_place_votes,in_kind_amount_share,cash_in_kind,dollar share,13,-0.12048597790527646,0.6949993728095086,0.3225504895741636,0.28243973788462773,0.12048597790527646,0.3225504895741636,0.8765757855255064,0.436173967074669
1,first_place_votes,in_kind_count,cash_in_kind,record count,13,0.5283900906418482,0.06340925115612732,0.35298977688063227,0.23678841226195066,0.5283900906418482,0.35298977688063227,0.13870773690402852,0.43371618509985393
1,first_place_votes,in_kind_count_share,cash_in_kind,record share,13,-0.3184423992154785,0.2889650198315676,0.29268470350248177,0.3318288171385003,0.3184423992154785,0.29268470350248177,0.4810053834209783,0.4826187615222075
1,first_place_votes,cash_bin_amount_micro,cash_in_kind_bins,dollar amount,13,0.723628488476494,0.005172895029176939,0.7637362637362637,0.0023766147979084468,0.723628488476494,0.7637362637362637,0.03686926149621009,0.02225311773699943
1,first_place_votes,cash_bin_amount_share_micro,cash_in_kind_bins,dollar share,13,0.26295150778322735,0.3854056215909132,0.2912087912087912,0.3343858561975295,0.26295150778322735,0.2912087912087912,0.5562555363167819,0.4826187615222075
1,first_place_votes,cash_bin_count_micro,cash_in_kind_bins,record count,13,0.7151059105068924,0.006003303613467373,0.7527472527472527,0.002982233389169849,0.7151059105068924,0.7527472527472527,0.03686926149621009,0.02225311773699943
1,first_place_votes,cash_bin_count_share_micro,cash_in_kind_bins,record share,13,0.3488256233730941,0.24275190671275212,0.32967032967032966,0.2713350545052358,0.3488256233730941,0.32967032967032966,0.4357085505100679,0.43371618509985393
1,first_place_votes,cash_bin_amount_small,cash_in_kind_bins,dollar amount,13,0.6666573829609437,0.012827536442024872,0.7252747252747254,0.005023237655349916,0.6666573829609437,0.7252747252747254,0.04755709442115211,0.023290082770026036
1,first_place_votes,cash_bin_amount_share_small,cash_in_kind_bins,dollar share,13,-0.0797340638569518,0.7956899093571657,-0.2967032967032967,0.324921588485975,0.0797340638569518,0.2967032967032967,0.9565854177568651,0.4788318146109105
1,first_place_votes,cash_bin_count_small,cash_in_kind_bins,record count,13,0.6771589786942003,0.01100521114275101,0.7307692307692307,0.004547733743967148,0.6771589786942003,0.7307692307692307,0.0470772388797496,0.02225311773699943
1,first_place_votes,cash_bin_count_share_small,cash_in_kind_bins,record share,13,0.05591948208819947,0.8560182183001342,0.12087912087912088,0.6940473279966858,0.05591948208819947,0.12087912087912088,0.9569629411897508,0.7532296582909769
1,first_place_votes,cash_bin_amount_medium,cash_in_kind_bins,dollar amount,13,0.6460841017487822,0.017046617426653348,0.7317751076813702,0.0044645807582599385,0.6460841017487822,0.7317751076813702,0.056822058088844496,0.02225311773699943
1,first_place_votes,cash_bin_amount_share_medium,cash_in_kind_bins,dollar share,13,0.09365152729283187,0.7608909665830851,-0.06043956043956044,0.8445023706449681,0.09365152729283187,0.06043956043956044,0.9357312346837676,0.8743417055839414
1,first_place_votes,cash_bin_count_medium,cash_in_kind_bins,record count,13,0.6157695346593401,0.0250503641972636,0.7348178447460737,0.004220167649514765,0.6157695346593401,0.7348178447460737,0.07157246913503885,0.02225311773699943
1,first_place_votes,cash_bin_count_share_medium,cash_in_kind_bins,record share,13,0.09125094904188907,0.766865701626398,0.21978021978021978,0.4706148514721426,0.09125094904188907,0.21978021978021978,0.9357312346837676,0.5861374099827815
1,first_place_votes,cash_bin_amount_large,cash_in_kind_bins,dollar amount,13,0.6947791130772552,0.008396137663504633,0.7647875185542139,0.0023241389846800856,0.6947791130772552,0.7647875185542139,0.040140022964990266,0.02225311773699943
1,first_place_votes,cash_bin_amount_share_large,cash_in_kind_bins,dollar share,13,-0.0905404363189835,0.7686363713473805,0.25859721850394285,0.3936102694877724,0.0905404363189835,0.25859721850394285,0.9357312346837676,0.5402493894930209
1,first_place_votes,cash_bin_count_large,cash_in_kind_bins,record count,13,0.6932521741245581,0.008601433492497914,0.7867307674862768,0.0014196416408493557,0.6932521741245581,0.7867307674862768,0.040140022964990266,0.02225311773699943
1,first_place_votes,cash_bin_count_share_large,cash_in_kind_bins,record share,13,-0.31018189269960955,0.3023462410074721,0.2200827391522918,0.46998875742238644,0.31018189269960955,0.2200827391522918,0.4810053834209783,0.5861374099827815
1,first_place_votes,in_kind_bin_amount_micro,cash_in_kind_bins,dollar amount,13,-0.07824614686373488,0.7994320991253802,-0.19218555339901838,0.5293346949307849,0.07824614686373488,0.19218555339901838,0.9565854177568651,0.62802421432466
1,first_place_votes,in_kind_bin_count_micro,cash_in_kind_bins,record count,13,-0.29681360679281066,0.32473312335355414,-0.2620712091804796,0.38705707878301626,0.29681360679281066,0.2620712091804796,0.4941591007554085,0.5365147626695275
1,first_place_votes,in_kind_bin_amount_small,cash_in_kind_bins,dollar amount,13,0.5293751611983862,0.06282713191917465,0.1744848557072916,0.5685912573644218,0.5293751611983862,0.1744848557072916,0.13870773690402852,0.647177040902594
1,first_place_votes,in_kind_bin_count_small,cash_in_kind_bins,record count,13,0.5146468205187981,0.07193198105659669,0.1744848557072916,0.5685912573644218,0.5146468205187981,0.1744848557072916,0.1549304207372852,0.647177040902594
1,first_place_votes,in_kind_bin_amount_medium,cash_in_kind_bins,dollar amount,13,0.3025715990247675,0.3149802877711147,0.43678534863413265,0.13561079596512784,0.3025715990247675,0.43678534863413265,0.4918105302612765,0.2791986975752632
1,first_place_votes,in_kind_bin_count_medium,cash_in_kind_bins,record count,13,0.323039367372762,0.28166894606039067,0.43678534863413265,0.13561079596512784,0.323039367372762,0.43678534863413265,0.4808982005909109,0.2791986975752632
1,first_place_votes,in_kind_bin_amount_large,cash_in_kind_bins,dollar amount,13,0.6130551626784475,0.025882270285026647,0.5301655231106168,0.062362810273657886,0.6130551626784475,0.5301655231106168,0.0724703567980746,0.14797954980190006
1,first_place_votes,in_kind_bin_count_large,cash_in_kind_bins,record count,13,0.6619643699654914,0.013711701036644293,0.5626756176472905,0.0452942282888933,0.6619643699654914,0.5626756176472905,0.04755709442115211,0.11742948074898261
1,first_place_votes,in_kind_bin_amount_mega,cash_in_kind_bins,dollar amount,13,0.7100140353085216,0.006546027949207659,0.5765566601970552,0.03914622946156462,0.7100140353085216,0.5765566601970552,0.03686926149621009,0.10960944249238093
1,first_place_votes,in_kind_bin_count_mega,cash_in_kind_bins,record count,13,0.715082193472998,0.006005748690073481,0.5765566601970552,0.03914622946156462,0.715082193472998,0.5765566601970552,0.03686926149621009,0.10960944249238093
1,first_place_votes,individual_amount,individual_business,dollar amount,13,0.7096718976970686,0.006583796695751802,0.7527472527472527,0.002982233389169849,0.7096718976970686,0.7527472527472527,0.03686926149621009,0.02225311773699943
1,first_place_votes,individual_amount_share,individual_business,dollar share,13,-0.6107713922117365,0.026597842354148016,-0.5116923685290784,0.07386374132035413,0.6107713922117365,0.5116923685290784,0.07301368489373966,0.16952334073523898
1,first_place_votes,individual_count,individual_business,record count,13,0.7168553328494962,0.005825044272383792,0.7417582417582418,0.003701313735752629,0.7168553328494962,0.7417582417582418,0.03686926149621009,0.02225311773699943
1,first_place_votes,individual_count_share,individual_business,record share,13,0.31251647399055477,0.29852928924364946,0.06602482174568754,0.8303121739076676,0.31251647399055477,0.06602482174568754,0.4810053834209783,0.8740128146396502
1,first_place_votes,business_amount,individual_business,dollar amount,13,0.7610006800821913,0.0025174977324294774,0.7166432918841366,0.005846431266760296,0.7610006800821913,0.7166432918841366,0.03686926149621009,0.024803041737770953
1,first_place_votes,business_amount_share,individual_business,dollar share,13,0.006551610537288061,0.98305273385894,0.4507917481206666,0.12210623730967873,0.006551610537288061,0.4507917481206666,0.986270067452062,0.2590132306568943
1,first_place_votes,business_count,individual_business,record count,13,0.8196067741990278,0.0006048989695836457,0.7313694250075097,0.004497975065063601,0.8196067741990278,0.7313694250075097,0.03686926149621009,0.02225311773699943
1,first_place_votes,business_count_share,individual_business,record share,13,-0.23924942076029898,0.43113921624473533,0.47390927366531616,0.10183878929967999,0.23924942076029898,0.47390927366531616,0.6035949027426295,0.22630842066595552
1,first_place_votes,individual_bin_amount_micro,individual_business_bins,dollar amount,13,0.72378155711349,0.0051588369001747915,0.7637362637362637,0.0023766147979084468,0.72378155711349,0.7637362637362637,0.03686926149621009,0.02225311773699943
1,first_place_votes,individual_bin_amount_share_micro,individual_business_bins,dollar share,13,0.275781422060894,0.3617584055400839,0.32967032967032966,0.2713350545052358,0.275781422060894,0.32967032967032966,0.5334983634207635,0.43371618509985393
1,first_place_votes,individual_bin_count_micro,individual_business_bins,record count,13,0.7150678903916745,0.006007223616773505,0.7527472527472527,0.002982233389169849,0.7150678903916745,0.7527472527472527,0.03686926149621009,0.02225311773699943
1,first_place_votes,individual_bin_count_share_micro,individual_business_bins,record share,13,0.32873477547159097,0.272779396447566,0.32967032967032966,0.2713350545052358,0.32873477547159097,0.32967032967032966,0.47147056176122515,0.43371618509985393
1,first_place_votes,individual_bin_amount_small,individual_business_bins,dollar amount,13,0.6645604334338253,0.013217117823720845,0.7087912087912087,0.006681784135857957,0.6645604334338253,0.7087912087912087,0.04755709442115211,0.027513228794709237
1,first_place_votes,individual_bin_amount_share_small,individual_business_bins,dollar share,13,-0.31906326948361585,0.28797330478525596,-0.532967032967033,0.06073650306561788,0.31906326948361585,0.532967032967033,0.4810053834209783,0.1466053522273535
1,first_place_votes,individual_bin_count_small,individual_business_bins,record count,13,0.6750826925272235,0.011348904063326481,0.7032967032967032,0.007318569842104322,0.6750826925272235,0.7032967032967032,0.0470772388797496,0.02769188588904338
1,first_place_votes,individual_bin_count_share_small,individual_business_bins,record share,13,-0.368781728242653,0.21498530784973408,-0.3163689375314194,0.2922911964687993,0.368781728242653,0.3163689375314194,0.41128256161293864,0.44479095114817285
1,first_place_votes,individual_bin_amount_medium,individual_business_bins,dollar amount,13,0.6315880560633581,0.020589279298901465,0.7317751076813702,0.0044645807582599385,0.6315880560633581,0.7317751076813702,0.06551134322377739,0.02225311773699943
1,first_place_votes,individual_bin_amount_share_medium,individual_business_bins,dollar share,13,0.054166176805033675,0.8604923272614806,0.021978021978021976,0.9431862416608072,0.054166176805033675,0.021978021978021976,0.9569629411897508,0.9568556074819783
1,first_place_votes,individual_bin_count_medium,individual_business_bins,record count,13,0.605352711760537,0.028353893572808694,0.722008966826016,0.005323447490291665,0.605352711760537,0.722008966826016,0.07489707736213617,0.023290082770026036
1,first_place_votes,individual_bin_count_share_medium,individual_business_bins,record share,13,0.05391638330689562,0.8611300689096936,0.1868131868131868,0.541123523509894,0.05391638330689562,0.1868131868131868,0.9569629411897508,0.6366159100116401
1,first_place_votes,individual_bin_amount_large,individual_business_bins,dollar amount,13,0.6178253126868882,0.0244335738731084,0.723767952343877,0.005160085197984635,0.6178253126868882,0.723767952343877,0.07157246913503885,0.023290082770026036
1,first_place_votes,individual_bin_amount_share_large,individual_business_bins,dollar share,13,0.013045619437024134,0.9662609086555747,0.22652279424503025,0.4567544765778562,0.013045619437024134,0.22652279424503025,0.98105815996621,0.5845701816500072
1,first_place_votes,individual_bin_count_large,individual_business_bins,record count,13,0.6237544318134756,0.02271751899218774,0.7303079204676943,0.004586265934485822,0.6237544318134756,0.7303079204676943,0.06914027519361486,0.02225311773699943
1,first_place_votes,individual_bin_count_share_large,individual_business_bins,record share,13,-0.07109352224304163,0.8174751480708853,0.20442300944063702,0.5029077104533118,0.07109352224304163,0.20442300944063702,0.9569629411897508,0.6069575815815832
1,first_place_votes,business_bin_amount_micro,individual_business_bins,dollar amount,13,0.3360288520699556,0.26163762019839265,0.35816398587998877,0.229503031278024,0.3360288520699556,0.35816398587998877,0.46366160541487306,0.43105721005147746
1,first_place_votes,business_bin_count_micro,individual_business_bins,record count,13,0.31038880645712674,0.302006828441262,0.34188172937891387,0.25289514366704113,0.31038880645712674,0.34188172937891387,0.4810053834209783,0.43371618509985393
1,first_place_votes,business_bin_amount_small,individual_business_bins,dollar amount,13,0.5425569943653432,0.0553966198675744,0.3288368434483573,0.2726216020627653,0.5425569943653432,0.3288368434483573,0.13371597899069682,0.43371618509985393
1,first_place_votes,business_bin_count_small,individual_business_bins,record count,13,0.5629638240033277,0.04515993767959607,0.35714739802762147,0.23092350538472006,0.5629638240033277,0.35714739802762147,0.11289984419899017,0.43105721005147746
1,first_place_votes,business_bin_amount_medium,individual_business_bins,dollar amount,13,0.41457978274647866,0.15897666833082025,0.5066710044155939,0.07722955116251942,0.41457978274647866,0.5066710044155939,0.3225613560335483,0.17438930907665676
1,first_place_votes,business_bin_count_medium,individual_business_bins,record count,13,0.41661267798563223,0.15673624162627642,0.5128225940683708,0.0731205190950665,0.41661267798563223,0.5128225940683708,0.3225613560335483,0.16952334073523898
1,first_place_votes,business_bin_amount_large,individual_business_bins,dollar amount,13,0.5858892809233303,0.03536850674719353,0.6106969949755208,0.026621395664334337,0.5858892809233303,0.6106969949755208,0.09002892626558354,0.08470444075015471
1,first_place_votes,business_bin_count_large,individual_business_bins,record count,13,0.6644923250036486,0.013229919038302913,0.6236095644623235,0.022758351113340614,0.6644923250036486,0.6236095644623235,0.04755709442115211,0.07586117037780205
1,first_place_votes,same_district_count,geography,record count,13,0.24806163762909433,0.41383124970944646,0.3218710060102268,0.28351307859853486,0.24806163762909433,0.3218710060102268,0.5875051009781284,0.436173967074669
1,first_place_votes,same_district_share,geography,record share,12,-0.6517008256961896,0.021667749316442574,-0.7692307692307694,0.00344645026182745,0.6517008256961896,0.7692307692307694,0.06741077565115466,0.02225311773699943
1,first_place_votes,portland_count,geography,record count,13,0.543265446539419,0.05501588115258741,0.6244847723446278,0.022512492480803815,0.543265446539419,0.6244847723446278,0.13371597899069682,0.07586117037780205
1,first_place_votes,portland_share,geography,record share,12,-0.4206837050341101,0.17327041812856442,-0.3887921899277822,0.21164296722004278,0.4206837050341101,0.3887921899277822,0.3416599794084369,0.4058906220658354
1,first_place_votes,oregon_count,geography,record count,13,0.7190256393329671,0.005609577296487646,0.7417582417582418,0.003701313735752629,0.7190256393329671,0.7417582417582418,0.03686926149621009,0.02225311773699943
1,first_place_votes,oregon_share,geography,record share,13,-0.607448051030651,0.027665042295470607,-0.6132690283219112,0.025815994903126846,0.607448051030651,0.6132690283219112,0.07448280618011317,0.08405207642878508
1,first_place_votes,same_district_bin_count_micro,geography_bins,record count,13,0.17187046977400958,0.5744883815884803,0.34065934065934067,0.25470646075412506,0.17187046977400958,0.34065934065934067,0.7733497444460311,0.43371618509985393
1,first_place_votes,same_district_bin_count_share_micro,geography_bins,record share,12,0.2891458472642138,0.3620167466069467,0.16462372005951137,0.6091580087875201,0.2891458472642138,0.16462372005951137,0.5334983634207635,0.6822569698420226
1,first_place_votes,same_district_bin_count_small,geography_bins,record count,13,0.4710648455038732,0.10419957706494976,0.34615384615384615,0.24662526251007164,0.4710648455038732,0.34615384615384615,0.21773045953870096,0.43371618509985393
1,first_place_votes,same_district_bin_count_share_small,geography_bins,record share,12,-0.3034037353365127,0.3377202930598236,-0.22377622377622378,0.4844516614553987,0.3034037353365127,0.22377622377622378,0.5083961400900571,0.594940636875051
1,first_place_votes,same_district_bin_count_medium,geography_bins,record count,13,0.014540872111586058,0.9623961541674079,0.2011455703204534,0.5099262875440831,0.014540872111586058,0.2011455703204534,0.98105815996621,0.6101682073177063
1,first_place_votes,same_district_bin_count_share_medium,geography_bins,record share,12,-0.1416613118665367,0.6605415909659993,0.2294737135017989,0.47309662377181655,0.1416613118665367,0.2294737135017989,0.8484020434425679,0.5861374099827815
1,first_place_votes,same_district_bin_count_large,geography_bins,record count,13,0.37611704242579963,0.20529466721085454,0.4232512411132155,0.1495629729176325,0.37611704242579963,0.4232512411132155,0.3991840751322172,0.29491290434462747
1,first_place_votes,same_district_bin_count_share_large,geography_bins,record share,12,0.050995436021028934,0.8749375462306292,0.2175341351436112,0.49703271508304847,0.050995436021028934,0.2175341351436112,0.9569629411897508,0.6050833053184939
1,first_place_votes,portland_bin_count_micro,geography_bins,record count,13,0.5294493387715489,0.06278345062658461,0.5879120879120878,0.03458605834210789,0.5294493387715489,0.5879120879120878,0.13870773690402852,0.10760107039766897
1,first_place_votes,portland_bin_count_share_micro,geography_bins,record share,12,0.3155668527652443,0.317711030502275,0.15384615384615385,0.6330906812462617,0.3155668527652443,0.15384615384615385,0.4918105302612765,0.703434090273624
1,first_place_votes,portland_bin_count_small,geography_bins,record count,13,0.5341915306581815,0.06003518275505161,0.6593406593406593,0.014225578511456699,0.5341915306581815,0.6593406593406593,0.13870773690402852,0.04978952479009845
1,first_place_votes,portland_bin_count_share_small,geography_bins,record share,12,-0.3764376634641634,0.2277849509167001,-0.30069930069930073,0.34225952894002437,0.3764376634641634,0.30069930069930073,0.419603856951816,0.4854847800464694
1,first_place_votes,portland_bin_count_medium,geography_bins,record count,13,0.6023328807401687,0.029368742349498343,0.5635251780910024,0.044899196030168315,0.6023328807401687,0.5635251780910024,0.07614118386906978,0.11742948074898261
1,first_place_votes,portland_bin_count_share_medium,geography_bins,record share,12,-0.005579378765047341,0.986270067452062,0.1690182756489597,0.5994978698235762,0.005579378765047341,0.1690182756489597,0.986270067452062,0.6768524336717796
1,first_place_votes,portland_bin_count_large,geography_bins,record count,13,0.7486178688957805,0.0032384080755180973,0.6976131092772546,0.008025025456628523,0.7486178688957805,0.6976131092772546,0.03686926149621009,0.028807783690461365
1,first_place_votes,portland_bin_count_share_large,geography_bins,record share,12,0.05455246464376608,0.8662810689899278,0.42254568912239926,0.17117595198400157,0.05455246464376608,0.42254568912239926,0.9569629411897508,0.33284212885778086
1,first_place_votes,oregon_bin_count_micro,geography_bins,record count,13,0.7020648800022178,0.00746748322033793,0.7527472527472527,0.002982233389169849,0.7020648800022178,0.7527472527472527,0.03804251467919226,0.02225311773699943
1,first_place_votes,oregon_bin_count_share_micro,geography_bins,record share,13,0.2704155142505966,0.37155194428323257,0.24725274725274726,0.4154051197255381,0.2704155142505966,0.24725274725274726,0.5418465854130475,0.557612829375993
1,first_place_votes,oregon_bin_count_small,geography_bins,record count,13,0.7060033910457688,0.006999337915215896,0.7032967032967032,0.007318569842104322,0.7060033910457688,0.7032967032967032,0.03768874262039328,0.02769188588904338
1,first_place_votes,oregon_bin_count_share_small,geography_bins,record share,13,-0.3295215015200713,0.27156452036498574,-0.26373626373626374,0.3839365166506742,0.3295215015200713,0.26373626373626374,0.47147056176122515,0.5365147626695275
1,first_place_votes,oregon_bin_count_medium,geography_bins,record count,13,0.7321951636123127,0.004430205118848537,0.7300303183286789,0.0046095743883784535,0.7321951636123127,0.7300303183286789,0.03686926149621009,0.02225311773699943
1,first_place_votes,oregon_bin_count_share_medium,geography_bins,record share,13,0.14068469996411292,0.6466455922728991,0.2448420473069246,0.42011354710149923,0.14068469996411292,0.2448420473069246,0.8391714575617697,0.557612829375993
1,first_place_votes,oregon_bin_count_large,geography_bins,record count,13,0.7389221629120326,0.003906994867213067,0.7856342780788832,0.0014569365831817143,0.7389221629120326,0.7856342780788832,0.03686926149621009,0.02225311773699943
1,first_place_votes,oregon_bin_count_share_large,geography_bins,record share,13,-0.04557569153221614,0.8824668130911367,0.24209101306752098,0.4255192840857562,0.04557569153221614,0.24209101306752098,0.9577159211841795,0.557612829375993
1,first_place_votes,oregon_bin_count_mega,geography_bins,record count,13,0.6627433751768957,0.013561851872306132,0.5698028822981898,0.042056666472555695,0.6627433751768957,0.5698028822981898,0.04755709442115211,0.11544967266976074
1,first_place_votes,oregon_bin_count_share_mega,geography_bins,record share,13,0.6162410058028697,0.02490790482976009,0.5590852462516898,0.04699134461660141,0.6162410058028697,0.5590852462516898,0.07157246913503885,0.11747836154150353
2,mentions,total_amount,scale,dollar amount,20,0.7310821844528812,0.0002502669250867919,0.7744360902255639,6.119579516446203e-05,0.7310821844528812,0.7744360902255639,0.004379671189018859,0.0008567411323024684
2,mentions,total_record_count,scale,record count,20,0.7043634829875826,0.000526499174356522,0.7548872180451127,0.00011960282700609442,0.7043634829875826,0.7548872180451127,0.006142490367492756,0.0015222177982593837
2,mentions,mean_amount,scale,dollar amount,20,0.08978263747934245,0.7065985726208616,0.05563909774436089,0.8157739948259725,0.08978263747934245,0.05563909774436089,0.7851095251342906,0.8575413792015045
2,mentions,median_amount,scale,dollar amount,20,0.1717347582273351,0.46908132802571956,0.0376667010255582,0.8747251779106243,0.1717347582273351,0.0376667010255582,0.591531839202061,0.8949931236914462
2,mentions,bin_amount_micro,overall_bins,dollar amount,20,0.6502521047581447,0.0019093651967957946,0.7022556390977444,0.0005564352866091828,0.6502521047581447,0.7022556390977444,0.014338780269939939,0.0032458725052202327
2,mentions,bin_amount_share_micro,overall_bins,dollar share,20,-0.16078801581411784,0.4982836548647061,-0.09323308270676692,0.6958288642370746,0.16078801581411784,0.09323308270676692,0.6066061885309466,0.7909048517779237
2,mentions,bin_count_micro,overall_bins,record count,20,0.5087945744898803,0.0219651228153468,0.6781954887218045,0.0010140621699159448,0.5087945744898803,0.6781954887218045,0.07676050741124232,0.0048954725444218024
2,mentions,bin_count_share_micro,overall_bins,record share,20,-0.24708300391966392,0.293610255704444,-0.1819548872180451,0.4426210667757499,0.24708300391966392,0.1819548872180451,0.4294941931602109,0.5737680495241202
2,mentions,bin_amount_small,overall_bins,dollar amount,20,0.7941533360071039,2.904221655281379e-05,0.8300751879699247,5.947594428814402e-06,0.7941533360071039,0.8300751879699247,0.000786490583129064,0.00017263923299214954
2,mentions,bin_amount_share_small,overall_bins,dollar share,20,0.14765434185156026,0.534446852042207,0.13984962406015036,0.5564935505662204,0.14765434185156026,0.13984962406015036,0.6395090537257178,0.6850480301717028
2,mentions,bin_count_small,overall_bins,record count,20,0.8232647947548839,8.250247126491663e-06,0.8270676691729323,6.884217225021655e-06,0.8232647947548839,0.8270676691729323,0.0004356473122346327,0.00017263923299214954
2,mentions,bin_count_share_small,overall_bins,record share,20,0.24219367698263827,0.30357303968275295,0.17293233082706763,0.46594008519241703,0.24219367698263827,0.17293233082706763,0.4294941931602109,0.5926492269686716
2,mentions,bin_amount_medium,overall_bins,dollar amount,20,0.5995479726144689,0.005205546755519914,0.7303498071964771,0.00025570917286631226,0.5995479726144689,0.7303498071964771,0.02915106183091152,0.002386618946752248
2,mentions,bin_amount_share_medium,overall_bins,dollar share,20,0.2877898166603401,0.21854707884663346,0.27303499486335864,0.24413076691212393,0.2877898166603401,0.27303499486335864,0.3557743144014963,0.3974221786941552
2,mentions,bin_count_medium,overall_bins,record count,20,0.6156053739096142,0.0038581820303300015,0.6890068054679518,0.0007796742382945466,0.6156053739096142,0.6890068054679518,0.025721213535533343,0.003974256563949033
2,mentions,bin_count_share_medium,overall_bins,record share,20,0.3137701039121541,0.17791983389555854,0.3226777212021511,0.16526164860899512,0.3137701039121541,0.3226777212021511,0.3153009714604835,0.30047572474362744
2,mentions,bin_amount_large,overall_bins,dollar amount,20,0.5909167202726496,0.006076675762580818,0.7097744360902255,0.0004558392343877837,0.5909167202726496,0.7097744360902255,0.03000740037735675,0.003190874640714486
2,mentions,bin_amount_share_large,overall_bins,dollar share,20,-0.13553918844490023,0.5688404897642997,-0.03157894736842105,0.8948543863933639,0.13553918844490023,0.03157894736842105,0.6692241056050585,0.9078232905439924
2,mentions,bin_count_large,overall_bins,record count,20,0.5907233370022473,0.006097484699263132,0.7250846695544841,0.00029789354063488276,0.5907233370022473,0.7250846695544841,0.03000740037735675,0.002606568480555224
2,mentions,bin_count_share_large,overall_bins,record share,20,0.02634639551764298,0.9122059093307531,0.09172932330827067,0.7005157258604466,0.02634639551764298,0.09172932330827067,0.9187685417719815,0.7909048517779237
2,mentions,bin_amount_mega,overall_bins,dollar amount,20,0.34951613424127753,0.130903528573927,0.3779644730092272,0.10036562194728656,0.34951613424127753,0.3779644730092272,0.2476553243290511,0.1979040432763397
2,mentions,bin_amount_share_mega,overall_bins,dollar share,20,0.3495161342412775,0.130903528573927,0.3779644730092272,0.10036562194728656,0.3495161342412775,0.3779644730092272,0.2476553243290511,0.1979040432763397
2,mentions,bin_count_mega,overall_bins,record count,20,0.34951613424127753,0.130903528573927,0.3779644730092272,0.10036562194728656,0.34951613424127753,0.3779644730092272,0.2476553243290511,0.1979040432763397
2,mentions,bin_count_share_mega,overall_bins,record share,20,0.34951613424127753,0.130903528573927,0.3779644730092272,0.10036562194728656,0.34951613424127753,0.3779644730092272,0.2476553243290511,0.1979040432763397
2,mentions,cash_amount,cash_in_kind,dollar amount,20,0.7139795023553114,0.00040665074581967684,0.7894736842105263,3.490503836386607e-05,0.7139795023553114,0.7894736842105263,0.006142490367492756,0.0005429672634379168
2,mentions,cash_amount_share,cash_in_kind,dollar share,20,-0.08689904878499105,0.715640439345222,-0.2346875287075726,0.31926198269601747,0.08689904878499105,0.2346875287075726,0.7868038183339001,0.475496569972792
2,mentions,cash_count,cash_in_kind,record count,20,0.7097955483032502,0.00045558019115947196,0.7443609022556391,0.0001673956999851941,0.7097955483032502,0.7443609022556391,0.006142490367492756,0.0019529498331605979
2,mentions,cash_count_share,cash_in_kind,record share,20,-0.2564725506738237,0.27504702944826437,-0.1523944991607614,0.521256880176603,0.2564725506738237,0.1523944991607614,0.4096445119442236,0.6515711002207537
2,mentions,in_kind_amount,cash_in_kind,dollar amount,20,0.4676556084579666,0.037594797400584384,0.6016863586882752,0.005006450604175002,0.4676556084579666,0.6016863586882752,0.10539803598002719,0.01630007173452326
2,mentions,in_kind_amount_share,cash_in_kind,dollar share,20,0.4597271758662317,0.041411733407072736,0.6067782037547488,0.004557532601844496,0.4597271758662317,0.6067782037547488,0.10736375327759598,0.015191775339481652
2,mentions,in_kind_count,cash_in_kind,record count,20,0.48281264671854357,0.03106290466349646,0.5821560112222571,0.007079905457932748,0.48281264671854357,0.5821560112222571,0.09453927506281531,0.021547538350230103
2,mentions,in_kind_count_share,cash_in_kind,record share,20,0.419629867526212,0.06549084809889026,0.5830162601112061,0.006975758286183189,0.419629867526212,0.5830162601112061,0.15808135748007993,0.021547538350230103
2,mentions,cash_bin_amount_micro,cash_in_kind_bins,dollar amount,20,0.6632511945111156,0.0014337954469616316,0.7022556390977444,0.0005564352866091828,0.6632511945111156,0.7022556390977444,0.01180772721027226,0.0032458725052202327
2,mentions,cash_bin_amount_share_micro,cash_in_kind_bins,dollar share,20,-0.17007800328113076,0.47344459014236284,-0.10225563909774435,0.6679353573533201,0.17007800328113076,0.10225563909774435,0.591531839202061,0.7728177688385521
2,mentions,cash_bin_count_micro,cash_in_kind_bins,record count,20,0.503938061163578,0.023480742801518184,0.6571428571428571,0.001643087604234243,0.503938061163578,0.6571428571428571,0.07826914267172728,0.006572350416936972
2,mentions,cash_bin_count_share_micro,cash_in_kind_bins,record share,20,-0.2665964297463246,0.2558722607546363,-0.21954887218045113,0.3523456773115152,0.2665964297463246,0.21954887218045113,0.39802351672943426,0.5030615278432643
2,mentions,cash_bin_amount_small,cash_in_kind_bins,dollar amount,20,0.7918704830839093,3.178597642231502e-05,0.8285714285714285,6.401019922542657e-06,0.7918704830839093,0.8285714285714285,0.000786490583129064,0.00017263923299214954
2,mentions,cash_bin_amount_share_small,cash_in_kind_bins,dollar share,20,0.11951729933065025,0.6157470565733119,0.21804511278195485,0.35573636611773696,0.11951729933065025,0.21804511278195485,0.7008503082948265,0.5030615278432643
2,mentions,cash_bin_count_small,cash_in_kind_bins,record count,20,0.8220490821374249,8.733939254777981e-06,0.825563909774436,7.398824271092123e-06,0.8220490821374249,0.825563909774436,0.0004356473122346327,0.00017263923299214954
2,mentions,cash_bin_count_share_small,cash_in_kind_bins,record share,20,0.2632451494816991,0.26212309884728546,0.21804511278195485,0.35573636611773696,0.2632451494816991,0.21804511278195485,0.39888297650673876,0.5030615278432643
2,mentions,cash_bin_amount_medium,cash_in_kind_bins,dollar amount,20,0.588265263993369,0.006367125094162024,0.7303498071964771,0.00025570917286631226,0.588265263993369,0.7303498071964771,0.03000740037735675,0.002386618946752248
2,mentions,cash_bin_amount_share_medium,cash_in_kind_bins,dollar share,20,0.2744049071157496,0.24167795135732995,0.25347876933595553,0.28088435150519153,0.2744049071157496,0.25347876933595553,0.38303051569388613,0.4321297715464485
2,mentions,cash_bin_count_medium,cash_in_kind_bins,record count,20,0.6001541875257674,0.005148453480416465,0.6746995603270872,0.001101531965015154,0.6001541875257674,0.6746995603270872,0.02915106183091152,0.005140482503404052
2,mentions,cash_bin_count_share_medium,cash_in_kind_bins,record share,20,0.30387303050079006,0.19273935659150987,0.2745393199039281,0.24143814333722052,0.30387303050079006,0.2745393199039281,0.33236286089992945,0.3974221786941552
2,mentions,cash_bin_amount_large,cash_in_kind_bins,dollar amount,20,0.5869076727927443,0.006520192990493787,0.7127819548872181,0.00042017538910877754,0.5869076727927443,0.7127819548872181,0.03000740037735675,0.003190874640714486
2,mentions,cash_bin_amount_share_large,cash_in_kind_bins,dollar share,20,-0.06894919127570005,0.7727043503330056,0.0631578947368421,0.791373397820062,0.06894919127570005,0.0631578947368421,0.8321431465124675,0.8457425625557914
2,mentions,cash_bin_count_large,cash_in_kind_bins,record count,20,0.5858243120675034,0.00664449579784328,0.7125660406949396,0.0004226541016949988,0.5858243120675034,0.7125660406949396,0.03000740037735675,0.003190874640714486
2,mentions,cash_bin_count_share_large,cash_in_kind_bins,record share,20,0.0437163985716508,0.8547949062392827,0.17142857142857143,0.46988617281087536,0.0437163985716508,0.17142857142857143,0.8930693050261161,0.5926492269686716
2,mentions,in_kind_bin_amount_micro,cash_in_kind_bins,dollar amount,20,0.4563973236182665,0.04310134663771695,0.45717704883688887,0.04270101614904423,0.4563973236182665,0.45717704883688887,0.10971251871418859,0.10487968878712618
2,mentions,in_kind_bin_amount_share_micro,cash_in_kind_bins,dollar share,8,0.22156516968910758,0.5979611765611893,0.19094065395649334,0.6505928212526485,0.22156516968910758,0.19094065395649334,0.6918559067650124,0.765403319120763
2,mentions,in_kind_bin_count_micro,cash_in_kind_bins,record count,20,0.44445732953527867,0.04960044603736008,0.46004370622823615,0.04125382679875258,0.44445732953527867,0.46004370622823615,0.12182565693386686,0.10313456699688144
2,mentions,in_kind_bin_count_share_micro,cash_in_kind_bins,record share,8,0.38612054166953025,0.3447634834054751,0.3849001794597506,0.34642207181242973,0.38612054166953025,0.3849001794597506,0.46410468919967796,0.5030615278432643
2,mentions,in_kind_bin_amount_small,cash_in_kind_bins,dollar amount,20,0.5071161865126268,0.022479862884720966,0.577087495568268,0.007719703909013286,0.5071161865126268,0.577087495568268,0.07676050741124232,0.022515803067955416
2,mentions,in_kind_bin_amount_share_small,cash_in_kind_bins,dollar share,8,0.2879248891852985,0.4892352764145296,0.21957751641341997,0.601334210476955,0.2879248891852985,0.21957751641341997,0.6008152517371416,0.721532790606582
2,mentions,in_kind_bin_count_small,cash_in_kind_bins,record count,20,0.4831045652658581,0.03094648024652212,0.5778384230109396,0.007622038980314657,0.4831045652658581,0.5778384230109396,0.09453927506281531,0.022515803067955416
2,mentions,in_kind_bin_count_share_small,cash_in_kind_bins,record share,8,0.41775817354741174,0.3030668456434726,0.24551430807011818,0.5578248245683866,0.41775817354741174,0.24551430807011818,0.4294941931602109,0.6850480301717028
2,mentions,in_kind_bin_amount_medium,cash_in_kind_bins,dollar amount,20,0.4071137862760932,0.074824976918944,0.5222847233191096,0.01815919611608,0.4071137862760932,0.5222847233191096,0.17459161281086935,0.050845749125023994
2,mentions,in_kind_bin_amount_share_medium,cash_in_kind_bins,dollar share,8,-0.2954332821527204,0.4774506987845206,-0.21557272714438658,0.6081490663684048,0.2954332821527204,0.21557272714438658,0.591531839202061,0.721532790606582
2,mentions,in_kind_bin_count_medium,cash_in_kind_bins,record count,20,0.4111838877276503,0.07168704933614474,0.5103737142432035,0.021489408142883224,0.4111838877276503,0.5103737142432035,0.1701048628315299,0.057856098846224065
2,mentions,in_kind_bin_count_share_medium,cash_in_kind_bins,record share,8,-0.40006176719430797,0.32607828680921824,-0.21557272714438658,0.6081490663684048,0.40006176719430797,0.21557272714438658,0.4459917295187759,0.721532790606582
2,mentions,in_kind_bin_amount_large,cash_in_kind_bins,dollar amount,20,0.2644521314621651,0.259860821648732,0.26149852775078686,0.26541877646631684,0.2644521314621651,0.26149852775078686,0.39888297650673876,0.42225714437823136
2,mentions,in_kind_bin_amount_share_large,cash_in_kind_bins,dollar share,8,-0.21225210059042782,0.6138184668160636,-0.40915854419248576,0.3141494275221827,0.21225210059042782,0.40915854419248576,0.7008503082948265,0.47291311670006003
2,mentions,in_kind_bin_count_large,cash_in_kind_bins,record count,20,0.3024695544556738,0.1949059285209429,0.26149852775078686,0.26541877646631684,0.3024695544556738,0.26149852775078686,0.33236286089992945,0.42225714437823136
2,mentions,in_kind_bin_count_share_large,cash_in_kind_bins,record share,8,-0.23109868882196266,0.581870520606907,-0.40915854419248576,0.3141494275221827,0.23109868882196266,0.40915854419248576,0.6788489407080582,0.47291311670006003
2,mentions,in_kind_bin_amount_mega,cash_in_kind_bins,dollar amount,20,0.34951613424127753,0.130903528573927,0.3779644730092272,0.10036562194728656,0.34951613424127753,0.3779644730092272,0.2476553243290511,0.1979040432763397
2,mentions,in_kind_bin_amount_share_mega,cash_in_kind_bins,dollar share,8,0.3774308170369456,0.35665316795587704,0.5773502691896258,0.1339745962155612,0.3774308170369456,0.5773502691896258,0.46944843925057345,0.25008591293571425
2,mentions,in_kind_bin_count_mega,cash_in_kind_bins,record count,20,0.34951613424127753,0.130903528573927,0.3779644730092272,0.10036562194728656,0.34951613424127753,0.3779644730092272,0.2476553243290511,0.1979040432763397
2,mentions,in_kind_bin_count_share_mega,cash_in_kind_bins,record share,8,0.3774308170369456,0.35665316795587704,0.5773502691896258,0.1339745962155612,0.3774308170369456,0.5773502691896258,0.46944843925057345,0.25008591293571425
2,mentions,individual_amount,individual_business,dollar amount,20,0.704904249401655,0.0005190433805749016,0.7984962406015037,2.4383575150659517e-05,0.704904249401655,0.7984962406015037,0.006142490367492756,0.00042671256513654156
2,mentions,individual_amount_share,individual_business,dollar share,20,0.36375543060664833,0.11489072522764039,0.2857142857142857,0.22203494893940118,0.36375543060664833,0.2857142857142857,0.2476553243290511,0.37908405916483123
2,mentions,individual_count,individual_business,record count,20,0.6999587697866917,0.0005906882795183136,0.7413533834586465,0.00018373904000045947,0.6999587697866917,0.7413533834586465,0.006361258394812608,0.001978728123081871
2,mentions,individual_count_share,individual_business,record share,20,0.3236588856217135,0.16390628523164863,0.21052631578947367,0.3729699095048001,0.3236588856217135,0.21052631578947367,0.29419076836449753,0.5169879933729902
2,mentions,business_amount,individual_business,dollar amount,20,0.0046359988892306775,0.9845237416665842,0.08842295624409366,0.7108574005938888,0.0046359988892306775,0.08842295624409366,0.9845237416665842,0.7961602886651554
2,mentions,business_amount_share,individual_business,dollar share,20,-0.3010949464712189,0.19704369610495817,-0.0541000472020703,0.8207896058071543,0.3010949464712189,0.0541000472020703,0.33236286089992945,0.8575413792015045
2,mentions,business_count,individual_business,record count,20,0.18365155459900712,0.43830531000102135,0.1985926058282105,0.4012704026740918,0.18365155459900712,0.1985926058282105,0.5578431218194817,0.5402031067975276
2,mentions,business_count_share,individual_business,record share,20,-0.27338756626998045,0.2434979706911133,-0.03733665229438655,0.8758146996123438,0.27338756626998045,0.03733665229438655,0.38303051569388613,0.8949931236914462
2,mentions,individual_bin_amount_micro,individual_business_bins,dollar amount,20,0.6493686680534658,0.0019459773223489917,0.7022556390977444,0.0005564352866091828,0.6493686680534658,0.7022556390977444,0.014338780269939939,0.0032458725052202327
2,mentions,individual_bin_amount_share_micro,individual_business_bins,dollar share,20,-0.21669668641467765,0.35879273571293824,-0.10526315789473684,0.6587277693915813,0.21669668641467765,0.10526315789473684,0.46944843925057345,0.7685157309568449
2,mentions,individual_bin_count_micro,individual_business_bins,record count,20,0.5074204807720164,0.022385836480413625,0.6571428571428571,0.001643087604234243,0.5074204807720164,0.6571428571428571,0.07676050741124232,0.006572350416936972
2,mentions,individual_bin_count_share_micro,individual_business_bins,record share,20,-0.28425007352036086,0.2245173016137706,-0.21804511278195485,0.35573636611773696,0.28425007352036086,0.21804511278195485,0.36129220949342394,0.5030615278432643
2,mentions,individual_bin_amount_small,individual_business_bins,dollar amount,20,0.7903717263994567,3.3706739276959886e-05,0.8285714285714285,6.401019922542657e-06,0.7903717263994567,0.8285714285714285,0.000786490583129064,0.00017263923299214954
2,mentions,individual_bin_amount_share_small,individual_business_bins,dollar share,20,0.04497140643180364,0.8506705620291031,0.09624060150375939,0.6864870716570239,0.04497140643180364,0.09624060150375939,0.8930693050261161,0.7877720494424865
2,mentions,individual_bin_count_small,individual_business_bins,record count,20,0.8206166819290185,9.335299547884985e-06,0.825563909774436,7.398824271092123e-06,0.8206166819290185,0.825563909774436,0.0004356473122346327,0.00017263923299214954
2,mentions,individual_bin_count_share_small,individual_business_bins,record share,20,0.2410267621919477,0.30598077438490756,0.18496240601503755,0.43498614362285265,0.2410267621919477,0.18496240601503755,0.4294941931602109,0.5737680495241202
2,mentions,individual_bin_amount_medium,individual_business_bins,dollar amount,20,0.5805700526439377,0.007275249156905316,0.7062806065473657,0.000500470185153834,0.5805700526439377,0.7062806065473657,0.03182921506146076,0.0032458725052202327
2,mentions,individual_bin_amount_share_medium,individual_business_bins,dollar share,20,0.240639889917877,0.3067815665430078,0.1767581922669126,0.45597679284497694,0.240639889917877,0.1767581922669126,0.4294941931602109,0.58565826603942
2,mentions,individual_bin_count_medium,individual_business_bins,record count,20,0.5943260547046225,0.005719289866576888,0.6543682119690165,0.0017462919152648052,0.5943260547046225,0.6543682119690165,0.03000740037735675,0.006791135226029798
2,mentions,individual_bin_count_share_medium,individual_business_bins,record share,20,0.2917886746089977,0.21192898512087055,0.2910868953501923,0.21308073967518673,0.2917886746089977,0.2910868953501923,0.3490595049049633,0.3707407100802954
2,mentions,individual_bin_amount_large,individual_business_bins,dollar amount,20,0.5653122092820259,0.00938984866653351,0.6225563909774435,0.003372243843155669,0.5653122092820259,0.6225563909774435,0.03651607814763032,0.011802853451044842
2,mentions,individual_bin_amount_share_large,individual_business_bins,dollar share,20,0.055199956489392965,0.8172044176453908,0.18345864661654135,0.438794886569103,0.055199956489392965,0.18345864661654135,0.8733482325981275,0.5737680495241202
2,mentions,individual_bin_count_large,individual_business_bins,record count,20,0.5662734489881539,0.009243350641409975,0.6975171274806852,0.0006290446755326419,0.5662734489881539,0.6975171274806852,0.03651607814763032,0.0035226501829827947
2,mentions,individual_bin_count_share_large,individual_business_bins,record share,20,0.2325056215863687,0.3239117182289156,0.21353383458646616,0.3660206383395141,0.2325056215863687,0.21353383458646616,0.4459917295187759,0.5124288936753197
2,mentions,business_bin_amount_micro,individual_business_bins,dollar amount,20,0.4599247575620676,0.04131311168353489,0.42838563887315007,0.05950218536812688,0.4599247575620676,0.42838563887315007,0.10736375327759598,0.14119162629725024
2,mentions,business_bin_amount_share_micro,individual_business_bins,dollar share,14,0.5573389238309826,0.038394998821295614,0.5956609522512647,0.024595490083724986,0.5573389238309826,0.5956609522512647,0.10539803598002719,0.06376608540224996
2,mentions,business_bin_count_micro,individual_business_bins,record count,20,0.4632143291078875,0.039697671794890824,0.4347734011334045,0.05540194010465105,0.4632143291078875,0.4347734011334045,0.10687834714009067,0.13372882094226116
2,mentions,business_bin_count_share_micro,individual_business_bins,record share,14,0.6130737328029576,0.01973530879788954,0.5956609522512647,0.024595490083724986,0.6130737328029576,0.5956609522512647,0.07270903241327725,0.06376608540224996
2,mentions,business_bin_amount_small,individual_business_bins,dollar amount,20,-0.03923701334870977,0.869544434511084,-0.07601232304412874,0.7500979769324198,0.03923701334870977,0.07601232304412874,0.8951192708202336,0.8156067324204634
2,mentions,business_bin_amount_share_small,individual_business_bins,dollar share,14,-0.36729813753432494,0.19639087544777917,-0.42837095318033386,0.12647072319808672,0.36729813753432494,0.42837095318033386,0.33236286089992945,0.24254659243468685
2,mentions,business_bin_count_small,individual_business_bins,record count,20,0.039891942353634934,0.8673852050174133,-0.06899185872287983,0.7725672376961821,0.039891942353634934,0.06899185872287983,0.8951192708202336,0.8319954867497346
2,mentions,business_bin_count_share_small,individual_business_bins,record share,14,-0.48754913220956525,0.07698984091199002,-0.4386982931995433,0.11659861813067615,0.48754913220956525,0.4386982931995433,0.17669799553571477,0.22671953525409255
2,mentions,business_bin_amount_medium,individual_business_bins,dollar amount,20,0.14111007001198533,0.5529058113852622,0.275332492619727,0.2400261477416578,0.14111007001198533,0.275332492619727,0.655989945711328,0.3974221786941552
2,mentions,business_bin_amount_share_medium,individual_business_bins,dollar share,14,0.25662917851920014,0.3758003235506389,0.31437661368816755,0.27365863460685264,0.25662917851920014,0.31437661368816755,0.487148567565643,0.4256912093884374
2,mentions,business_bin_count_medium,individual_business_bins,record count,20,0.14806391618490755,0.5333011276928961,0.28092626066807075,0.23021935085916542,0.14806391618490755,0.28092626066807075,0.6395090537257178,0.38832179662991756
2,mentions,business_bin_count_share_medium,individual_business_bins,record share,14,0.2823075078141358,0.32812248671738514,0.31437661368816755,0.27365863460685264,0.2823075078141358,0.31437661368816755,0.4459917295187759,0.4256912093884374
2,mentions,business_bin_amount_large,individual_business_bins,dollar amount,20,-0.03380644034368532,0.8874813386818161,-0.07556523406929046,0.7515233463017127,0.03380644034368532,0.07556523406929046,0.900343387068509,0.8156067324204634
2,mentions,business_bin_amount_share_large,individual_business_bins,dollar share,14,-0.43905772372222907,0.11626479642289902,-0.3769567152516165,0.18398173100416404,0.43905772372222907,0.3769567152516165,0.2476553243290511,0.3302236197510636
2,mentions,business_bin_count_large,individual_business_bins,record count,20,-0.03469468064533204,0.8845436915695521,-0.05801401614303933,0.8080479553798366,0.03469468064533204,0.05801401614303933,0.900343387068509,0.8570205587361904
2,mentions,business_bin_count_share_large,individual_business_bins,record share,14,-0.4414663463482074,0.11404458352766514,-0.4111172465083576,0.14419507427181202,0.4414663463482074,0.4111172465083576,0.2476553243290511,0.2656225052375485
2,mentions,same_district_count,geography,record count,20,0.6126540992833496,0.0040813466976452085,0.6586466165413534,0.0015893261832982597,0.6126540992833496,0.6586466165413534,0.02597220625774224,0.006572350416936972
2,mentions,same_district_share,geography,record share,20,-0.24303400728169236,0.30184630369904303,-0.2045112781954887,0.38709023775567697,0.24303400728169236,0.2045112781954887,0.4294941931602109,0.5313003263313214
2,mentions,portland_count,geography,record count,20,0.6268295748947007,0.003099577178007982,0.6421052631578947,0.0022698795673186797,0.6268295748947007,0.6421052631578947,0.021697040246055874,0.00836271419538461
2,mentions,portland_share,geography,record share,20,0.07753042249581758,0.7452639479256309,0.018045112781954885,0.9398091995407436,0.07753042249581758,0.018045112781954885,0.8088135868960336,0.9422697110112492
2,mentions,oregon_count,geography,record count,20,0.6679567397708148,0.0012882706341685243,0.7112781954887217,0.00043769852641295997,0.6679567397708148,0.7112781954887217,0.01180772721027226,0.003190874640714486
2,mentions,oregon_share,geography,record share,20,-0.0521377793448264,0.8271941405948783,-0.08421052631578946,0.7241036435108114,0.0521377793448264,0.08421052631578946,0.8773271188127497,0.8045596039009015
2,mentions,same_district_bin_count_micro,geography_bins,record count,20,0.49875089269757333,0.025189830177114035,0.6182775916740518,0.0036649317322310264,0.49875089269757333,0.6182775916740518,0.08014945965445375,0.012514401036886431
2,mentions,same_district_bin_count_share_micro,geography_bins,record share,20,-0.20406521987301693,0.38814907430557155,-0.07669172932330826,0.74793344754194,0.20406521987301693,0.07669172932330826,0.49854009543834876,0.8156067324204634
2,mentions,same_district_bin_count_small,geography_bins,record count,20,0.6644793874580648,0.001394542330185337,0.625799216876899,0.0031635840710997937,0.6644793874580648,0.625799216876899,0.01180772721027226,0.011356455639845412
2,mentions,same_district_bin_count_share_small,geography_bins,record share,20,0.08571511084582953,0.7193634910481372,0.017306250196392408,0.9422697110112492,0.08571511084582953,0.017306250196392408,0.7868038183339001,0.9422697110112492
2,mentions,same_district_bin_count_medium,geography_bins,record count,20,0.5000398484564387,0.024756243323429232,0.4932253165618498,0.027116992715442243,0.5000398484564387,0.4932253165618498,0.08014945965445375,0.06902507236658026
2,mentions,same_district_bin_count_share_medium,geography_bins,record share,20,0.32392383139592135,0.16354160970823467,0.39640503959759793,0.0835697412755032,0.32392383139592135,0.39640503959759793,0.29419076836449753,0.18870586739629758
2,mentions,same_district_bin_count_large,geography_bins,record count,20,0.4671223227608432,0.037842625787389936,0.5192489800699793,0.018965880947373535,0.4671223227608432,0.5192489800699793,0.10539803598002719,0.052063202600633234
2,mentions,same_district_bin_count_share_large,geography_bins,record share,20,0.29679216009812237,0.20383644643792095,0.30387365819503276,0.19273839124095846,0.29679216009812237,0.30387365819503276,0.3397274107298683,0.34156170599663527
2,mentions,portland_bin_count_micro,geography_bins,record count,20,0.47307616149652615,0.03514666663598984,0.5654135338345864,0.00937431775063153,0.47307616149652615,0.5654135338345864,0.10251111102163703,0.02678376500180437
2,mentions,portland_bin_count_share_micro,geography_bins,record share,20,-0.09944614697371862,0.676578170237181,-0.037593984962406006,0.8749652018566715,0.09944614697371862,0.037593984962406006,0.7638785793000431,0.8949931236914462
2,mentions,portland_bin_count_small,geography_bins,record count,20,0.6827744010212589,0.0009084186991858407,0.6613947698358218,0.001494886532697351,0.6827744010212589,0.6613947698358218,0.009084186991858405,0.006540128580550911
2,mentions,portland_bin_count_share_small,geography_bins,record share,20,-0.09331015978922258,0.6955889173770229,-0.13383458646616542,0.5737559530736435,0.09331015978922258,0.13383458646616542,0.7790595874622656,0.6984855080896529
2,mentions,portland_bin_count_medium,geography_bins,record count,20,0.5662564130370923,0.009245930714548361,0.5873622877858168,0.006468602757408263,0.5662564130370923,0.5873622877858168,0.03651607814763032,0.02058191786448084
2,mentions,portland_bin_count_share_medium,geography_bins,record share,20,0.3411968429629353,0.14095876329385815,0.41364823387767113,0.06983559195948849,0.3411968429629353,0.41364823387767113,0.2631230248152019,0.16294971457213983
2,mentions,portland_bin_count_large,geography_bins,record count,20,0.5701176381578159,0.008675953913274295,0.6623980755584972,0.0014616040495437225,0.5701176381578159,0.6623980755584972,0.03651607814763032,0.006540128580550911
2,mentions,portland_bin_count_share_large,geography_bins,record share,20,0.45159446131257097,0.04563147499409188,0.4015037593984962,0.07931658537453376,0.45159446131257097,0.4015037593984962,0.1140786874852297,0.1820380647940119
2,mentions,oregon_bin_count_micro,geography_bins,record count,20,0.47688837787859756,0.033500673693312305,0.688228706060532,0.0007948513127898067,0.47688837787859756,0.688228706060532,0.09978924078858985,0.003974256563949033
2,mentions,oregon_bin_count_share_micro,geography_bins,record share,20,-0.3308429476502777,0.15421507165509513,-0.19849624060150375,0.4015036070038972,0.3308429476502777,0.19849624060150375,0.28408039515412264,0.5402031067975276
2,mentions,oregon_bin_count_small,geography_bins,record count,20,0.7788310405705119,5.2165261601852464e-05,0.8221136346712147,8.707650217139442e-06,0.7788310405705119,0.8221136346712147,0.0010433052320370493,0.00017415300434278882
2,mentions,oregon_bin_count_share_small,geography_bins,record share,20,0.25827066006625804,0.2715777024613883,0.1969924812030075,0.40515233009814566,0.25827066006625804,0.1969924812030075,0.408826648866606,0.5402031067975276
2,mentions,oregon_bin_count_medium,geography_bins,record count,20,0.6090131245169899,0.004371280034886496,0.6952931350324185,0.0006657988571602386,0.6090131245169899,0.6952931350324185,0.026607791516700414,0.0035850707693243617
2,mentions,oregon_bin_count_share_medium,geography_bins,record share,20,0.3963908338708247,0.08358182192566029,0.38855465750979573,0.09044466466746218,0.3963908338708247,0.38855465750979573,0.18873314628374904,0.1979040432763397
2,mentions,oregon_bin_count_large,geography_bins,record count,20,0.549554060364721,0.012073417958280142,0.6473470441749479,0.002031974847628875,0.549554060364721,0.6473470441749479,0.04568320308538432,0.007688553477514661
2,mentions,oregon_bin_count_share_large,geography_bins,record share,20,0.35817026440604105,0.12099415646531364,0.2902255639097744,0.21449998226074235,0.35817026440604105,0.2902255639097744,0.2476553243290511,0.3707407100802954
2,mentions,oregon_bin_count_mega,geography_bins,record count,20,0.34951613424127753,0.130903528573927,0.3779644730092272,0.10036562194728656,0.34951613424127753,0.3779644730092272,0.2476553243290511,0.1979040432763397
2,mentions,oregon_bin_count_share_mega,geography_bins,record share,20,0.3495161342412775,0.130903528573927,0.3779644730092272,0.10036562194728656,0.3495161342412775,0.3779644730092272,0.2476553243290511,0.1979040432763397
2,first_place_votes,total_amount,scale,dollar amount,20,0.6513692347596437,0.0018638954085252162,0.7533834586466165,0.0001256121573080167,0.6513692347596437,0.7533834586466165,0.032618169649191286,0.001758570202312234
2,first_place_votes,total_record_count,scale,record count,20,0.5246359575394306,0.017553444611237028,0.732330827067669,0.00024121635708852933,0.5246359575394306,0.732330827067669,0.06427852821346515,0.003070026362944919
2,first_place_votes,mean_amount,scale,dollar amount,20,0.18436368011512,0.43650051110847143,0.06766917293233082,0.7768207117441497,0.18436368011512,0.06766917293233082,0.5223083038904787,0.830190073619702
2,first_place_votes,median_amount,scale,dollar amount,20,0.24454635542695058,0.2987537679903795,0.06199311210456454,0.7951418311218662,0.24454635542695058,0.06199311210456454,0.4178552748189815,0.8433322451292521
2,first_place_votes,bin_amount_micro,overall_bins,dollar amount,20,0.45225410200599747,0.04527737034517186,0.6541353383458646,0.0017551954128432118,0.45225410200599747,0.6541353383458646,0.12793462827337426,0.007926688961227408
2,first_place_votes,bin_amount_share_micro,overall_bins,dollar share,20,-0.19483615979610747,0.4104158899519409,-0.12330827067669171,0.604508830626885,0.19483615979610747,0.12330827067669171,0.5040195139760678,0.6981989677586141
2,first_place_votes,bin_count_micro,overall_bins,record count,20,0.3387406352269951,0.14402840471713418,0.6541353383458646,0.0017551954128432118,0.3387406352269951,0.6541353383458646,0.2872775769505342,0.007926688961227408
2,first_place_votes,bin_count_share_micro,overall_bins,record share,20,-0.26629753129407063,0.2564258904563709,-0.18045112781954886,0.4464646102705484,0.26629753129407063,0.18045112781954886,0.38602851616206113,0.5896702399799696
2,first_place_votes,bin_amount_small,overall_bins,dollar amount,20,0.6614763352769976,0.001492157224586502,0.7834586466165413,4.3922273946921195e-05,0.6614763352769976,0.7834586466165413,0.03256726063914951,0.0008599417687391387
2,first_place_votes,bin_amount_share_small,overall_bins,dollar share,20,0.0354235986381551,0.8821340472127073,0.12030075187969923,0.6134176645307824,0.0354235986381551,0.12030075187969923,0.9158306879377915,0.6981989677586141
2,first_place_votes,bin_count_small,overall_bins,record count,20,0.657550564102318,0.0016283630319574756,0.7834586466165413,4.3922273946921195e-05,0.657550564102318,0.7834586466165413,0.03256726063914951,0.0008599417687391387
2,first_place_votes,bin_count_share_small,overall_bins,record share,20,0.22303448459822142,0.34455851352953476,0.1518796992481203,0.5226819111403138,0.22303448459822142,0.1518796992481203,0.45507728202014025,0.6418900663126661
2,first_place_votes,bin_amount_medium,overall_bins,dollar amount,20,0.5811900003543861,0.007198371207479126,0.6995111438648031,0.0005975677027059549,0.5811900003543861,0.6995111438648031,0.05609506842170673,0.003983784684706366
2,first_place_votes,bin_amount_share_medium,overall_bins,dollar share,20,0.26482475166035446,0.2591649128149745,0.23317038128826767,0.3224908396971449,0.26482475166035446,0.23317038128826767,0.38602851616206113,0.4961397533802229
2,first_place_votes,bin_count_medium,overall_bins,record count,20,0.5850736212449191,0.006731763263310995,0.6415669926324534,0.0022955741796196107,0.5850736212449191,0.6415669926324534,0.05609506842170673,0.009397808765462179
2,first_place_votes,bin_count_share_medium,overall_bins,record share,20,0.33904421760184333,0.1436464897705778,0.3008650081138938,0.1974028171005353,0.33904421760184333,0.3008650081138938,0.2872775769505342,0.3370291999277432
2,first_place_votes,bin_amount_large,overall_bins,dollar amount,20,0.5571682260091144,0.010708436781503086,0.706766917293233,0.0004940441153149171,0.5571682260091144,0.706766917293233,0.05609506842170673,0.0038425653413382446
2,first_place_votes,bin_amount_share_large,overall_bins,dollar share,20,-0.055980984401242495,0.8146607492421609,0.018045112781954885,0.9398091995407436,0.055980984401242495,0.018045112781954885,0.8663225388161683,0.9398091995407436
2,first_place_votes,bin_count_large,overall_bins,record count,20,0.5630570069151886,0.009740980008089753,0.7243325070341994,0.0003043788595157704,0.5630570069151886,0.7243325070341994,0.05609506842170673,0.003134034173417956
2,first_place_votes,bin_count_share_large,overall_bins,record share,20,0.11714774134035177,0.6228138072291762,0.12330827067669171,0.604508830626885,0.11714774134035177,0.12330827067669171,0.7088937643258917,0.6981989677586141
2,first_place_votes,bin_amount_mega,overall_bins,dollar amount,20,0.5222230431615668,0.01817530876961651,0.3779644730092272,0.10036562194728656,0.5222230431615668,0.3779644730092272,0.06427852821346515,0.1964463188545537
2,first_place_votes,bin_amount_share_mega,overall_bins,dollar share,20,0.5222230431615668,0.01817530876961651,0.3779644730092272,0.10036562194728656,0.5222230431615668,0.3779644730092272,0.06427852821346515,0.1964463188545537
2,first_place_votes,bin_count_mega,overall_bins,record count,20,0.5222230431615668,0.01817530876961651,0.3779644730092272,0.10036562194728656,0.5222230431615668,0.3779644730092272,0.06427852821346515,0.1964463188545537
2,first_place_votes,bin_count_share_mega,overall_bins,record share,20,0.5222230431615668,0.01817530876961651,0.3779644730092272,0.10036562194728656,0.5222230431615668,0.3779644730092272,0.06427852821346515,0.1964463188545537
2,first_place_votes,cash_amount,cash_in_kind,dollar amount,20,0.6396428519264845,0.002389418791066307,0.7699248120300751,7.183540419814863e-05,0.6396428519264845,0.7699248120300751,0.037168736749920335,0.00111743962086009
2,first_place_votes,cash_amount_share,cash_in_kind,dollar share,20,-0.08360874522341469,0.7260022594325398,-0.11124798438735584,0.6405461327557188,0.08360874522341469,0.11124798438735584,0.7940649712543405,0.717411668686405
2,first_place_votes,cash_count,cash_in_kind,record count,20,0.5424257759184709,0.013475629213604314,0.7233082706766917,0.00031340341734179564,0.5424257759184709,0.7233082706766917,0.06427852821346515,0.003134034173417956
2,first_place_votes,cash_count_share,cash_in_kind,record share,20,-0.09023421307517307,0.7051859838214679,-0.03047889983215228,0.8984986681228464,0.09023421307517307,0.03047889983215228,0.7835399820238532,0.9128777057683352
2,first_place_votes,in_kind_amount,cash_in_kind,dollar amount,20,0.4687616364033706,0.037084824074946676,0.557557034778839,0.010642247672771518,0.4687616364033706,0.557557034778839,0.11046543341473479,0.033109214981955834
2,first_place_votes,in_kind_amount_share,cash_in_kind,dollar share,20,0.48443660343202116,0.030419562965169344,0.5558597530900146,0.010933642645132623,0.48443660343202116,0.5558597530900146,0.0946386403360824,0.03327630370257755
2,first_place_votes,in_kind_count,cash_in_kind,record count,20,0.3489455850307488,0.13157642229777683,0.5379631461367718,0.014418333036019351,0.3489455850307488,0.5379631461367718,0.2809530281110531,0.041195237245769574
2,first_place_votes,in_kind_count_share,cash_in_kind,record share,20,0.37163185945460175,0.10666389407161382,0.5388869362017699,0.01421895784998476,0.37163185945460175,0.5388869362017699,0.24888241950043227,0.041195237245769574
2,first_place_votes,cash_bin_amount_micro,cash_in_kind_bins,dollar amount,20,0.4724043573948147,0.03544314763385431,0.6541353383458646,0.0017551954128432118,0.4724043573948147,0.6541353383458646,0.10787044932042616,0.007926688961227408
2,first_place_votes,cash_bin_amount_share_micro,cash_in_kind_bins,dollar share,20,-0.19809396288643735,0.40247792351082523,-0.13984962406015036,0.5564935505662204,0.19809396288643735,0.13984962406015036,0.498645214969164,0.6658897186262466
2,first_place_votes,cash_bin_count_micro,cash_in_kind_bins,record count,20,0.34820855095810216,0.13244928468092504,0.6360902255639098,0.002571107276428486,0.34820855095810216,0.6360902255639098,0.2809530281110531,0.009472500492104949
2,first_place_votes,cash_bin_count_share_micro,cash_in_kind_bins,record share,20,-0.2787290013190723,0.23403996026852816,-0.2150375939849624,0.362573887024551,0.2787290013190723,0.2150375939849624,0.3723363004272039,0.5458101525100768
2,first_place_votes,cash_bin_amount_small,cash_in_kind_bins,dollar amount,20,0.6612887034144115,0.0014984419512355655,0.7849624060150376,4.1498048299013316e-05,0.6612887034144115,0.7849624060150376,0.03256726063914951,0.0008599417687391387
2,first_place_votes,cash_bin_amount_share_small,cash_in_kind_bins,dollar share,20,0.03146155980218035,0.8952431772583704,0.1894736842105263,0.4236652559268629,0.03146155980218035,0.1894736842105263,0.9158306879377915,0.5799815248304702
2,first_place_votes,cash_bin_count_small,cash_in_kind_bins,record count,20,0.6592693795129398,0.001567497962870425,0.7849624060150376,4.1498048299013316e-05,0.6592693795129398,0.7849624060150376,0.03256726063914951,0.0008599417687391387
2,first_place_votes,cash_bin_count_share_small,cash_in_kind_bins,record share,20,0.23353983632540046,0.32170276354432337,0.1894736842105263,0.4236652559268629,0.23353983632540046,0.1894736842105263,0.4330614124635122,0.5799815248304702
2,first_place_votes,cash_bin_amount_medium,cash_in_kind_bins,dollar amount,20,0.5724630310675847,0.008343956629893123,0.6995111438648031,0.0005975677027059549,0.5724630310675847,0.6995111438648031,0.05609506842170673,0.003983784684706366
2,first_place_votes,cash_bin_amount_share_medium,cash_in_kind_bins,dollar share,20,0.26333837534982324,0.26194792168139863,0.218127130882573,0.35555094782518587,0.26333837534982324,0.218127130882573,0.38602851616206113,0.5410557901687612
2,first_place_votes,cash_bin_count_medium,cash_in_kind_bins,record count,20,0.576196851472613,0.00783686398472221,0.6302717991001919,0.0028934954020674673,0.576196851472613,0.6302717991001919,0.05609506842170673,0.01038690657152424
2,first_place_votes,cash_bin_count_share_medium,cash_in_kind_bins,record share,20,0.3318212996017741,0.15292676916479497,0.2512222817751013,0.2853344731629942,0.3318212996017741,0.2512222817751013,0.2893209146360986,0.4539412073047635
2,first_place_votes,cash_bin_amount_large,cash_in_kind_bins,dollar amount,20,0.571106365762074,0.008534707600951794,0.7157894736842104,0.0003869132784631133,0.571106365762074,0.7157894736842104,0.05609506842170673,0.0033854911865522416
2,first_place_votes,cash_bin_amount_share_large,cash_in_kind_bins,dollar share,20,0.014390142954960078,0.9519854497444022,0.12030075187969923,0.6134176645307824,0.014390142954960078,0.12030075187969923,0.965782340320408,0.6981989677586141
2,first_place_votes,cash_bin_count_large,cash_in_kind_bins,record count,20,0.5696866072277569,0.008738123135863913,0.7163282689985031,0.0003811977339304859,0.5696866072277569,0.7163282689985031,0.05609506842170673,0.0033854911865522416
2,first_place_votes,cash_bin_count_share_large,cash_in_kind_bins,record share,20,0.1347991319521905,0.5709722890258917,0.20150375939849624,0.39426050476127356,0.1347991319521905,0.20150375939849624,0.6552141021608593,0.5632292925161051
2,first_place_votes,in_kind_bin_amount_micro,cash_in_kind_bins,dollar amount,20,0.4632117303407576,0.03969892837767289,0.4112174513347678,0.07166158895986999,0.4632117303407576,0.4112174513347678,0.11578854110154592,0.16446922056363603
2,first_place_votes,in_kind_bin_amount_share_micro,cash_in_kind_bins,dollar share,8,0.11117325426348156,0.7932613360666918,0.0545544725589981,0.8979131383685768,0.11117325426348156,0.0545544725589981,0.8542814388410527,0.9128777057683352
2,first_place_votes,in_kind_bin_count_micro,cash_in_kind_bins,record count,20,0.5127211002523085,0.02079742718177817,0.4140393356054125,0.0695450855061409,0.5127211002523085,0.4140393356054125,0.06771255361509171,0.16227186618099543
2,first_place_votes,in_kind_bin_count_share_micro,cash_in_kind_bins,record share,8,0.579533462655119,0.13216214791316194,0.2886751345948129,0.48805269099201126,0.579533462655119,0.2886751345948129,0.2809530281110531,0.6155619526025368
2,first_place_votes,in_kind_bin_amount_small,cash_in_kind_bins,dollar amount,20,0.39547244545398674,0.08436556969688037,0.5810401496475027,0.007216892533563365,0.39547244545398674,0.5810401496475027,0.2036410303028147,0.023496859411601654
2,first_place_votes,in_kind_bin_amount_share_small,cash_in_kind_bins,dollar share,8,0.4302642514150827,0.28729183991753954,0.5367450401216933,0.17018920126883436,0.4302642514150827,0.5367450401216933,0.41078258323204,0.30546779714918987
2,first_place_votes,in_kind_bin_count_small,cash_in_kind_bins,record count,20,0.33790576504578906,0.14508235951227705,0.5827856697832935,0.0070035510797029875,0.33790576504578906,0.5827856697832935,0.2872775769505342,0.023345170265676625
2,first_place_votes,in_kind_bin_count_share_small,cash_in_kind_bins,record share,8,0.497102409042652,0.21009910221613945,0.5524071931577659,0.15565808384275168,0.497102409042652,0.5524071931577659,0.3501651703602324,0.2830146978959121
2,first_place_votes,in_kind_bin_amount_medium,cash_in_kind_bins,dollar amount,20,0.35287762445576054,0.12698849476497368,0.46758598540393254,0.03762708086438805,0.35287762445576054,0.46758598540393254,0.2809530281110531,0.09755169112989494
2,first_place_votes,in_kind_bin_amount_share_medium,cash_in_kind_bins,dollar share,8,-0.3108502414809528,0.4536133972061743,-0.3592878785739777,0.3820646773649864,0.3108502414809528,0.3592878785739777,0.5381853865158,0.5514335549597742
2,first_place_votes,in_kind_bin_count_medium,cash_in_kind_bins,record count,20,0.3022590961798719,0.1952322178938743,0.4546483346984517,0.04400985127396885,0.3022590961798719,0.4546483346984517,0.3374384012980543,0.11140428575705291
2,first_place_votes,in_kind_bin_count_share_medium,cash_in_kind_bins,record share,8,-0.38340243789330336,0.3484626498658858,-0.31138282809744733,0.4527987574263368,0.38340243789330336,0.31138282809744733,0.45593243907686,0.5924469723335248
2,first_place_votes,in_kind_bin_amount_large,cash_in_kind_bins,dollar amount,20,-0.009176475660300668,0.9693714851705224,0.1888600478200127,0.42519582484104607,0.009176475660300668,0.1888600478200127,0.9763453807472887,0.5799815248304702
2,first_place_votes,in_kind_bin_amount_share_large,cash_in_kind_bins,dollar share,8,-0.5278649279725545,0.17874053721246808,-0.5182674893104818,0.18823582443588815,0.5278649279725545,0.5182674893104818,0.31675538240184214,0.3253458693953622
2,first_place_votes,in_kind_bin_count_large,cash_in_kind_bins,record count,20,0.03602602544904493,0.8801433064688371,0.1888600478200127,0.42519582484104607,0.03602602544904493,0.1888600478200127,0.9158306879377915,0.5799815248304702
2,first_place_votes,in_kind_bin_count_share_large,cash_in_kind_bins,record share,8,-0.49213932536688837,0.21540854240049057,-0.5182674893104818,0.18823582443588815,0.49213932536688837,0.5182674893104818,0.35392624541529494,0.3253458693953622
2,first_place_votes,in_kind_bin_amount_mega,cash_in_kind_bins,dollar amount,20,0.5222230431615668,0.01817530876961651,0.3779644730092272,0.10036562194728656,0.5222230431615668,0.3779644730092272,0.06427852821346515,0.1964463188545537
2,first_place_votes,in_kind_bin_amount_share_mega,cash_in_kind_bins,dollar share,8,0.66959273068047,0.06930621116784677,0.5773502691896258,0.1339745962155612,0.66959273068047,0.5773502691896258,0.17543238614923007,0.25008591293571425
2,first_place_votes,in_kind_bin_count_mega,cash_in_kind_bins,record count,20,0.5222230431615668,0.01817530876961651,0.3779644730092272,0.10036562194728656,0.5222230431615668,0.3779644730092272,0.06427852821346515,0.1964463188545537
2,first_place_votes,in_kind_bin_count_share_mega,cash_in_kind_bins,record share,8,0.66959273068047,0.06930621116784677,0.5773502691896258,0.1339745962155612,0.66959273068047,0.5773502691896258,0.17543238614923007,0.25008591293571425
2,first_place_votes,individual_amount,individual_business,dollar amount,20,0.6336875469568939,0.0027003997502165708,0.7804511278195487,4.913952964223649e-05,0.6336875469568939,0.7804511278195487,0.037805596503031995,0.0008599417687391387
2,first_place_votes,individual_amount_share,individual_business,dollar share,20,0.2654976341981993,0.2579112222190685,0.3413533834586466,0.14076469716030823,0.2654976341981993,0.3413533834586466,0.38602851616206113,0.259303389505831
2,first_place_votes,individual_count,individual_business,record count,20,0.5231673497451625,0.017929876122366538,0.7278195488721804,0.00027529626409060183,0.5231673497451625,0.7278195488721804,0.06427852821346515,0.003134034173417956
2,first_place_votes,individual_count_share,individual_business,record share,20,0.24080632061295504,0.3064369140719456,0.2992481203007519,0.19994045290488688,0.24080632061295504,0.2992481203007519,0.42059968598110187,0.3372489567070381
2,first_place_votes,business_amount,individual_business,dollar amount,20,-0.21568630784449558,0.3610927314581301,0.02591707338188952,0.9136313771938456,0.21568630784449558,0.02591707338188952,0.46808317040868713,0.9202042647995566
2,first_place_votes,business_amount_share,individual_business,dollar share,20,-0.3208898839676853,0.16775110669148693,-0.08534091953002639,0.7205414569966596,0.3208898839676853,0.08534091953002639,0.3050020121663399,0.7759677229194796
2,first_place_votes,business_count,individual_business,record count,20,-0.10066701639492742,0.6728175609792232,0.1339345481167001,0.5734671924803584,0.10066701639492742,0.1339345481167001,0.7535556682967299,0.6803848046377133
2,first_place_votes,business_count_share,individual_business,record share,20,-0.31368773993227533,0.1780398657521527,-0.08686486452163401,0.7157478502048603,0.31368773993227533,0.08686486452163401,0.31675538240184214,0.7759677229194796
2,first_place_votes,individual_bin_amount_micro,individual_business_bins,dollar amount,20,0.4513705533033609,0.04575215505498831,0.6541353383458646,0.0017551954128432118,0.4513705533033609,0.6541353383458646,0.12793462827337426,0.007926688961227408
2,first_place_votes,individual_bin_amount_share_micro,individual_business_bins,dollar share,20,-0.2339238995672334,0.3208847459399479,-0.14887218045112782,0.5310434616086306,0.2339238995672334,0.14887218045112782,0.4330614124635122,0.6461959993667739
2,first_place_votes,individual_bin_count_micro,individual_business_bins,record count,20,0.3374257538295619,0.1456907711677709,0.6360902255639098,0.002571107276428486,0.3374257538295619,0.6360902255639098,0.2872775769505342,0.009472500492104949
2,first_place_votes,individual_bin_count_share_micro,individual_business_bins,record share,20,-0.29518244815196637,0.20641719618397703,-0.21052631578947367,0.3729699095048001,0.29518244815196637,0.21052631578947367,0.34948292080553994,0.5496398666386527
2,first_place_votes,individual_bin_amount_small,individual_business_bins,dollar amount,20,0.6600975831573116,0.0015388591819519254,0.7849624060150376,4.1498048299013316e-05,0.6600975831573116,0.7849624060150376,0.03256726063914951,0.0008599417687391387
2,first_place_votes,individual_bin_amount_share_small,individual_business_bins,dollar share,20,-0.031170961801850194,0.8962057446248388,0.05714285714285714,0.8108800461568324,0.031170961801850194,0.05714285714285714,0.9158306879377915,0.8535579433229815
2,first_place_votes,individual_bin_count_small,individual_business_bins,record count,20,0.6575555673537045,0.0016281830265089023,0.7849624060150376,4.1498048299013316e-05,0.6575555673537045,0.7849624060150376,0.03256726063914951,0.0008599417687391387
2,first_place_votes,individual_bin_count_share_small,individual_business_bins,record share,20,0.22371717422072152,0.3430451711650489,0.16691729323308271,0.4818249184315468,0.22371717422072152,0.16691729323308271,0.45507728202014025,0.6155619526025368
2,first_place_votes,individual_bin_amount_medium,individual_business_bins,dollar amount,20,0.5757448075272732,0.00789688177376453,0.6784505932968306,0.0010079156363575767,0.5757448075272732,0.6784505932968306,0.05609506842170673,0.006414008595002761
2,first_place_votes,individual_bin_amount_share_medium,individual_business_bins,dollar share,20,0.25671311371595396,0.2745812857120467,0.15344115413808584,0.5183652547323608,0.25671311371595396,0.15344115413808584,0.40043104166340143,0.6418900663126661
2,first_place_votes,individual_bin_count_medium,individual_business_bins,record count,20,0.5801113251960913,0.007332566164479308,0.6144585281550258,0.003943669722052632,0.5801113251960913,0.6144585281550258,0.05609506842170673,0.013802844027184211
2,first_place_votes,individual_bin_count_share_medium,individual_business_bins,record share,20,0.3340752360013223,0.1499872728829486,0.27378715738364334,0.24278205740237147,0.3340752360013223,0.27378715738364334,0.2893209146360986,0.39522660507362795
2,first_place_votes,individual_bin_amount_large,individual_business_bins,dollar amount,20,0.5565269470608417,0.010818334624186299,0.6451127819548872,0.002130692970440682,0.5565269470608417,0.6451127819548872,0.05609506842170673,0.009039303510960469
2,first_place_votes,individual_bin_amount_share_large,individual_business_bins,dollar share,20,0.11203010783240319,0.6381843022282242,0.24511278195488717,0.2976005003886619,0.11203010783240319,0.24511278195488717,0.7205306638060596,0.4629341117156963
2,first_place_votes,individual_bin_count_large,individual_business_bins,record count,20,0.5591674763774759,0.010371618146275617,0.7103087037128014,0.0004493222322917816,0.5591674763774759,0.7103087037128014,0.05609506842170673,0.0037003007365205543
2,first_place_votes,individual_bin_count_share_large,individual_business_bins,record share,20,0.2947008865445024,0.20719344590614153,0.2541353383458646,0.2795976355152772,0.2947008865445024,0.2541353383458646,0.34948292080553994,0.4499272295648139
2,first_place_votes,business_bin_amount_micro,individual_business_bins,dollar amount,20,0.2884700497973391,0.2174118364693955,0.4316146763520934,0.057401721336360165,0.2884700497973391,0.4316146763520934,0.35392624541529494,0.1362074743574648
2,first_place_votes,business_bin_amount_share_micro,individual_business_bins,dollar share,14,0.6208653478189666,0.01781281044939679,0.5735994355012178,0.031980730750944444,0.6208653478189666,0.5735994355012178,0.06427852821346515,0.08447740198362684
2,first_place_votes,business_bin_count_micro,individual_business_bins,record count,20,0.2855225728003552,0.22235894338305628,0.4347734011334045,0.05540194010465105,0.2855225728003552,0.4347734011334045,0.3578189893520446,0.13372882094226116
2,first_place_votes,business_bin_count_share_micro,individual_business_bins,record share,14,0.5846878494525878,0.028088110740419316,0.5735994355012178,0.031980730750944444,0.5846878494525878,0.5735994355012178,0.08937126144678874,0.08447740198362684
2,first_place_votes,business_bin_amount_small,individual_business_bins,dollar amount,20,-0.20735060812395065,0.380388180005995,-0.15944048248280662,0.5019383782132509,0.20735060812395065,0.15944048248280662,0.4817945790160298,0.6274229727665637
2,first_place_votes,business_bin_amount_share_small,individual_business_bins,dollar share,14,-0.26177033137906014,0.36597084787788114,-0.5403315432161028,0.04606889680366475,0.26177033137906014,0.5403315432161028,0.47005430002663634,0.11315167635987834
2,first_place_votes,business_bin_count_small,individual_business_bins,record count,20,-0.14701647611624144,0.5362334454595749,-0.1473069415975002,0.5354195423324698,0.14701647611624144,0.1473069415975002,0.6261680113671694,0.6461959993667739
2,first_place_votes,business_bin_count_share_small,individual_business_bins,record share,14,-0.4150568698839092,0.14001038527027806,-0.5434984410194342,0.044561714302821166,0.4150568698839092,0.5434984410194342,0.2872775769505342,0.11140428575705291
2,first_place_votes,business_bin_amount_medium,individual_business_bins,dollar amount,20,-0.055318449332018904,0.8168183937409587,0.20757488701409105,0.3798615769964713,0.055318449332018904,0.20757488701409105,0.8663225388161683,0.5514335549597742
2,first_place_votes,business_bin_amount_share_medium,individual_business_bins,dollar share,14,0.18058029315444069,0.5367154383147166,0.20406902993793327,0.484060650848589,0.18058029315444069,0.20406902993793327,0.6261680113671694,0.6155619526025368
2,first_place_votes,business_bin_count_medium,individual_business_bins,record count,20,-0.0334795922529479,0.8885626699811566,0.21311647361026057,0.3669805672678801,0.0334795922529479,0.21311647361026057,0.9158306879377915,0.546566802313864
2,first_place_votes,business_bin_count_share_medium,individual_business_bins,record share,14,0.23701303686803937,0.4145780751951833,0.20406902993793327,0.484060650848589,0.23701303686803937,0.20406902993793327,0.5047037437158753,0.6155619526025368
2,first_place_votes,business_bin_amount_large,individual_business_bins,dollar amount,20,-0.20666765112268623,0.3819942733627093,-0.12141380305515208,0.6101144255683001,0.20666765112268623,0.12141380305515208,0.4817945790160298,0.6981989677586141
2,first_place_votes,business_bin_amount_share_large,individual_business_bins,dollar share,14,-0.47907878288005656,0.08305326605566728,-0.30110566889001067,0.29550307451111923,0.47907878288005656,0.30110566889001067,0.2036410303028147,0.4629341117156963
2,first_place_votes,business_bin_count_large,individual_business_bins,record count,20,-0.20125395507324131,0.3948593488808288,-0.09213990799188601,0.6992349879221266,0.20125395507324131,0.09213990799188601,0.493574186101036,0.7647882680398259
2,first_place_votes,business_bin_count_share_large,individual_business_bins,record share,14,-0.42821622954177724,0.12662277889075813,-0.3441374703918274,0.2282687335097624,0.42821622954177724,0.3441374703918274,0.2809530281110531,0.3759720316631381
2,first_place_votes,same_district_count,geography,record count,20,0.38453253400866083,0.09412382611844138,0.6646616541353383,0.0013887947848759106,0.38453253400866083,0.6646616541353383,0.22334467214545412,0.007926688961227408
2,first_place_votes,same_district_share,geography,record share,20,-0.2437334405203157,0.3004136519071109,-0.18646616541353384,0.431194910434251,0.2437334405203157,0.18646616541353384,0.4178552748189815,0.5799815248304702
2,first_place_votes,portland_count,geography,record count,20,0.44980145160185975,0.04660475744244348,0.6390977443609022,0.0024165793968331313,0.44980145160185975,0.6390977443609022,0.12793462827337426,0.009397808765462179
2,first_place_votes,portland_share,geography,record share,20,0.072149703121823,0.7624377092936032,0.09774436090225563,0.6818324385070821,0.072149703121823,0.09774436090225563,0.8274517775279415,0.7516263101652874
2,first_place_votes,oregon_count,geography,record count,20,0.5180817323186079,0.019283558464039542,0.7022556390977444,0.0005564352866091828,0.5180817323186079,0.7022556390977444,0.06427852821346515,0.003983784684706366
2,first_place_votes,oregon_share,geography,record share,20,0.08777061337100087,0.7129036263214765,0.030075187969924807,0.8998365956859304,0.08777061337100087,0.030075187969924807,0.7858780132677694,0.9128777057683352
2,first_place_votes,same_district_bin_count_micro,geography_bins,record count,20,0.2501080799174035,0.287547808262428,0.6130124540320586,0.004053692495664704,0.2501080799174035,0.6130124540320586,0.41078258323204,0.013841876814464842
2,first_place_votes,same_district_bin_count_share_micro,geography_bins,record share,20,-0.243225949891697,0.3014527339765509,-0.09924812030075188,0.6771888443218218,0.243225949891697,0.09924812030075188,0.4178552748189815,0.7516263101652874
2,first_place_votes,same_district_bin_count_small,geography_bins,record count,20,0.5202893119666546,0.018686277379928326,0.640090304762309,0.002367314774708086,0.5202893119666546,0.640090304762309,0.06427852821346515,0.009397808765462179
2,first_place_votes,same_district_bin_count_share_small,geography_bins,record share,20,0.13900829340771662,0.5588940739658367,0.04364184832133737,0.8550400166208237,0.13900829340771662,0.04364184832133737,0.64665430045634,0.8933253904993681
2,first_place_votes,same_district_bin_count_medium,geography_bins,record count,20,0.44433189334286405,0.0496724885553159,0.5009440226113311,0.024455628669431802,0.44433189334286405,0.5009440226113311,0.1337336230335428,0.06713309830824417
2,first_place_votes,same_district_bin_count_share_medium,geography_bins,record share,20,0.3083501451982365,0.1859362392298059,0.387186317746491,0.09168426162995057,0.3083501451982365,0.387186317746491,0.32538841865216034,0.1964463188545537
2,first_place_votes,same_district_bin_count_large,geography_bins,record count,20,0.32518042541211156,0.1618196222060312,0.5252867589080024,0.01738866671728301,0.32518042541211156,0.5252867589080024,0.30206329478459154,0.04868826680839243
2,first_place_votes,same_district_bin_count_share_large,geography_bins,record share,20,0.2638359247138728,0.2610142456994744,0.2910868953501923,0.21308073967518673,0.2638359247138728,0.2910868953501923,0.38602851616206113,0.35513456612531125
2,first_place_votes,portland_bin_count_micro,geography_bins,record count,20,0.2656511838629356,0.25762567344670745,0.5458646616541353,0.012783628876204716,0.2656511838629356,0.5458646616541353,0.38602851616206113,0.03807889452486512
2,first_place_votes,portland_bin_count_share_micro,geography_bins,record share,20,-0.18453437370951647,0.4360684903224845,-0.03909774436090225,0.8700037043301221,0.18453437370951647,0.03909774436090225,0.5223083038904787,0.9022260637497562
2,first_place_votes,portland_bin_count_small,geography_bins,record count,20,0.5719466510069832,0.008416146727383111,0.6463288297484454,0.0020764779953993655,0.5719466510069832,0.6463288297484454,0.05609506842170673,0.009039303510960469
2,first_place_votes,portland_bin_count_share_small,geography_bins,record share,20,-0.004454177510124377,0.9851306466481397,-0.11729323308270674,0.622378981763022,0.004454177510124377,0.11729323308270674,0.9851306466481397,0.702685947151799
2,first_place_votes,portland_bin_count_medium,geography_bins,record count,20,0.5622997355698279,0.009861252098449983,0.5578047016907886,0.010600259270799392,0.5622997355698279,0.5578047016907886,0.05609506842170673,0.033109214981955834
2,first_place_votes,portland_bin_count_share_medium,geography_bins,record share,20,0.3330508466699956,0.15131832125574896,0.3772835539763374,0.10102953541091332,0.3330508466699956,0.3772835539763374,0.2893209146360986,0.1964463188545537
2,first_place_votes,portland_bin_count_large,geography_bins,record count,20,0.6045534535998639,0.0047494001382424106,0.657876586988132,0.0016166683207884107,0.6045534535998639,0.657876586988132,0.05540966827949479,0.007926688961227408
2,first_place_votes,portland_bin_count_share_large,geography_bins,record share,20,0.519099279402159,0.019006388347691715,0.3969924812030075,0.08307130670785144,0.519099279402159,0.3969924812030075,0.06427852821346515,0.187580369985471
2,first_place_votes,oregon_bin_count_micro,geography_bins,record count,20,0.32267313325144925,0.16526800436499844,0.6671681554925595,0.0013117527076947526,0.32267313325144925,0.6671681554925595,0.3044410606723656,0.007926688961227408
2,first_place_votes,oregon_bin_count_share_micro,geography_bins,record share,20,-0.35292565884851906,0.12693316077109648,-0.18646616541353384,0.431194910434251,0.35292565884851906,0.18646616541353384,0.2809530281110531,0.5799815248304702
2,first_place_votes,oregon_bin_count_small,geography_bins,record count,20,0.6606184537136532,0.0015210737837264628,0.8010530841032422,2.1955431999101228e-05,0.6606184537136532,0.8010530841032422,0.03256726063914951,0.0008599417687391387
2,first_place_votes,oregon_bin_count_share_small,geography_bins,record share,20,0.2642893169184636,0.260165266211424,0.18496240601503755,0.43498614362285265,0.2642893169184636,0.18496240601503755,0.38602851616206113,0.5799815248304702
2,first_place_votes,oregon_bin_count_medium,geography_bins,record count,20,0.6135497866730165,0.004012517347719032,0.6576282848139777,0.0016255687036447984,0.6135497866730165,0.6576282848139777,0.051068402607333134,0.007926688961227408
2,first_place_votes,oregon_bin_count_share_medium,geography_bins,record share,20,0.42498963351231206,0.061773546481518296,0.3734943994667804,0.10478252704143347,0.42498963351231206,0.3734943994667804,0.163175405800237,0.20095279158631074
2,first_place_votes,oregon_bin_count_large,geography_bins,record count,20,0.5678914216613232,0.009000968056204896,0.6578852518708193,0.0016163584681053167,0.5678914216613232,0.6578852518708193,0.05609506842170673,0.007926688961227408
2,first_place_votes,oregon_bin_count_share_large,geography_bins,record share,20,0.413195578306208,0.07017295445969203,0.3082706766917293,0.18605556077810148,0.413195578306208,0.3082706766917293,0.17543238614923007,0.3253458693953622
2,first_place_votes,oregon_bin_count_mega,geography_bins,record count,20,0.5222230431615668,0.01817530876961651,0.3779644730092272,0.10036562194728656,0.5222230431615668,0.3779644730092272,0.06427852821346515,0.1964463188545537
2,first_place_votes,oregon_bin_count_share_mega,geography_bins,record share,20,0.5222230431615668,0.01817530876961651,0.3779644730092272,0.10036562194728656,0.5222230431615668,0.3779644730092272,0.06427852821346515,0.1964463188545537
3,mentions,total_amount,scale,dollar amount,15,0.9512808889887565,5.157549909711477e-08,0.8714285714285712,2.3236477821632625e-05,0.9512808889887565,0.8714285714285712,3.084554896473196e-06,0.00022643095945175395
3,mentions,total_record_count,scale,record count,15,0.843710616917285,7.706788960977971e-05,0.807142857142857,0.0002752442706954195,0.843710616917285,0.807142857142857,0.0004309975790570072,0.0014794242272454156
3,mentions,mean_amount,scale,dollar amount,15,-0.15807608052519315,0.5736592572391632,-0.175,0.5327481481378592,0.15807608052519315,0.175,0.7532899337483961,0.6857154381972445
3,mentions,median_amount,scale,dollar amount,15,-0.07080484557978965,0.8020077773200214,-0.07165438246611336,0.7996764657714784,0.07080484557978965,0.07165438246611336,0.8835678902678201,0.8735961390780858
3,mentions,bin_amount_micro,overall_bins,dollar amount,15,0.7919717961524336,0.00043294601482213345,0.8035714285714284,0.0003072650318125094,0.7919717961524336,0.8035714285714284,0.00149144738298917,0.0014794242272454156
3,mentions,bin_amount_share_micro,overall_bins,dollar share,15,0.06729010419657956,0.8116692650125584,0.14285714285714282,0.6115222287644656,0.06729010419657956,0.14285714285714282,0.8861532344286338,0.7429709321437433
3,mentions,bin_count_micro,overall_bins,record count,15,0.771805237271421,0.0007495433019145774,0.7571428571428571,0.0010811081941858348,0.771805237271421,0.7571428571428571,0.002228998940983421,0.004258911068004804
3,mentions,bin_count_share_micro,overall_bins,record share,15,-0.005217648180439977,0.9852761557100533,-0.028571428571428564,0.9194899083821858,0.005217648180439977,0.028571428571428564,0.9852761557100533,0.963981355561969
3,mentions,bin_amount_small,overall_bins,dollar amount,15,0.9412270344881746,1.7038008014367947e-07,0.8821428571428571,1.3558210624788728e-05,0.9412270344881746,0.8821428571428571,4.089923561203332e-06,0.0002203209226528168
3,mentions,bin_amount_share_small,overall_bins,dollar share,15,0.4909470832527832,0.06312563177392291,0.6,0.018050087941499985,0.4909470832527832,0.6,0.16090847314921528,0.0426638442253636
3,mentions,bin_count_small,overall_bins,record count,15,0.9208835200250373,1.1190532481461945e-06,0.8714285714285712,2.3236477821632625e-05,0.9208835200250373,0.8714285714285712,1.552110620680699e-05,0.00022643095945175395
3,mentions,bin_count_share_small,overall_bins,record share,15,0.18188076504689213,0.5164962224535262,0.24642857142857136,0.375950515973805,0.18188076504689213,0.24642857142857136,0.714303286371898,0.5491412031078051
3,mentions,bin_amount_medium,overall_bins,dollar amount,15,0.8645017331077656,3.2117098226791654e-05,0.9214285714285713,1.0713172981620745e-06,0.8645017331077656,0.9214285714285713,0.0002456013393813479,4.642374958702323e-05
3,mentions,bin_amount_share_medium,overall_bins,dollar share,15,-0.08199814845511025,0.7714220424811197,0.35,0.20094535081629333,0.08199814845511025,0.35,0.8645247027805651,0.38164334342378864
3,mentions,bin_count_medium,overall_bins,record count,15,0.8813772892819016,1.4113953581686624e-05,0.9408662585866083,1.7713804360494937e-07,0.8813772892819016,0.9408662585866083,0.00014113953581686622,2.3027945668643418e-05
3,mentions,bin_count_share_medium,overall_bins,record share,15,-0.1305582179060889,0.6428079752411898,0.12142857142857141,0.6664011137233892,0.1305582179060889,0.12142857142857141,0.7809816521621933,0.7735012927146481
3,mentions,bin_amount_large,overall_bins,dollar amount,15,0.8036390850686621,0.00030663135169362477,0.7184989464210632,0.0025476141035928644,0.8036390850686621,0.7184989464210632,0.0011389164491477492,0.007885472225406484
3,mentions,bin_amount_share_large,overall_bins,dollar share,15,-0.19087658881145195,0.49559609886935657,-0.1537087298313717,0.5844243269545992,0.19087658881145195,0.1537087298313717,0.7079944269562237,0.7235729762295038
3,mentions,bin_count_large,overall_bins,record count,15,0.8060236462271738,0.0002849701213442085,0.68990197342918,0.004423759537356924,0.8060236462271738,0.68990197342918,0.0010895916404337384,0.012235930635242556
3,mentions,bin_count_share_large,overall_bins,record share,15,-0.17591445897874708,0.5305752352626881,-0.10366402709557626,0.7131333740954289,0.17591445897874708,0.10366402709557626,0.7254280225256454,0.8132222687053137
3,mentions,cash_amount,cash_in_kind,dollar amount,15,0.950536500887583,5.681503224344786e-08,0.8714285714285712,2.3236477821632625e-05,0.950536500887583,0.8714285714285712,3.084554896473196e-06,0.00022643095945175395
3,mentions,cash_amount_share,cash_in_kind,dollar share,15,0.10970592479868578,0.6971233322614749,-0.2157805007172703,0.43988958298285363,0.10970592479868578,0.2157805007172703,0.8272366793769907,0.595683810289281
3,mentions,cash_count,cash_in_kind,record count,15,0.8433411299805141,7.818648735041347e-05,0.807142857142857,0.0002752442706954195,0.8433411299805141,0.807142857142857,0.0004309975790570072,0.0014794242272454156
3,mentions,cash_count_share,cash_in_kind,record share,15,0.16737815836156641,0.5510111843340704,-0.1678292783356547,0.5499227532641369,0.16737815836156641,0.1678292783356547,0.7309332037084607,0.6940772614013379
3,mentions,in_kind_amount,cash_in_kind,dollar amount,15,0.21201440395081894,0.4481043360437344,0.7453862417234767,0.0014250739406719407,0.21201440395081894,0.7453862417234767,0.6695811917894883,0.005007016548306819
3,mentions,in_kind_amount_share,cash_in_kind,dollar share,15,0.07161129073719677,0.7997946811094429,0.7494153565436036,0.00129848709931725,0.07161129073719677,0.7494153565436036,0.8835678902678201,0.004688981191978958
3,mentions,in_kind_count,cash_in_kind,record count,15,0.4362269167762276,0.10403958975700647,0.764386373389122,0.0009050338048537157,0.4362269167762276,0.764386373389122,0.2292397740408617,0.003921813154366101
3,mentions,in_kind_count_share,cash_in_kind,record share,15,0.1490853471471399,0.5959095011841131,0.7494153565436036,0.00129848709931725,0.1490853471471399,0.7494153565436036,0.7619675455289728,0.004688981191978958
3,mentions,cash_bin_amount_micro,cash_in_kind_bins,dollar amount,15,0.7917293745151527,0.00043596154271991123,0.8035714285714284,0.0003072650318125094,0.7917293745151527,0.8035714285714284,0.00149144738298917,0.0014794242272454156
3,mentions,cash_bin_amount_share_micro,cash_in_kind_bins,dollar share,15,0.05664391834991414,0.8410830247312125,0.12142857142857141,0.6664011137233892,0.05664391834991414,0.12142857142857141,0.8962360099594888,0.7735012927146481
3,mentions,cash_bin_count_micro,cash_in_kind_bins,record count,15,0.7715538354049669,0.0007544304107943887,0.7571428571428571,0.0010811081941858348,0.7715538354049669,0.7571428571428571,0.002228998940983421,0.004258911068004804
3,mentions,cash_bin_count_share_micro,cash_in_kind_bins,record share,15,-0.009858397985809182,0.9721838469031896,-0.021428571428571425,0.9395779040128779,0.009858397985809182,0.021428571428571425,0.9852761557100533,0.9694057739815407
3,mentions,cash_bin_amount_small,cash_in_kind_bins,dollar amount,15,0.9412318026167631,1.7029223480009607e-07,0.8821428571428571,1.3558210624788728e-05,0.9412318026167631,0.8821428571428571,4.089923561203332e-06,0.0002203209226528168
3,mentions,cash_bin_amount_share_small,cash_in_kind_bins,dollar share,15,0.4729946703658343,0.07496697663895988,0.5392857142857141,0.03802165626355804,0.4729946703658343,0.5392857142857141,0.18047605487157006,0.08826455918325972
3,mentions,cash_bin_count_small,cash_in_kind_bins,record count,15,0.9213090493031713,1.081636546057113e-06,0.8704203654404422,2.4384872556342733e-05,0.9213090493031713,0.8704203654404422,1.552110620680699e-05,0.00022643095945175395
3,mentions,cash_bin_count_share_small,cash_in_kind_bins,record share,15,0.19207634893839742,0.49283906523725574,0.2821428571428571,0.3082844568200555,0.19207634893839742,0.2821428571428571,0.7079944269562237,0.48285517333261707
3,mentions,cash_bin_amount_medium,cash_in_kind_bins,dollar amount,15,0.8581483099097613,4.25729919479123e-05,0.8918680951843545,7.936448023309024e-06,0.8581483099097613,0.8918680951843545,0.0003074716085126999,0.00017195637383836217
3,mentions,cash_bin_amount_share_medium,cash_in_kind_bins,dollar share,15,-0.08924286843475729,0.7517882265383484,0.3107142857142856,0.2596673973372183,0.08924286843475729,0.3107142857142856,0.8573023635963622,0.43497345800729015
3,mentions,cash_bin_count_medium,cash_in_kind_bins,record count,15,0.8728974928537154,2.1643840468116062e-05,0.923648097104595,8.941227436067852e-07,0.8728974928537154,0.923648097104595,0.00020097851863250628,4.642374958702323e-05
3,mentions,cash_bin_count_share_medium,cash_in_kind_bins,record share,15,-0.1327573775259145,0.6371708564421069,0.13214285714285715,0.6387442188840663,0.1327573775259145,0.13214285714285715,0.7809816521621933,0.7618050316965929
3,mentions,cash_bin_amount_large,cash_in_kind_bins,dollar amount,15,0.8115081540363354,0.0002398681725443683,0.6934765950531654,0.004142547272806575,0.8115081540363354,0.6934765950531654,0.001064777001864127,0.011707198814453363
3,mentions,cash_bin_amount_share_large,cash_in_kind_bins,dollar share,15,-0.17142492520840913,0.5412809091152893,-0.11796251359151783,0.6754362035093059,0.17142492520840913,0.11796251359151783,0.7254280225256454,0.7770504996124757
3,mentions,cash_bin_count_large,cash_in_kind_bins,record count,15,0.8103461597994476,0.0002488984398513289,0.6875584332462088,0.004616197258826786,0.8103461597994476,0.6875584332462088,0.001064777001864127,0.012502200909322546
3,mentions,cash_bin_count_share_large,cash_in_kind_bins,record share,15,-0.17264928837746746,0.5383519357206329,-0.05719394598376622,0.83955826497189,0.17264928837746746,0.05719394598376622,0.7254280225256454,0.8947621552164333
3,mentions,in_kind_bin_amount_micro,cash_in_kind_bins,dollar amount,15,0.047049678958921044,0.8677596724023772,0.26561990862896234,0.33865068640540064,0.047049678958921044,0.26561990862896234,0.9097480436476534,0.5119138282872335
3,mentions,in_kind_bin_count_micro,cash_in_kind_bins,record count,15,0.09801891383958611,0.7281932266302998,0.26561990862896234,0.33865068640540064,0.09801891383958611,0.26561990862896234,0.8452242809101694,0.5119138282872335
3,mentions,in_kind_bin_amount_small,cash_in_kind_bins,dollar amount,15,0.5225346410492233,0.0456765487212802,0.6484959647329074,0.008920707783270924,0.5225346410492233,0.6484959647329074,0.11875902667532852,0.02273905905539647
3,mentions,in_kind_bin_count_small,cash_in_kind_bins,record count,15,0.5499719797900945,0.033666261804521994,0.6629337054205529,0.00706734854342945,0.5499719797900945,0.6629337054205529,0.09117945905391373,0.01875010838052711
3,mentions,in_kind_bin_amount_medium,cash_in_kind_bins,dollar amount,15,0.3391527450174061,0.21622049171578983,0.4493071946470774,0.09292183280273214,0.3391527450174061,0.4493071946470774,0.4015523417578954,0.19483610103798674
3,mentions,in_kind_bin_count_medium,cash_in_kind_bins,record count,15,0.3925830010318694,0.14777457226417692,0.4603595618824925,0.08420319689807576,0.3925830010318694,0.4603595618824925,0.3049316570530635,0.18502962449485144
3,mentions,in_kind_bin_amount_large,cash_in_kind_bins,dollar amount,15,0.05181793569250972,0.8544833106623615,0.2233621958925365,0.4235853573418938,0.05181793569250972,0.2233621958925365,0.9031124421634715,0.5796431205731178
3,mentions,in_kind_bin_count_large,cash_in_kind_bins,record count,15,0.08278906628784208,0.769272092184316,0.2233621958925365,0.4235853573418938,0.08278906628784208,0.2233621958925365,0.8645247027805651,0.5796431205731178
3,mentions,individual_amount,individual_business,dollar amount,15,0.9487567502813095,7.118203607245838e-08,0.8607142857142854,3.80552502266478e-05,0.9487567502813095,0.8607142857142854,3.084554896473196e-06,0.00032335193490381576
3,mentions,individual_amount_share,individual_business,dollar share,15,0.2382938069611164,0.3924060674154169,-0.17889494503910444,0.5235206767480284,0.2382938069611164,0.17889494503910444,0.6072951043333833,0.6805768797724369
3,mentions,individual_count,individual_business,record count,15,0.8428905152336013,7.956878382590903e-05,0.807142857142857,0.0002752442706954195,0.8428905152336013,0.807142857142857,0.0004309975790570072,0.0014794242272454156
3,mentions,individual_count_share,individual_business,record share,15,0.2511867512424208,0.36650199409219747,-0.17151783390347128,0.5410584039757081,0.2511867512424208,0.17151783390347128,0.5810397467315326,0.6895842403611967
3,mentions,business_amount,individual_business,dollar amount,15,-0.1043292833672042,0.7113649654327312,0.1510765688379927,0.5909519190030615,0.1043292833672042,0.1510765688379927,0.8331301396959915,0.7247523534943208
3,mentions,business_amount_share,individual_business,dollar share,15,-0.32905421748734787,0.23108356377629288,0.015495032701332581,0.956291142899859,0.32905421748734787,0.015495032701332581,0.4172342123738621,0.9712331920076692
3,mentions,business_count,individual_business,record count,15,0.22519489293870942,0.419691485591237,0.2572568321624045,0.35463961530917515,0.22519489293870942,0.2572568321624045,0.6418810956101272,0.523899431706736
3,mentions,business_count_share,individual_business,record share,15,-0.2855318525092506,0.3022587534636061,0.0,1.0,0.2855318525092506,0.0,0.5037645891060102,1.0
3,mentions,individual_bin_amount_micro,individual_business_bins,dollar amount,15,0.7917799678071535,0.00043533079304659724,0.8035714285714284,0.0003072650318125094,0.7917799678071535,0.8035714285714284,0.00149144738298917,0.0014794242272454156
3,mentions,individual_bin_amount_share_micro,individual_business_bins,dollar share,15,-0.014500915579888331,0.9590931427148162,-0.007142857142857141,0.9798442277615982,0.014500915579888331,0.007142857142857141,0.9852761557100533,0.9874399194496726
3,mentions,individual_bin_count_micro,individual_business_bins,record count,15,0.7716040320310994,0.0007534525561946976,0.7571428571428571,0.0010811081941858348,0.7716040320310994,0.7571428571428571,0.002228998940983421,0.004258911068004804
3,mentions,individual_bin_count_share_micro,individual_business_bins,record share,15,-0.05932255774028836,0.8336624634101202,-0.05714285714285713,0.8396998687415759,0.05932255774028836,0.05714285714285713,0.8956704152340134,0.8947621552164333
3,mentions,individual_bin_amount_small,individual_business_bins,dollar amount,15,0.9402716926347341,1.8876570282476915e-07,0.8749999999999999,1.9522613815941116e-05,0.9402716926347341,0.8749999999999999,4.089923561203332e-06,0.00022643095945175395
3,mentions,individual_bin_amount_share_small,individual_business_bins,dollar share,15,0.26661119270806954,0.3367829231819366,0.33571428571428563,0.22121153763932597,0.26661119270806954,0.33571428571428563,0.547272250170647,0.4050352097621462
3,mentions,individual_bin_count_small,individual_business_bins,record count,15,0.9200665122678227,1.193931246677461e-06,0.859696500568486,3.9797161218931175e-05,0.9200665122678227,0.859696500568486,1.552110620680699e-05,0.00032335193490381576
3,mentions,individual_bin_count_share_small,individual_business_bins,record share,15,0.1933474036665837,0.4899261038914366,0.2821428571428571,0.3082844568200555,0.1933474036665837,0.2821428571428571,0.7079944269562237,0.48285517333261707
3,mentions,individual_bin_amount_medium,individual_business_bins,dollar amount,15,0.8504894094366915,5.877145864980258e-05,0.8918680951843545,7.936448023309024e-06,0.8504894094366915,0.8918680951843545,0.00036766357840810663,0.00017195637383836217
3,mentions,individual_bin_amount_share_medium,individual_business_bins,dollar share,15,-0.14830717061719986,0.5978514587996556,0.125,0.6571356681869506,0.14830717061719986,0.125,0.7619675455289728,0.7735012927146481
3,mentions,individual_bin_count_medium,individual_business_bins,record count,15,0.8666367737780596,2.9122953258136364e-05,0.9092722512352627,2.6484363873056424e-06,0.8666367737780596,0.9092722512352627,0.00023662399522235794,8.607418258743338e-05
3,mentions,individual_bin_count_share_medium,individual_business_bins,record share,15,-0.14020989635629744,0.6182060893245319,0.04285714285714285,0.8794603130258999,0.14020989635629744,0.04285714285714285,0.7699996213768694,0.929510899946073
3,mentions,individual_bin_amount_large,individual_business_bins,dollar amount,15,0.8062078375327433,0.00028335046741913777,0.7526930068692866,0.0012023464058633698,0.8062078375327433,0.7526930068692866,0.0010895916404337384,0.004597206845948178
3,mentions,individual_bin_amount_share_large,individual_business_bins,dollar share,15,0.00611859985817334,0.9827340553355508,0.19713388275147983,0.48129692675708097,0.00611859985817334,0.19713388275147983,0.9852761557100533,0.6320060654385912
3,mentions,individual_bin_count_large,individual_business_bins,record count,15,0.8069475509302404,0.00027692160554867215,0.7677207235675674,0.000832204823942769,0.8069475509302404,0.7677207235675674,0.0010895916404337384,0.003730573348708964
3,mentions,individual_bin_count_share_large,individual_business_bins,record share,15,0.03758026920446934,0.8942198420164273,0.225807902060786,0.41839318735454784,0.03758026920446934,0.225807902060786,0.9299886356970845,0.5796431205731178
3,mentions,business_bin_amount_micro,individual_business_bins,dollar amount,15,0.32274043383112383,0.24069207516034835,0.37851786199227166,0.1641553966278561,0.32274043383112383,0.37851786199227166,0.42283742933574714,0.32333638729729236
3,mentions,business_bin_count_micro,individual_business_bins,record count,15,0.32275108680958725,0.24067565816189454,0.38575837490522974,0.1555794972145472,0.32275108680958725,0.38575837490522974,0.42283742933574714,0.3111589944290944
3,mentions,business_bin_amount_small,individual_business_bins,dollar amount,15,0.1828189632265993,0.5142979226790645,0.08935086257186199,0.7514965877767993,0.1828189632265993,0.08935086257186199,0.714303286371898,0.8495178818346427
3,mentions,business_bin_count_small,individual_business_bins,record count,15,0.1387426167544438,0.6219227711120868,0.06649638116080447,0.8138546331555769,0.1387426167544438,0.06649638116080447,0.7699996213768694,0.8816758525852083
3,mentions,business_bin_amount_medium,individual_business_bins,dollar amount,15,0.4677883706533392,0.07868011909557314,0.45879802399548036,0.08539828822839297,0.4677883706533392,0.45879802399548036,0.1859711905895365,0.18502962449485144
3,mentions,business_bin_count_medium,individual_business_bins,record count,15,0.4615845105116484,0.08327406126666616,0.45392064950160177,0.08920855172387983,0.4615845105116484,0.45392064950160177,0.18992329762572985,0.19011658564105538
3,mentions,business_bin_amount_large,individual_business_bins,dollar amount,15,-0.3082480277580912,0.26366793044511205,-0.2595830925237586,0.35015075622644126,0.3082480277580912,0.2595830925237586,0.4510109336561127,0.5232137736716939
3,mentions,business_bin_count_large,individual_business_bins,record count,15,-0.3183999876306082,0.24743869205801072,-0.2723523897009611,0.32608043324687735,0.3183999876306082,0.2723523897009611,0.42889373290055194,0.5046482895487387
3,mentions,same_district_count,geography,record count,15,0.7805152630507177,0.0005954180651352338,0.7167116356090705,0.002641926544077507,0.7805152630507177,0.7167116356090705,0.0018879109382336683,0.00796666632681188
3,mentions,same_district_share,geography,record share,14,0.497456745287547,0.070302667819348,0.4153846153846154,0.13966594751752584,0.497456745287547,0.4153846153846154,0.17244050597198568,0.2851009415698329
3,mentions,portland_count,geography,record count,15,0.8386730003587568,9.351152017929014e-05,0.7249999999999999,0.0022270323137542148,0.8386730003587568,0.7249999999999999,0.0004862599049323087,0.007061321970440193
3,mentions,portland_share,geography,record share,14,0.4458343506063102,0.11009246780338888,0.3318681318681319,0.24637718314961166,0.4458343506063102,0.3318681318681319,0.2385336802406759,0.43497345800729015
3,mentions,oregon_count,geography,record count,15,0.8502327177971283,5.9391808819771075e-05,0.8178571428571428,0.00019513654706319864,0.8502327177971283,0.8178571428571428,0.00036766357840810663,0.0013351447956955695
3,mentions,oregon_share,geography,record share,15,0.38456924392562847,0.15696699103143996,0.33571428571428563,0.22121153763932597,0.38456924392562847,0.33571428571428563,0.3188392005326124,0.4050352097621462
3,mentions,same_district_bin_count_micro,geography_bins,record count,15,0.7518238900859197,0.0012272598367800034,0.7417339869769681,0.0015482462424173604,0.7518238900859197,0.7417339869769681,0.0035454173062533434,0.005296631881954127
3,mentions,same_district_bin_count_share_micro,geography_bins,record share,13,0.01326485999017396,0.9656941969610701,0.09078412990032038,0.7680289453599953,0.01326485999017396,0.09078412990032038,0.9852761557100533,0.8527752153519947
3,mentions,same_district_bin_count_small,geography_bins,record count,15,0.8336494460653168,0.00011268553026977416,0.7157022633258397,0.0026964101413824828,0.8336494460653168,0.7157022633258397,0.0005634276513488708,0.00796666632681188
3,mentions,same_district_bin_count_share_small,geography_bins,record share,13,0.07089087115082715,0.8179876010110466,0.093535164139724,0.7611803011128879,0.07089087115082715,0.093535164139724,0.8861532344286338,0.8527752153519947
3,mentions,same_district_bin_count_medium,geography_bins,record count,15,0.8869783033266915,1.0451658744329022e-05,0.8377265152098948,9.690182967552513e-05,0.8869783033266915,0.8377265152098948,0.0001132263030635644,0.0006998465476565703
3,mentions,same_district_bin_count_share_medium,geography_bins,record share,13,0.7272627101156188,0.0048469793320900095,0.8457345186174925,0.0002697953454712268,0.7272627101156188,0.8457345186174925,0.013697985068950026,0.0014794242272454156
3,mentions,same_district_bin_count_large,geography_bins,record count,15,0.8307815980107285,0.00012500899266186362,0.6337956616501705,0.011178263614314714,0.8307815980107285,0.6337956616501705,0.0006018951498534174,0.027418382450205905
3,mentions,same_district_bin_count_share_large,geography_bins,record share,13,-0.30318847723103026,0.31394530596216136,-0.17271870243471962,0.5725723576402046,0.30318847723103026,0.17271870243471962,0.5166188579124175,0.7157154470502558
3,mentions,portland_bin_count_micro,geography_bins,record count,15,0.7831973068475788,0.000553541890871359,0.7285714285714285,0.0020652097446907935,0.7831973068475788,0.7285714285714285,0.0018406935365757693,0.006711931670245079
3,mentions,portland_bin_count_share_micro,geography_bins,record share,14,-0.3599191348533537,0.20622110194327836,-0.24835164835164836,0.3919195389384575,0.3599191348533537,0.24835164835164836,0.39424622430332623,0.5661060006888831
3,mentions,portland_bin_count_small,geography_bins,record count,15,0.9097072884108074,2.5697343145014027e-06,0.7316648558879439,0.001932800645084999,0.9097072884108074,0.7316648558879439,3.0369587353198393e-05,0.006442668816949997
3,mentions,portland_bin_count_share_small,geography_bins,record share,14,0.38569260267580363,0.1732022217345173,0.3626373626373627,0.20256454381724168,0.38569260267580363,0.3626373626373627,0.3464044434690346,0.38164334342378864
3,mentions,portland_bin_count_medium,geography_bins,record count,15,0.8097163147658151,0.0002539083619829841,0.8038048213816277,0.0003050835573197582,0.8097163147658151,0.8038048213816277,0.001064777001864127,0.0014794242272454156
3,mentions,portland_bin_count_share_medium,geography_bins,record share,14,0.5668934221392007,0.03452128605941592,0.6501111623379521,0.011835618137498446,0.5668934221392007,0.6501111623379521,0.09158708546375653,0.02849315477545922
3,mentions,portland_bin_count_large,geography_bins,record count,15,0.8528667643443775,5.327611555547175e-05,0.6443690853746868,0.00951474138744398,0.8528667643443775,0.6443690853746868,0.00036452079064270144,0.02378685346860995
3,mentions,portland_bin_count_share_large,geography_bins,record share,14,-0.21337659683225896,0.4638957618068217,-0.1458585797089951,0.6188045497278668,0.21337659683225896,0.1458585797089951,0.6853005572146229,0.7448573283761359
3,mentions,oregon_bin_count_micro,geography_bins,record count,15,0.7823588298884824,0.0005663672420233136,0.7857142857142856,0.0005164547475705883,0.7823588298884824,0.7857142857142856,0.0018406935365757693,0.0023978256137205884
3,mentions,oregon_bin_count_share_micro,geography_bins,record share,15,-0.23879702627129143,0.3913771439959168,-0.28571428571428564,0.3019363513225493,0.23879702627129143,0.28571428571428564,0.6072951043333833,0.48285517333261707
3,mentions,oregon_bin_count_small,geography_bins,record count,15,0.9315533162879663,4.4800506669205884e-07,0.8471853248845371,6.717919780147617e-05,0.9315533162879663,0.8471853248845371,8.320094095709663e-06,0.000513723277305406
3,mentions,oregon_bin_count_share_small,geography_bins,record share,15,0.22181481359119998,0.4268874360621503,0.3321428571428571,0.22647175907072442,0.22181481359119998,0.3321428571428571,0.645294961489297,0.40890734276658575
3,mentions,oregon_bin_count_medium,geography_bins,record count,15,0.8686234646349498,2.6548277417215363e-05,0.8773077715172404,1.7395838452760538e-05,0.8686234646349498,0.8773077715172404,0.0002300850709491998,0.00022643095945175395
3,mentions,oregon_bin_count_share_medium,geography_bins,record share,15,0.6143453792836768,0.014821524555934967,0.7117405955294915,0.002919001941378055,0.6143453792836768,0.7117405955294915,0.04099570621854353,0.00843267227509216
3,mentions,oregon_bin_count_large,geography_bins,record count,15,0.8111716448077897,0.00024245523099151298,0.6553057347394917,0.008004340822778427,0.8111716448077897,0.6553057347394917,0.001064777001864127,0.02081128613922391
3,mentions,oregon_bin_count_share_large,geography_bins,record share,15,-0.11820400922841212,0.6748053378315225,0.021447729743912333,0.939523974391821,0.11820400922841212,0.021447729743912333,0.8122656844268327,0.9694057739815407
3,first_place_votes,total_amount,scale,dollar amount,15,0.9331213808810654,3.868365394437199e-07,0.7607142857142856,0.000991128611982373,0.9331213808810654,0.7607142857142856,8.38145835461393e-06,0.0061609682202743285
3,first_place_votes,total_record_count,scale,record count,15,0.8314810555379242,0.00012190577187641262,0.6785714285714285,0.005416550219591711,0.8314810555379242,0.6785714285714285,0.0006890326236492887,0.023471717618230747
3,first_place_votes,mean_amount,scale,dollar amount,15,-0.13638989286262226,0.6279000230801833,0.039285714285714285,0.8894459296739485,0.13638989286262226,0.039285714285714285,0.7924951747613965,0.903343522325104
3,first_place_votes,median_amount,scale,dollar amount,15,-0.05013593532386792,0.8591625835608104,0.19842752067539082,0.47836557516861256,0.05013593532386792,0.19842752067539082,0.9155011136303718,0.6411085028032951
3,first_place_votes,bin_amount_micro,overall_bins,dollar amount,15,0.7827218616372684,0.0005607849450022652,0.6357142857142856,0.010860746168789804,0.7827218616372684,0.6357142857142856,0.002437860648639804,0.0379489254169444
3,first_place_votes,bin_amount_share_micro,overall_bins,dollar share,15,0.055467092219685724,0.8443471194247175,-0.05357142857142857,0.8496099367776072,0.055467092219685724,0.05357142857142857,0.9104720078272581,0.8765816808022932
3,first_place_votes,bin_count_micro,overall_bins,record count,15,0.7603661143359621,0.0009996242090154444,0.6,0.018050087941499985,0.7603661143359621,0.6,0.0034315523018040605,0.051011118095543435
3,first_place_votes,bin_count_share_micro,overall_bins,record share,15,-0.03370898026117096,0.9050686986353575,-0.2785714285714285,0.3147094732307908,0.03370898026117096,0.2785714285714285,0.924646353063284,0.4929184520482266
3,first_place_votes,bin_amount_small,overall_bins,dollar amount,15,0.9423769232769758,1.50265615983654e-07,0.7964285714285713,0.00038046767853463365,0.9423769232769758,0.7964285714285713,6.1146518635590465e-06,0.004673267561781764
3,first_place_votes,bin_amount_share_small,overall_bins,dollar share,15,0.5065980900361476,0.0539639132580762,0.6678571428571428,0.006509956694715443,0.5065980900361476,0.6678571428571428,0.14615226507395637,0.027299818397193792
3,first_place_votes,bin_count_small,overall_bins,record count,15,0.9114776214353579,2.2692919317631387e-06,0.7928571428571427,0.0004220771851923509,0.9114776214353579,0.7928571428571427,2.681890464810982e-05,0.004673267561781764
3,first_place_votes,bin_count_share_small,overall_bins,record share,15,0.19794860445764245,0.47944978639000785,0.4678571428571427,0.07863023115438064,0.19794860445764245,0.4678571428571427,0.7003199127045059,0.15726046230876128
3,first_place_votes,bin_amount_medium,overall_bins,dollar amount,15,0.865701798322269,3.0404321708473184e-05,0.8714285714285712,2.3236477821632625e-05,0.865701798322269,0.8714285714285712,0.00022860232032340138,0.0005749536681205504
3,first_place_votes,bin_amount_share_medium,overall_bins,dollar share,15,-0.031801151981967195,0.9104210245546182,0.5214285714285714,0.04621923447857305,0.031801151981967195,0.5214285714285714,0.924646353063284,0.10183899122397451
3,first_place_votes,bin_count_medium,overall_bins,record count,15,0.8791154271009554,1.5867587507043146e-05,0.8888945985884908,9.396962192063461e-06,0.8791154271009554,0.8888945985884908,0.00014729238483058972,0.0005749536681205504
3,first_place_votes,bin_count_share_medium,overall_bins,record share,15,-0.08506793969127882,0.7630861997401811,0.33928571428571425,0.2160289253419548,0.08506793969127882,0.33928571428571425,0.8755067760405779,0.37445013725938836
3,first_place_votes,bin_amount_large,overall_bins,dollar amount,15,0.7301704068504571,0.0019958887015550067,0.7131370139850851,0.0028389283002382614,0.7301704068504571,0.7131370139850851,0.005896943890957974,0.016046116479607565
3,first_place_votes,bin_amount_share_large,overall_bins,dollar share,15,-0.22718053272846106,0.41549363150659374,-0.1304736892754667,0.6430250116799006,0.22718053272846106,0.1304736892754667,0.6751771511982148,0.7886155803621422
3,first_place_votes,bin_count_large,overall_bins,record count,15,0.7474781677279574,0.0013581645975055743,0.6952639058651582,0.004007371478435613,0.7474781677279574,0.6952639058651582,0.004203842801802968,0.020951164801490698
3,first_place_votes,bin_count_share_large,overall_bins,record share,15,-0.1765429432317626,0.5290841454534496,-0.04468277029981736,0.8743623219190315,0.1765429432317626,0.04468277029981736,0.7317121160526431,0.8950165499958591
3,first_place_votes,cash_amount,cash_in_kind,dollar amount,15,0.9381681906327213,2.351789178291941e-07,0.7607142857142856,0.000991128611982373,0.9381681906327213,0.7607142857142856,6.1146518635590465e-06,0.0061609682202743285
3,first_place_votes,cash_amount_share,cash_in_kind,dollar share,15,0.24239467511730278,0.38406316441389854,-0.13647655600921374,0.6276794656402881,0.24239467511730278,0.13647655600921374,0.6320026756178078,0.7771269574594043
3,first_place_votes,cash_count,cash_in_kind,record count,15,0.8321998252962531,0.0001187831821140077,0.6785714285714285,0.005416550219591711,0.8321998252962531,0.6785714285714285,0.0006890326236492887,0.023471717618230747
3,first_place_votes,cash_count_share,cash_in_kind,record share,15,0.24770494097678813,0.37340310888967465,-0.09590244476323126,0.7338636654944485,0.24770494097678813,0.09590244476323126,0.6223385148161245,0.8054323763220599
3,first_place_votes,in_kind_amount,cash_in_kind,dollar amount,15,-0.007349037689006251,0.9792625394165818,0.6285419119397966,0.012084786764914635,0.007349037689006251,0.6285419119397966,0.9792625394165818,0.039275556985972564
3,first_place_votes,in_kind_amount_share,cash_in_kind,dollar share,15,-0.11140715846278085,0.6926363313346474,0.6325710267599235,0.01138467762508332,0.11140715846278085,0.6325710267599235,0.8638967180368328,0.0379489254169444
3,first_place_votes,in_kind_count,cash_in_kind,record count,15,0.19222083165919424,0.4925075340947521,0.6332910850770034,0.011262954852452187,0.19222083165919424,0.6332910850770034,0.7036352546177277,0.0379489254169444
3,first_place_votes,in_kind_count_share,cash_in_kind,record share,15,-0.07278537690457523,0.7965752115221367,0.6245127971196697,0.012817888574962955,0.07278537690457523,0.6245127971196697,0.8755067760405779,0.0406420857254923
3,first_place_votes,cash_bin_amount_micro,cash_in_kind_bins,dollar amount,15,0.7826976391202366,0.0005611560118939455,0.6357142857142856,0.010860746168789804,0.7826976391202366,0.6357142857142856,0.002437860648639804,0.0379489254169444
3,first_place_votes,cash_bin_amount_share_micro,cash_in_kind_bins,dollar share,15,0.037886146979253014,0.8933633709909531,-0.09999999999999999,0.7228973252791182,0.037886146979253014,0.09999999999999999,0.924646353063284,0.8054323763220599
3,first_place_votes,cash_bin_count_micro,cash_in_kind_bins,record count,15,0.7603256985746529,0.0010006141849491592,0.6,0.018050087941499985,0.7603256985746529,0.6,0.0034315523018040605,0.051011118095543435
3,first_place_votes,cash_bin_count_share_micro,cash_in_kind_bins,record share,15,-0.040190182310383994,0.886915546473379,-0.2678571428571428,0.33444360051235367,0.040190182310383994,0.2678571428571428,0.924646353063284,0.5055542798442556
3,first_place_votes,cash_bin_amount_small,cash_in_kind_bins,dollar amount,15,0.9449239874262225,1.1270303331586011e-07,0.7964285714285713,0.00038046767853463365,0.9449239874262225,0.7964285714285713,6.1146518635590465e-06,0.004673267561781764
3,first_place_votes,cash_bin_amount_share_small,cash_in_kind_bins,dollar share,15,0.484471291878412,0.06722834467337176,0.5964285714285712,0.01893192468786518,0.484471291878412,0.5964285714285712,0.17479369615076656,0.052364898072818584
3,first_place_votes,cash_bin_count_small,cash_in_kind_bins,record count,15,0.9140047996179123,1.8916344397262705e-06,0.7917786897127637,0.00043534671795822567,0.9140047996179123,0.7917786897127637,2.5740121193176897e-05,0.004673267561781764
3,first_place_votes,cash_bin_count_share_small,cash_in_kind_bins,record share,15,0.2070637594636663,0.459018200118617,0.4964285714285714,0.05979741374992395,0.2070637594636663,0.4964285714285714,0.7003199127045059,0.12743711127032972
3,first_place_votes,cash_bin_amount_medium,cash_in_kind_bins,dollar amount,15,0.8648218244071957,3.1652628967855576e-05,0.8686330546284495,2.6536323144025408e-05,0.8648218244071957,0.8686330546284495,0.00022860232032340138,0.0005749536681205504
3,first_place_votes,cash_bin_amount_share_medium,cash_in_kind_bins,dollar share,15,-0.034373877119192854,0.9032042401799781,0.475,0.07357086204591357,0.034373877119192854,0.475,0.924646353063284,0.1518128899360121
3,first_place_votes,cash_bin_count_medium,cash_in_kind_bins,record count,15,0.8777684032102836,1.6995275172760353e-05,0.8841145209639313,1.2210045431456155e-05,0.8777684032102836,0.8841145209639313,0.00014729238483058972,0.0005749536681205504
3,first_place_votes,cash_bin_count_share_medium,cash_in_kind_bins,record share,15,-0.08438319278361493,0.7649435325647022,0.3607142857142856,0.1865543741541635,0.08438319278361493,0.3607142857142856,0.8755067760405779,0.32773065729785483
3,first_place_votes,cash_bin_amount_large,cash_in_kind_bins,dollar amount,15,0.7549318508151405,0.0011400464195510946,0.6881146626171873,0.004569933461890791,0.7549318508151405,0.6881146626171873,0.003705150863541057,0.022003383335029734
3,first_place_votes,cash_bin_amount_share_large,cash_in_kind_bins,dollar share,15,-0.20394553209253757,0.46595894429927054,-0.08757822978764203,0.7562875139756579,0.20394553209253757,0.08757822978764203,0.7003199127045059,0.8187984304323742
3,first_place_votes,cash_bin_count_large,cash_in_kind_bins,record count,15,0.7616611014396559,0.0009683209222577887,0.6947205002591901,0.004048093151280976,0.7616611014396559,0.6947205002591901,0.0034315523018040605,0.020951164801490698
3,first_place_votes,cash_bin_count_share_large,cash_in_kind_bins,record share,15,-0.16828650891681898,0.548820530324153,0.023235040555905025,0.9344938931245853,0.16828650891681898,0.023235040555905025,0.7510175678119989,0.9417380318309774
3,first_place_votes,in_kind_bin_amount_micro,cash_in_kind_bins,dollar amount,15,-0.14480028770677195,0.6066341100440704,0.07847860936764796,0.7810077336431878,0.14480028770677195,0.07847860936764796,0.7814892939643772,0.8187984304323742
3,first_place_votes,in_kind_bin_count_micro,cash_in_kind_bins,record count,15,-0.14388470386713825,0.6089354142060941,0.07847860936764796,0.7810077336431878,0.14388470386713825,0.07847860936764796,0.7814892939643772,0.8187984304323742
3,first_place_votes,in_kind_bin_amount_small,cash_in_kind_bins,dollar amount,15,0.32476810546689305,0.2375797763989345,0.5358065020088284,0.039526492569069274,0.32476810546689305,0.5358065020088284,0.4766240282203711,0.0901481409470001
3,first_place_votes,in_kind_bin_count_small,cash_in_kind_bins,record count,15,0.3653370787829955,0.1805576077231413,0.5520894845785312,0.03284967972608034,0.3653370787829955,0.5520894845785312,0.40469808627600634,0.08010362391146432
3,first_place_votes,in_kind_bin_amount_medium,cash_in_kind_bins,dollar amount,15,0.15832625112433468,0.5730451247038495,0.28592276022995833,0.3015681744529324,0.15832625112433468,0.28592276022995833,0.7679986207371179,0.47809588632781963
3,first_place_votes,in_kind_bin_count_medium,cash_in_kind_bins,record count,15,0.2229395583481135,0.4244859492982987,0.30434882146675896,0.27006862415814004,0.2229395583481135,0.30434882146675896,0.681273745787393,0.43886151425697756
3,first_place_votes,in_kind_bin_amount_large,cash_in_kind_bins,dollar amount,15,-0.1448493418314924,0.6065109098713058,0.12073632210407377,0.6682022719066172,0.1448493418314924,0.12073632210407377,0.7814892939643772,0.8043175495172243
3,first_place_votes,in_kind_bin_count_large,cash_in_kind_bins,record count,15,-0.14220406669869476,0.6131685229566651,0.12073632210407377,0.6682022719066172,0.14220406669869476,0.12073632210407377,0.7814892939643772,0.8043175495172243
3,first_place_votes,individual_amount,individual_business,dollar amount,15,0.9390272425348389,2.1518648412539805e-07,0.7714285714285712,0.0007568751073803477,0.9390272425348389,0.7714285714285712,6.1146518635590465e-06,0.005787868468202659
3,first_place_votes,individual_amount_share,individual_business,dollar share,15,0.21304307288592578,0.44585299781896903,-0.106968111466681,0.7043638521651585,0.21304307288592578,0.106968111466681,0.6974316851413188,0.8054323763220599
3,first_place_votes,individual_count,individual_business,record count,15,0.83202036048643,0.0001195566043649171,0.6785714285714285,0.005416550219591711,0.83202036048643,0.6785714285714285,0.0006890326236492887,0.023471717618230747
3,first_place_votes,individual_count_share,individual_business,record share,15,0.1922046418023211,0.4925446782324094,-0.09959100033104784,0.7239897290088169,0.1922046418023211,0.09959100033104784,0.7036352546177277,0.8054323763220599
3,first_place_votes,business_amount,individual_business,dollar amount,15,-0.0873804130890769,0.7568226713502877,0.213056699643323,0.4458232124574746,0.0873804130890769,0.213056699643323,0.8755067760405779,0.6165640172284224
3,first_place_votes,business_amount_share,individual_business,dollar share,15,-0.21514542816898724,0.4412694743093038,0.06972764715599662,0.8049660686226824,0.21514542816898724,0.06972764715599662,0.6974316851413188,0.8371647113675896
3,first_place_votes,business_count,individual_business,record count,15,0.07598607079266687,0.787814148687528,0.32849718568430114,0.23192148754257638,0.07598607079266687,0.32849718568430114,0.8755067760405779,0.39670780763861746
3,first_place_votes,business_count_share,individual_business,record share,15,-0.20197293321812898,0.47037596397003734,0.08134892168199606,0.7731879892791909,0.20197293321812898,0.08134892168199606,0.7003199127045059,0.8187984304323742
3,first_place_votes,individual_bin_amount_micro,individual_business_bins,dollar amount,15,0.7826045946794588,0.0005625832266091855,0.6357142857142856,0.010860746168789804,0.7826045946794588,0.6357142857142856,0.002437860648639804,0.0379489254169444
3,first_place_votes,individual_bin_amount_share_micro,individual_business_bins,dollar share,15,-0.023315929002012938,0.9342662994383474,-0.25,0.36884629178393047,0.023315929002012938,0.25,0.9415086738525981,0.5448865674080791
3,first_place_votes,individual_bin_count_micro,individual_business_bins,record count,15,0.7602256147525379,0.0010030691343734946,0.6,0.018050087941499985,0.7602256147525379,0.6,0.0034315523018040605,0.051011118095543435
3,first_place_votes,individual_bin_count_share_micro,individual_business_bins,record share,15,-0.07595709710470432,0.7878933524088745,-0.2964285714285714,0.2833554284342631,0.07595709710470432,0.2964285714285714,0.8755067760405779,0.454767971561163
3,first_place_votes,individual_bin_amount_small,individual_business_bins,dollar amount,15,0.9442959824951015,1.211370941750029e-07,0.7892857142857141,0.0004673267561781765,0.9442959824951015,0.7892857142857141,6.1146518635590465e-06,0.004673267561781764
3,first_place_votes,individual_bin_amount_share_small,individual_business_bins,dollar share,15,0.33376574850777224,0.22407183619668872,0.4142857142857142,0.1247154422365709,0.33376574850777224,0.4142857142857142,0.4766240282203711,0.22518065959380856
3,first_place_votes,individual_bin_count_small,individual_business_bins,record count,15,0.9133779743904664,1.9800093225520692e-06,0.7846294464647928,0.000532183101012325,0.9133779743904664,0.7846294464647928,2.5740121193176897e-05,0.004941700223685875
3,first_place_votes,individual_bin_count_share_small,individual_business_bins,record share,15,0.2108551915692469,0.45064816578362143,0.4964285714285714,0.05979741374992395,0.2108551915692469,0.4964285714285714,0.6974316851413188,0.12743711127032972
3,first_place_votes,individual_bin_amount_medium,individual_business_bins,dollar amount,15,0.8613491970911902,3.700093475319991e-05,0.8686330546284495,2.6536323144025408e-05,0.8613491970911902,0.8686330546284495,0.00025316429041663096,0.0005749536681205504
3,first_place_votes,individual_bin_amount_share_medium,individual_business_bins,dollar share,15,-0.07365948951687545,0.794180273699662,0.3178571428571428,0.24829056581701822,0.07365948951687545,0.3178571428571428,0.8755067760405779,0.4191918643663944
3,first_place_votes,individual_bin_count_medium,individual_business_bins,record count,15,0.875576685154337,1.897196081471821e-05,0.8733326365619323,2.118983081864547e-05,0.875576685154337,0.8733326365619323,0.00015414718161958546,0.0005749536681205504
3,first_place_votes,individual_bin_count_share_medium,individual_business_bins,record share,15,-0.08889421341073299,0.7527299839151752,0.2678571428571428,0.33444360051235367,0.08889421341073299,0.2678571428571428,0.8755067760405779,0.5055542798442556
3,first_place_votes,individual_bin_amount_large,individual_business_bins,dollar amount,15,0.7561794593449427,0.0011064784835345034,0.7383559972146335,0.0016696686349504351,0.7561794593449427,0.7383559972146335,0.0036882616117816782,0.009866223751979843
3,first_place_votes,individual_bin_amount_share_large,individual_business_bins,dollar share,15,-0.08191772274564138,0.7716407502777467,0.19354963033781655,0.48946339980498194,0.08191772274564138,0.19354963033781655,0.8755067760405779,0.649288183414772
3,first_place_votes,individual_bin_count_large,individual_business_bins,record count,15,0.7620476303062954,0.0009591329364556559,0.7605457635342256,0.0009952333278904686,0.7620476303062954,0.7605457635342256,0.0034315523018040605,0.0061609682202743285
3,first_place_votes,individual_bin_count_share_large,individual_business_bins,record share,15,-0.03954497126036986,0.8887205176268431,0.26523467861108196,0.3393781045482785,0.03954497126036986,0.26523467861108196,0.924646353063284,0.5071167079457035
3,first_place_votes,business_bin_amount_micro,individual_business_bins,dollar amount,15,0.3244620952546378,0.238047866853623,0.46803222124720073,0.07850332979135705,0.3244620952546378,0.46803222124720073,0.4766240282203711,0.15726046230876128
3,first_place_votes,business_bin_count_micro,individual_business_bins,record count,15,0.3242895759567302,0.23831201411018554,0.4629100498862757,0.08227686582718165,0.3242895759567302,0.4629100498862757,0.4766240282203711,0.1596416799631883
3,first_place_votes,business_bin_amount_small,individual_business_bins,dollar amount,15,-0.0727351729939926,0.7967128140983841,0.11743256223730432,0.6768213122699831,0.0727351729939926,0.11743256223730432,0.8755067760405779,0.8045892306725075
3,first_place_votes,business_bin_count_small,individual_business_bins,record count,15,-0.09760273964597999,0.7293072168494259,0.09462946549806792,0.7372804060178856,0.09760273964597999,0.09462946549806792,0.8755067760405779,0.8054323763220599
3,first_place_votes,business_bin_amount_medium,individual_business_bins,dollar amount,15,0.33130213424825755,0.22772132498823114,0.4165403112590545,0.1224707030142152,0.33130213424825755,0.4165403112590545,0.4766240282203711,0.22424213227954898
3,first_place_votes,business_bin_count_medium,individual_business_bins,record count,15,0.31884443841366694,0.2467425662264052,0.4085285845514416,0.13057481141245292,0.31884443841366694,0.4085285845514416,0.47875423297660713,0.23253048607697094
3,first_place_votes,business_bin_amount_large,individual_business_bins,dollar amount,15,-0.17873836500977777,0.5238902322247345,-0.19921493147172173,0.4765855317057049,0.17873836500977777,0.19921493147172173,0.7317121160526431,0.6411085028032951
3,first_place_votes,business_bin_count_large,individual_business_bins,record count,15,-0.18885614118261657,0.5002553575412906,-0.22696032475080088,0.41595809642423326,0.18885614118261657,0.22696032475080088,0.7068825704387801,0.6008283615016703
3,first_place_votes,same_district_count,geography,record count,15,0.7696483069817949,0.0007923201625691875,0.5933871895815744,0.01970860436464557,0.7696483069817949,0.5933871895815744,0.003218800660437324,0.05337747015424841
3,first_place_votes,same_district_share,geography,record share,14,0.4246478803144056,0.1301639150066757,0.47252747252747257,0.0879674246125423,0.4246478803144056,0.47252747252747257,0.3076601627430517,0.16817301764162498
3,first_place_votes,portland_count,geography,record count,15,0.8177265854602771,0.00019598179733524762,0.5535714285714285,0.032287103770123615,0.8177265854602771,0.5535714285714285,0.0009799089866762381,0.08010362391146432
3,first_place_votes,portland_share,geography,record share,14,0.3952309197374999,0.16191015122281316,0.2175824175824176,0.45491937317003306,0.3952309197374999,0.2175824175824176,0.3758628510529591,0.6225212474958347
3,first_place_votes,oregon_count,geography,record count,15,0.8381739414058069,9.52867492733537e-05,0.6928571428571427,0.00419023296029814,0.8381739414058069,0.6928571428571427,0.000619363870276799,0.020951164801490698
3,first_place_votes,oregon_share,geography,record share,15,0.33343859567046863,0.22455433702418262,0.2178571428571428,0.43539267351553756,0.33343859567046863,0.2178571428571428,0.4766240282203711,0.6086134145916117
3,first_place_votes,same_district_bin_count_micro,geography_bins,record count,15,0.7414918036190474,0.0015567075255051718,0.6148349193254868,0.014719835371903116,0.7414918036190474,0.6148349193254868,0.004706325077108659,0.04484684192504663
3,first_place_votes,same_district_bin_count_share_micro,geography_bins,record share,13,-0.0774542270161817,0.801425433452529,0.12379654077316414,0.6869954200357564,0.0774542270161817,0.12379654077316414,0.8755067760405779,0.8045892306725075
3,first_place_votes,same_district_bin_count_small,geography_bins,record count,15,0.8209590068758817,0.00017591675581848723,0.5417094825173022,0.03699887648263179,0.8209590068758817,0.5417094825173022,0.0009147671302561335,0.08589024897753808
3,first_place_votes,same_district_bin_count_share_small,geography_bins,record share,13,0.09377607579167314,0.7605813110828641,0.008253102718210942,0.9786522347721123,0.09377607579167314,0.008253102718210942,0.8755067760405779,0.9786522347721123
3,first_place_votes,same_district_bin_count_medium,geography_bins,record count,15,0.9252539286223677,7.818183954242988e-07,0.8313316563151628,0.00012256321660172672,0.9252539286223677,0.8313316563151628,1.2704548925644855e-05,0.002276174022603496
3,first_place_votes,same_district_bin_count_share_medium,geography_bins,record share,13,0.7668404612740536,0.0022242660660183457,0.8332051183416778,0.0004041305092784421,0.7668404612740536,0.8332051183416778,0.006285969317008368,0.004673267561781764
3,first_place_votes,same_district_bin_count_large,geography_bins,record count,15,0.7980969343741178,0.0003622127918526252,0.5617314318998595,0.029318109840407752,0.7980969343741178,0.5617314318998595,0.0017439875163274545,0.07473243684809819
3,first_place_votes,same_district_bin_count_share_large,geography_bins,record share,13,-0.16115174380710962,0.5989202360128226,-0.19500498661984475,0.5231930306488508,0.16115174380710962,0.19500498661984475,0.7814892939643772,0.680150939843506
3,first_place_votes,portland_bin_count_micro,geography_bins,record count,15,0.7633857388856308,0.0009278690681190527,0.5642857142857142,0.028432522148708565,0.7633857388856308,0.5642857142857142,0.0034315523018040605,0.07392455758664226
3,first_place_votes,portland_bin_count_share_micro,geography_bins,record share,14,-0.31746287849191146,0.26871998139903963,-0.15164835164835166,0.6047905984521367,0.31746287849191146,0.15164835164835166,0.4990513940267879,0.7559882480651708
3,first_place_votes,portland_bin_count_small,geography_bins,record count,15,0.8903751191380803,8.644116653011507e-06,0.5509847814510679,0.03327381300937749,0.8903751191380803,0.5509847814510679,9.364459707429132e-05,0.08010362391146432
3,first_place_votes,portland_bin_count_share_small,geography_bins,record share,14,0.33344921458045845,0.24399605587354578,0.1956043956043956,0.5027500912969567,0.33344921458045845,0.1956043956043956,0.47875423297660713,0.6601768875616604
3,first_place_votes,portland_bin_count_medium,geography_bins,record count,15,0.8267925662174683,0.0001439748891690908,0.7786253932419622,0.0006264452304277249,0.8267925662174683,0.7786253932419622,0.0007798639829992417,0.005089867497225264
3,first_place_votes,portland_bin_count_share_medium,geography_bins,record share,14,0.4973403503111715,0.07037874129251724,0.6688869359794813,0.008903715022689157,0.4973403503111715,0.6688869359794813,0.17939679152994592,0.03507524099847244
3,first_place_votes,portland_bin_count_large,geography_bins,record count,15,0.7483361076268996,0.001331467600661509,0.5681338696402168,0.027136692182712356,0.7483361076268996,0.5681338696402168,0.004203842801802968,0.07199530579086952
3,first_place_votes,portland_bin_count_share_large,geography_bins,record share,14,-0.16922433467272296,0.5630323372093295,-0.11049892402196597,0.706874724609855,0.16922433467272296,0.11049892402196597,0.7624396233043004,0.8054323763220599
3,first_place_votes,oregon_bin_count_micro,geography_bins,record count,15,0.769814306921712,0.0007889592403889136,0.6142857142857142,0.014833955405976961,0.769814306921712,0.6142857142857142,0.003218800660437324,0.04484684192504663
3,first_place_votes,oregon_bin_count_share_micro,geography_bins,record share,15,-0.253676912895207,0.36160959285732197,-0.4642857142857142,0.081250980755495,0.253676912895207,0.4642857142857142,0.6105097022266475,0.1596416799631883
3,first_place_votes,oregon_bin_count_small,geography_bins,record count,15,0.926615770442758,6.960677471949078e-07,0.7613944059088879,0.000974701860665134,0.926615770442758,0.7613944059088879,1.2704548925644855e-05,0.0061609682202743285
3,first_place_votes,oregon_bin_count_share_small,geography_bins,record share,15,0.254904694063413,0.35921069641435227,0.5285714285714286,0.0427972893094504,0.254904694063413,0.5285714285714286,0.6105097022266475,0.09592495879704399
3,first_place_votes,oregon_bin_count_medium,geography_bins,record count,15,0.8841189284821509,1.2207161603616196e-05,0.7798291302375469,0.0006065347396100554,0.8841189284821509,0.7798291302375469,0.00012207161603616196,0.005089867497225264
3,first_place_votes,oregon_bin_count_share_medium,geography_bins,record share,15,0.5134741843010243,0.05026333067717212,0.6648918474693224,0.006841340088074177,0.5134741843010243,0.6648918474693224,0.1390262337879229,0.02779294410780134
3,first_place_votes,oregon_bin_count_large,geography_bins,record count,15,0.7254979119702416,0.0022038811520732407,0.6427382274979124,0.0097578320859745,0.7254979119702416,0.6427382274979124,0.006285969317008368,0.03730935797578485
3,first_place_votes,oregon_bin_count_share_large,geography_bins,record share,15,-0.10946378634472102,0.6977627337989804,0.08042898653967125,0.7756920508475325,0.10946378634472102,0.08042898653967125,0.8638967180368328,0.8187984304323742
4,mentions,total_amount,scale,dollar amount,17,0.7221600981559784,0.0010614632173519404,0.6862745098039217,0.002349040919826813,0.7221600981559784,0.6862745098039217,0.02714277735091025,0.030382410007906452
4,mentions,total_record_count,scale,record count,17,0.6424194916832353,0.005420394445835146,0.5343137254901961,0.027139775804459698,0.6424194916832353,0.5343137254901961,0.0374230217903842,0.08443485805831906
4,mentions,mean_amount,scale,dollar amount,17,-0.03017814041330307,0.9084646726909299,0.35539215686274517,0.16154091235760815,0.03017814041330307,0.35539215686274517,0.9421115124202236,0.3281440235822388
4,mentions,median_amount,scale,dollar amount,17,-0.12509183666115967,0.632388678679055,0.258118441805799,0.3171794518754647,0.12509183666115967,0.258118441805799,0.7760023674660979,0.4476714503766056
4,mentions,bin_amount_micro,overall_bins,dollar amount,17,0.6828391930935498,0.0025204007540130945,0.6936274509803922,0.002014143975899797,0.6828391930935498,0.6936274509803922,0.02714277735091025,0.030382410007906452
4,mentions,bin_amount_share_micro,overall_bins,dollar share,17,-0.38689967785061863,0.12498227131571424,-0.30147058823529416,0.23962440631044454,0.38689967785061863,0.30147058823529416,0.3240281108185184,0.36865293278529926
4,mentions,bin_count_micro,overall_bins,record count,17,0.47526932472158,0.05384971800401586,0.4534313725490197,0.06754818013371677,0.47526932472158,0.4534313725490197,0.16164814839845876,0.1818604849753913
4,mentions,bin_count_share_micro,overall_bins,record share,17,-0.12436699681930613,0.6343781251104463,-0.35784313725490197,0.15846398998236902,0.12436699681930613,0.35784313725490197,0.7760023674660979,0.3281440235822388
4,mentions,bin_amount_small,overall_bins,dollar amount,17,0.7169680393779971,0.001199302388952918,0.6560393630384449,0.004238898962519508,0.7169680393779971,0.6560393630384449,0.02714277735091025,0.030382410007906452
4,mentions,bin_amount_share_small,overall_bins,dollar share,17,0.5282543997882042,0.029272785071041297,0.5122549019607844,0.035526524116891015,0.5282543997882042,0.5122549019607844,0.10784710289331005,0.10812420383401614
4,mentions,bin_count_small,overall_bins,record count,17,0.6998863617610933,0.0017608714822215247,0.6511343958381575,0.0046375554454089005,0.6998863617610933,0.6511343958381575,0.02714277735091025,0.030382410007906452
4,mentions,bin_count_share_small,overall_bins,record share,17,0.34585472728168504,0.17389748799037819,0.3504901960784314,0.16781533363739962,0.34585472728168504,0.3504901960784314,0.33782190307524335,0.3281440235822388
4,mentions,bin_amount_medium,overall_bins,dollar amount,17,0.5998643470689532,0.01091223059623012,0.6564422119330491,0.004207432256018513,0.5998643470689532,0.6564422119330491,0.06110849133888867,0.030382410007906452
4,mentions,bin_amount_share_medium,overall_bins,dollar share,17,0.25078607809694287,0.33160179863802786,0.32250159341889906,0.20677283312044645,0.25078607809694287,0.32250159341889906,0.5492593919628174,0.34056701925720595
4,mentions,bin_count_medium,overall_bins,record count,17,0.6030028860996796,0.010396928675507287,0.6153903250680837,0.00854877653773603,0.6030028860996796,0.6153903250680837,0.06064875060712584,0.03989429050943481
4,mentions,bin_count_share_medium,overall_bins,record share,17,-0.050583208837335164,0.8471184676383328,0.43041087182522264,0.08459985790875865,0.050583208837335164,0.43041087182522264,0.8917036501456135,0.22347132277785306
4,mentions,bin_amount_large,overall_bins,dollar amount,17,0.5296254862768752,0.028779209975182043,0.6363655571917657,0.006024415028853369,0.5296254862768752,0.6363655571917657,0.10784710289331005,0.03371441911013088
4,mentions,bin_amount_share_large,overall_bins,dollar share,17,0.046325375184860886,0.859862352141918,0.10565142455307307,0.6865331964063927,0.046325375184860886,0.10565142455307307,0.8983636514915561,0.750895683569492
4,mentions,bin_count_large,overall_bins,record count,17,0.5154753701368585,0.03419248895598803,0.6478211291490644,0.004923606673105274,0.5154753701368585,0.6478211291490644,0.11967371134595811,0.030382410007906452
4,mentions,bin_count_share_large,overall_bins,record share,17,-0.10376911873097312,0.6918582034868126,0.2457009873327281,0.3418228819185263,0.10376911873097312,0.2457009873327281,0.8166531090718889,0.46014618719801614
4,mentions,bin_amount_mega,overall_bins,dollar amount,17,0.35660456048729927,0.16001387330890277,0.33694239521923985,0.1860014348618251,0.35660456048729927,0.33694239521923985,0.33782190307524335,0.3281440235822388
4,mentions,bin_amount_share_mega,overall_bins,dollar share,17,0.38307076717500343,0.12908413485364043,0.3325665199566523,0.1921434584674169,0.38307076717500343,0.3325665199566523,0.32857779780926655,0.3281440235822388
4,mentions,bin_count_mega,overall_bins,record count,17,0.3441655640694061,0.17614999231780548,0.33694239521923985,0.1860014348618251,0.3441655640694061,0.33694239521923985,0.33782190307524335,0.3281440235822388
4,mentions,bin_count_share_mega,overall_bins,record share,17,0.36662380750847984,0.14776776551525947,0.33694239521923985,0.1860014348618251,0.36662380750847984,0.33694239521923985,0.33782190307524335,0.3281440235822388
4,mentions,cash_amount,cash_in_kind,dollar amount,17,0.6854085737438691,0.0023913094681584225,0.6568627450980393,0.004174786387665709,0.6854085737438691,0.6568627450980393,0.02714277735091025,0.030382410007906452
4,mentions,cash_amount_share,cash_in_kind,dollar share,17,-0.24038156605743194,0.35270567430955635,-0.04008476870560962,0.8785991854966514,0.24038156605743194,0.04008476870560962,0.5492593919628174,0.8849200429462676
4,mentions,cash_count,cash_in_kind,record count,17,0.6425430052124541,0.005408600409830027,0.5343137254901961,0.027139775804459698,0.6425430052124541,0.5343137254901961,0.0374230217903842,0.08443485805831906
4,mentions,cash_count_share,cash_in_kind,record share,17,0.24575863942683823,0.3417059998006691,0.11774900807272824,0.6526504584281708,0.24575863942683823,0.11774900807272824,0.5492593919628174,0.7251671760313009
4,mentions,in_kind_amount,cash_in_kind,dollar amount,17,0.3590017267182738,0.15702343883139744,0.3317342475512927,0.1933265706399551,0.3590017267182738,0.3317342475512927,0.33782190307524335,0.3281440235822388
4,mentions,in_kind_amount_share,cash_in_kind,dollar share,17,0.35349957063319987,0.163944290429416,0.28396451590390653,0.2693459490771759,0.35349957063319987,0.28396451590390653,0.33782190307524335,0.3969308723242592
4,mentions,in_kind_count,cash_in_kind,record count,17,0.3698211209891928,0.1439987680519445,0.39390689647671673,0.11771278214731151,0.3698211209891928,0.39390689647671673,0.33782190307524335,0.27931846611226463
4,mentions,in_kind_count_share,cash_in_kind,record share,17,0.22173859254742723,0.39236551335452713,0.2494641541585721,0.33424167755588285,0.22173859254742723,0.2494641541585721,0.5815343057943766,0.4587630868414079
4,mentions,cash_bin_amount_micro,cash_in_kind_bins,dollar amount,17,0.6831613619578716,0.0025039090057839314,0.6936274509803922,0.002014143975899797,0.6831613619578716,0.6936274509803922,0.02714277735091025,0.030382410007906452
4,mentions,cash_bin_amount_share_micro,cash_in_kind_bins,dollar share,17,-0.35012488311946893,0.1682893913944057,-0.31617647058823534,0.21632697166875522,0.35012488311946893,0.31617647058823534,0.33782190307524335,0.3481123682025946
4,mentions,cash_bin_count_micro,cash_in_kind_bins,record count,17,0.4752504662821154,0.05386057080140909,0.4534313725490197,0.06754818013371677,0.4752504662821154,0.4534313725490197,0.16164814839845876,0.1818604849753913
4,mentions,cash_bin_count_share_micro,cash_in_kind_bins,record share,17,-0.13222853848148877,0.6129296852010485,-0.39460784313725494,0.11700232160229733,0.13222853848148877,0.39460784313725494,0.7730644678211424,0.27931846611226463
4,mentions,cash_bin_amount_small,cash_in_kind_bins,dollar amount,17,0.7151529810018105,0.0012508359043138207,0.6560393630384449,0.004238898962519508,0.7151529810018105,0.6560393630384449,0.02714277735091025,0.030382410007906452
4,mentions,cash_bin_amount_share_small,cash_in_kind_bins,dollar share,17,0.6524690881634194,0.0045261930721227925,0.7720588235294118,0.00028201264704692694,0.6524690881634194,0.7720588235294118,0.0374230217903842,0.030382410007906452
4,mentions,cash_bin_count_small,cash_in_kind_bins,record count,17,0.6984551132986242,0.001816346561980535,0.6511343958381575,0.0046375554454089005,0.6984551132986242,0.6511343958381575,0.02714277735091025,0.030382410007906452
4,mentions,cash_bin_count_share_small,cash_in_kind_bins,record share,17,0.3588019868250587,0.1572711522742766,0.39730234322328245,0.11429931264110536,0.3588019868250587,0.39730234322328245,0.33782190307524335,0.27931846611226463
4,mentions,cash_bin_amount_medium,cash_in_kind_bins,dollar amount,17,0.5761804730368774,0.015487551558962287,0.6417182744691302,0.005487745911227326,0.5761804730368774,0.6417182744691302,0.06995550616084778,0.03201185114882607
4,mentions,cash_bin_amount_share_medium,cash_in_kind_bins,dollar share,17,0.24019285175345334,0.3530953234046683,0.30533420821789303,0.23335623551109658,0.24019285175345334,0.30533420821789303,0.5492593919628174,0.36299858857281686
4,mentions,cash_bin_count_medium,cash_in_kind_bins,record count,17,0.575210343717147,0.015702858928129313,0.6297705852729567,0.006742883822026176,0.575210343717147,0.6297705852729567,0.06995550616084778,0.03371441911013088
4,mentions,cash_bin_count_share_medium,cash_in_kind_bins,record share,17,-0.05688074066487814,0.8283360193599414,0.40343355222364186,0.10831332255697808,0.05688074066487814,0.40343355222364186,0.881129909124224,0.2707833063924452
4,mentions,cash_bin_amount_large,cash_in_kind_bins,dollar amount,17,0.5037453474333671,0.039242782421332736,0.6560216361783839,0.004240287981990359,0.5037453474333671,0.6560216361783839,0.1339997448533313,0.030382410007906452
4,mentions,cash_bin_amount_share_large,cash_in_kind_bins,dollar share,17,0.06614452165950035,0.8008684624969623,0.09582338505976395,0.7144847506209103,0.06614452165950035,0.09582338505976395,0.881129909124224,0.7754098068754066
4,mentions,cash_bin_count_large,cash_in_kind_bins,record count,17,0.4970515545250602,0.042367855310684835,0.6564259638815947,0.004208697725114655,0.4970515545250602,0.6564259638815947,0.14122618436894946,0.030382410007906452
4,mentions,cash_bin_count_share_large,cash_in_kind_bins,record share,17,-0.09774715842927609,0.7089850640638865,0.21130284910614613,0.41557788459785283,0.09774715842927609,0.21130284910614613,0.8166531090718889,0.513008838026371
4,mentions,in_kind_bin_amount_micro,cash_in_kind_bins,dollar amount,17,0.27159937892462055,0.2916437307297727,0.2551551815399144,0.32296297491455117,0.27159937892462055,0.2551551815399144,0.49792832075814847,0.4476714503766056
4,mentions,in_kind_bin_amount_share_micro,cash_in_kind_bins,dollar share,8,0.3739431753281895,0.3614768255581129,0.4123930494211612,0.309958735506241,0.3739431753281895,0.4123930494211612,0.5500734301971283,0.4427981935803443
4,mentions,in_kind_bin_count_micro,cash_in_kind_bins,record count,17,0.27159937892462055,0.2916437307297727,0.2551551815399144,0.32296297491455117,0.27159937892462055,0.2551551815399144,0.49792832075814847,0.4476714503766056
4,mentions,in_kind_bin_count_share_micro,cash_in_kind_bins,record share,8,0.37394317532818944,0.3614768255581129,0.4123930494211612,0.309958735506241,0.37394317532818944,0.4123930494211612,0.5500734301971283,0.4427981935803443
4,mentions,in_kind_bin_amount_small,cash_in_kind_bins,dollar amount,17,0.28988291929953147,0.2590554981712165,0.33694239521923985,0.1860014348618251,0.28988291929953147,0.33694239521923985,0.45908569296164947,0.3281440235822388
4,mentions,in_kind_bin_amount_share_small,cash_in_kind_bins,dollar share,8,0.43646498875685524,0.27962240260330534,0.5143707412705535,0.1921659122711767,0.43646498875685524,0.5143707412705535,0.4893392045557844,0.3281440235822388
4,mentions,in_kind_bin_count_small,cash_in_kind_bins,record count,17,0.30734295893791996,0.23013887019154142,0.33694239521923985,0.1860014348618251,0.30734295893791996,0.33694239521923985,0.41843430943916615,0.3281440235822388
4,mentions,in_kind_bin_count_share_small,cash_in_kind_bins,record share,8,0.4947590971971352,0.21259734454023207,0.5143707412705535,0.1921659122711767,0.4947590971971352,0.5143707412705535,0.3968483764750999,0.3281440235822388
4,mentions,in_kind_bin_amount_medium,cash_in_kind_bins,dollar amount,17,0.40361994321661165,0.10813489844196518,0.48467262520744564,0.048638729235713274,0.40361994321661165,0.48467262520744564,0.2911324188822139,0.14186296027083037
4,mentions,in_kind_bin_amount_share_medium,cash_in_kind_bins,dollar share,8,0.31813262719478114,0.44252642605432285,0.4940117600296769,0.21339733028119023,0.31813262719478114,0.4940117600296769,0.6134029668079722,0.3473910027833329
4,mentions,in_kind_bin_count_medium,cash_in_kind_bins,record count,17,0.419464926011355,0.0937173311735106,0.4854878867175458,0.04820548603304409,0.419464926011355,0.4854878867175458,0.25726326204493105,0.14186296027083037
4,mentions,in_kind_bin_count_share_medium,cash_in_kind_bins,record share,8,0.45593820542113894,0.25620262276193484,0.590404298572053,0.1233421691236191,0.45593820542113894,0.590404298572053,0.45908569296164947,0.2877983946217779
4,mentions,in_kind_bin_amount_large,cash_in_kind_bins,dollar amount,17,0.21924097617804877,0.3978557564966285,0.05783765564463519,0.8254894418791777,0.21924097617804877,0.05783765564463519,0.5815343057943766,0.8497685431109182
4,mentions,in_kind_bin_amount_share_large,cash_in_kind_bins,dollar share,8,-0.804750702301365,0.01598982997962235,-0.8347486474384018,0.009929687100611165,0.804750702301365,0.8347486474384018,0.06995550616084778,0.040886946884869504
4,mentions,in_kind_bin_count_large,cash_in_kind_bins,record count,17,0.16426620334418138,0.5286940352335984,0.06294150244485021,0.8103422961681577,0.16426620334418138,0.06294150244485021,0.6982751408745639,0.8403549738040154
4,mentions,in_kind_bin_count_share_large,cash_in_kind_bins,record share,8,-0.7463884734170776,0.03341671051168788,-0.8347486474384018,0.009929687100611165,0.7463884734170776,0.8347486474384018,0.11967371134595811,0.040886946884869504
4,mentions,in_kind_bin_amount_mega,cash_in_kind_bins,dollar amount,17,0.35660456048729927,0.16001387330890277,0.33694239521923985,0.1860014348618251,0.35660456048729927,0.33694239521923985,0.33782190307524335,0.3281440235822388
4,mentions,in_kind_bin_amount_share_mega,cash_in_kind_bins,dollar share,8,0.5419442684949209,0.16528731041498695,0.48319675695112596,0.22514891679763546,0.5419442684949209,0.48319675695112596,0.33782190307524335,0.3541668354120109
4,mentions,in_kind_bin_count_mega,cash_in_kind_bins,record count,17,0.3441655640694061,0.17614999231780548,0.33694239521923985,0.1860014348618251,0.3441655640694061,0.33694239521923985,0.33782190307524335,0.3281440235822388
4,mentions,in_kind_bin_count_share_mega,cash_in_kind_bins,record share,8,0.5431902873161647,0.1641240725414662,0.5143707412705535,0.1921659122711767,0.5431902873161647,0.5143707412705535,0.33782190307524335,0.3281440235822388
4,mentions,individual_amount,individual_business,dollar amount,17,0.6967028640698274,0.001886207532482074,0.698529411764706,0.0018134319155482593,0.6967028640698274,0.698529411764706,0.02714277735091025,0.030382410007906452
4,mentions,individual_amount_share,individual_business,dollar share,17,-0.15471092199351005,0.5532550427869475,-0.13120787260768896,0.6156980904217346,0.15471092199351005,0.13120787260768896,0.717182462871969,0.698168801194566
4,mentions,individual_count,individual_business,record count,17,0.6437844300688964,0.00529120492907148,0.5392156862745099,0.025503680315881874,0.6437844300688964,0.5392156862745099,0.0374230217903842,0.08443485805831906
4,mentions,individual_count_share,individual_business,record share,17,0.24642661825507356,0.3403534305631162,0.05272839740308996,0.8407111730541024,0.24642661825507356,0.05272839740308996,0.5492593919628174,0.8557444699481779
4,mentions,business_amount,individual_business,dollar amount,17,-0.09963976067834011,0.7035877178393725,0.025814504197590803,0.9216588837078303,0.09963976067834011,0.025814504197590803,0.8166531090718889,0.9216588837078303
4,mentions,business_amount_share,individual_business,dollar share,17,-0.39476084077919776,0.11684764898169334,-0.23587294783941895,0.362081396139017,0.39476084077919776,0.23587294783941895,0.3086541671214541,0.47392420055956125
4,mentions,business_count,individual_business,record count,17,-0.17303505578797362,0.5066024604517402,-0.12111358316062282,0.6433366945016882,0.17303505578797362,0.12111358316062282,0.6819648506081117,0.7205370978418907
4,mentions,business_count_share,individual_business,record share,17,-0.47298884774708905,0.05517399019219504,-0.4275197179589469,0.08694287123195013,0.47298884774708905,0.4275197179589469,0.16164814839845876,0.2254074439346855
4,mentions,individual_bin_amount_micro,individual_business_bins,dollar amount,17,0.6838368856652166,0.0024696151834607428,0.6936274509803922,0.002014143975899797,0.6838368856652166,0.6936274509803922,0.02714277735091025,0.030382410007906452
4,mentions,individual_bin_amount_share_micro,individual_business_bins,dollar share,17,-0.35868777557953313,0.15741291388238127,-0.34313725490196084,0.17753073968099276,0.35868777557953313,0.34313725490196084,0.33782190307524335,0.3281440235822388
4,mentions,individual_bin_count_micro,individual_business_bins,record count,17,0.47591043586937,0.0534817372150905,0.4534313725490197,0.06754818013371677,0.47591043586937,0.4534313725490197,0.16164814839845876,0.1818604849753913
4,mentions,individual_bin_count_share_micro,individual_business_bins,record share,17,-0.13442908860420005,0.606977862377663,-0.37254901960784315,0.14083572189262192,0.13442908860420005,0.37254901960784315,0.772517279389753,0.31801614620914626
4,mentions,individual_bin_amount_small,individual_business_bins,dollar amount,17,0.7177923768215975,0.0011764826858247672,0.6560393630384449,0.004238898962519508,0.7177923768215975,0.6560393630384449,0.02714277735091025,0.030382410007906452
4,mentions,individual_bin_amount_share_small,individual_business_bins,dollar share,17,0.6205754069887657,0.007857842394179543,0.6593137254901962,0.003988576812682064,0.6205754069887657,0.6593137254901962,0.0478303450080494,0.030382410007906452
4,mentions,individual_bin_count_small,individual_business_bins,record count,17,0.701174418929233,0.001712142562743339,0.6511343958381575,0.0046375554454089005,0.701174418929233,0.6511343958381575,0.02714277735091025,0.030382410007906452
4,mentions,individual_bin_count_share_small,individual_business_bins,record share,17,0.35763413581284226,0.15872480578507897,0.42401960784313725,0.0898416849718557,0.35763413581284226,0.42401960784313725,0.33782190307524335,0.22868792538290542
4,mentions,individual_bin_amount_medium,individual_business_bins,dollar amount,17,0.5787014948219048,0.014938892336304023,0.6490802432010896,0.004813268258546352,0.5787014948219048,0.6490802432010896,0.06995550616084778,0.030382410007906452
4,mentions,individual_bin_amount_share_medium,individual_business_bins,dollar share,17,0.24586654498727345,0.341487296890049,0.3126916590183242,0.22171035085338484,0.24586654498727345,0.3126916590183242,0.5492593919628174,0.3527210127212941
4,mentions,individual_bin_count_medium,individual_business_bins,record count,17,0.5770954603640217,0.015286617081778881,0.6322306266216792,0.0064672524933517,0.5770954603640217,0.6322306266216792,0.06995550616084778,0.03371441911013088
4,mentions,individual_bin_count_share_medium,individual_business_bins,record share,17,-0.05897080514317793,0.8221212709022471,0.38381368342249206,0.12828103598886173,0.05897080514317793,0.38381368342249206,0.881129909124224,0.29441549243345316
4,mentions,individual_bin_amount_large,individual_business_bins,dollar amount,17,0.5395229333292725,0.025403734956902915,0.6756777151650023,0.002910537651646648,0.5395229333292725,0.6756777151650023,0.10460361452842377,0.030382410007906452
4,mentions,individual_bin_amount_share_large,individual_business_bins,dollar share,17,0.07928404553547486,0.7622914503252765,0.1302215232863459,0.6183780810580441,0.07928404553547486,0.1302215232863459,0.8537664243643096,0.698168801194566
4,mentions,individual_bin_count_large,individual_business_bins,record count,17,0.5293315236956163,0.028884489381665525,0.6822404680791856,0.0025512849591198044,0.5293315236956163,0.6822404680791856,0.10784710289331005,0.030382410007906452
4,mentions,individual_bin_count_share_large,individual_business_bins,record share,17,-0.09595474786346336,0.714108784044181,0.2457009873327281,0.3418228819185263,0.09595474786346336,0.2457009873327281,0.8166531090718889,0.46014618719801614
4,mentions,business_bin_amount_micro,individual_business_bins,dollar amount,17,-0.22899888762024417,0.3766418591958056,-0.1367995867564325,0.600592418741888,0.22899888762024417,0.1367995867564325,0.566987745025944,0.6892044149497075
4,mentions,business_bin_amount_share_micro,individual_business_bins,dollar share,14,-0.24073167719512345,0.4070740140560636,-0.18353653693109082,0.5299540097353861,0.24073167719512345,0.18353653693109082,0.5815343057943766,0.6341330031021714
4,mentions,business_bin_count_micro,individual_business_bins,record count,17,-0.24326106037138231,0.3467904968381781,-0.16044875962820948,0.5384464630157599,0.24326106037138231,0.16044875962820948,0.5492593919628174,0.6388347866288677
4,mentions,business_bin_count_share_micro,individual_business_bins,record share,14,-0.24375171401126702,0.4010319035860138,-0.18353653693109082,0.5299540097353861,0.24375171401126702,0.18353653693109082,0.5815343057943766,0.6341330031021714
4,mentions,business_bin_amount_small,individual_business_bins,dollar amount,17,-0.06223135448038297,0.8124461825162204,-0.2250133442491981,0.3852297564814515,0.06223135448038297,0.2250133442491981,0.881129909124224,0.4947905129119561
4,mentions,business_bin_amount_share_small,individual_business_bins,dollar share,14,-0.030625322585138864,0.9172257427049421,-0.2443915044879853,0.39975792777778896,0.030625322585138864,0.2443915044879853,0.944202970431558,0.4996974097222362
4,mentions,business_bin_count_small,individual_business_bins,record count,17,-0.25104466805687464,0.3310868110884348,-0.29277002188456,0.25412546589060325,0.25104466805687464,0.29277002188456,0.5492593919628174,0.3825544647815533
4,mentions,business_bin_count_share_small,individual_business_bins,record share,14,-0.08340812446837173,0.776807837746836,-0.24940486086065095,0.38984862823910427,0.08340812446837173,0.24940486086065095,0.8631198197187067,0.4948716721845035
4,mentions,business_bin_amount_medium,individual_business_bins,dollar amount,17,-0.06161295089948626,0.8142792558440916,-0.08232954353919289,0.7534216114495024,0.06161295089948626,0.08232954353919289,0.881129909124224,0.811377120022541
4,mentions,business_bin_amount_share_medium,individual_business_bins,dollar share,14,0.010020083124227974,0.9728798602644928,-0.07983499466791723,0.7861624316085828,0.010020083124227974,0.07983499466791723,0.9798789959498488,0.8213637345164297
4,mentions,business_bin_count_medium,individual_business_bins,record count,17,-0.08501104079550587,0.7456359297714034,-0.07277271705343244,0.7813481778185437,0.08501104079550587,0.07277271705343244,0.8418470174838425,0.8213637345164297
4,mentions,business_bin_count_share_medium,individual_business_bins,record share,14,0.024950617277045988,0.9325279256742665,-0.07983499466791723,0.7861624316085828,0.024950617277045988,0.07983499466791723,0.9460428231478065,0.8213637345164297
4,mentions,business_bin_amount_large,individual_business_bins,dollar amount,17,-0.09477479371040877,0.7174880886845881,0.05178775984152338,0.8435195489489182,0.09477479371040877,0.05178775984152338,0.8166531090718889,0.8557444699481779
4,mentions,business_bin_amount_share_large,individual_business_bins,dollar share,14,0.24247673166692438,0.4035769996734526,0.3179687625558159,0.2679155674940841,0.24247673166692438,0.3179687625558159,0.5815343057943766,0.3969308723242592
4,mentions,business_bin_count_large,individual_business_bins,record count,17,-0.09837793424902314,0.7071847408276916,0.07270685051683898,0.7815415712422921,0.09837793424902314,0.07270685051683898,0.8166531090718889,0.8213637345164297
4,mentions,business_bin_count_share_large,individual_business_bins,record share,14,0.34426391532365935,0.22808652442013622,0.25880087102681726,0.3716310940346089,0.34426391532365935,0.25880087102681726,0.41843430943916615,0.48174401078560414
4,mentions,same_district_count,geography,record count,17,0.6544649236762328,0.004363712998461436,0.607843137254902,0.009640347735497313,0.6544649236762328,0.607843137254902,0.0374230217903842,0.040886946884869504
4,mentions,same_district_share,geography,record share,16,0.1939581353880001,0.4716613014365998,0.14411764705882352,0.5943782881736934,0.1939581353880001,0.14411764705882352,0.6473782568737645,0.6877104160687362
4,mentions,portland_count,geography,record count,17,0.6633801005280505,0.0036945328217641627,0.536764705882353,0.02631190195230553,0.6633801005280505,0.536764705882353,0.036945328217641626,0.08443485805831906
4,mentions,portland_share,geography,record share,16,-0.1736233588080921,0.520178204459337,-0.2441176470588235,0.36221349614195036,0.1736233588080921,0.2441176470588235,0.6935709392791161,0.47392420055956125
4,mentions,oregon_count,geography,record count,17,0.6419186052199671,0.005468435798759989,0.5686274509803922,0.017226738525358574,0.6419186052199671,0.5686274509803922,0.0374230217903842,0.06245414036192776
4,mentions,oregon_share,geography,record share,17,-0.12124518988200422,0.6429733901861954,-0.14705882352941177,0.5732772908660001,0.12124518988200422,0.14705882352941177,0.7760023674660979,0.6688235060103335
4,mentions,same_district_bin_count_micro,geography_bins,record count,17,0.6404278497731997,0.00561345326855763,0.6315145270370076,0.006546534780555198,0.6404278497731997,0.6315145270370076,0.0374230217903842,0.03371441911013088
4,mentions,same_district_bin_count_share_micro,geography_bins,record share,16,0.025828282482575918,0.9243564921002496,-0.11176470588235293,0.6802736949858407,0.025828282482575918,0.11176470588235293,0.9445978751389412,0.7499080102206118
4,mentions,same_district_bin_count_small,geography_bins,record count,17,0.574534338319825,0.015854275816780575,0.5556264713005259,0.020575509990373237,0.574534338319825,0.5556264713005259,0.06995550616084778,0.07201428496630634
4,mentions,same_district_bin_count_share_small,geography_bins,record share,16,0.21494127949362243,0.4240393102710439,0.19426053824273587,0.47095699353685855,0.21494127949362243,0.19426053824273587,0.5996515498782439,0.5733389486535669
4,mentions,same_district_bin_count_medium,geography_bins,record count,17,0.4657844901667856,0.05951732890766173,0.5679168154898782,0.017397939100822733,0.4657844901667856,0.5679168154898782,0.1700495111647478,0.06245414036192776
4,mentions,same_district_bin_count_share_medium,geography_bins,record share,16,-0.14779957105569058,0.5848894083420416,0.3038361301972275,0.2525964557403824,0.14779957105569058,0.3038361301972275,0.7512341024576681,0.3825544647815533
4,mentions,same_district_bin_count_large,geography_bins,record count,17,0.43257306800609463,0.08287772841126903,0.6576552259862419,0.004113824207805696,0.43257306800609463,0.6576552259862419,0.23205763955155329,0.030382410007906452
4,mentions,same_district_bin_count_share_large,geography_bins,record share,16,-0.1633476347533786,0.5455300765059146,0.3796910520198928,0.14690505016011748,0.1633476347533786,0.3796910520198928,0.7137776701946547,0.321354797225257
4,mentions,portland_bin_count_micro,geography_bins,record count,17,0.5495514490852162,0.022304567027521954,0.5730065663041756,0.016200707055322366,0.5495514490852162,0.5730065663041756,0.09462543587433557,0.061299972641760306
4,mentions,portland_bin_count_share_micro,geography_bins,record share,16,-0.0030104603010003422,0.991171632400442,-0.16176470588235295,0.5494831434036931,0.0030104603010003422,0.16176470588235295,0.991171632400442,0.6464507569455213
4,mentions,portland_bin_count_small,geography_bins,record count,17,0.6281311593521284,0.006931751297395439,0.5784313725490197,0.014996936854650129,0.6281311593521284,0.5784313725490197,0.044111144619789155,0.05832142110141717
4,mentions,portland_bin_count_share_small,geography_bins,record share,16,0.20702426977679325,0.4417060189047368,0.22958063610505147,0.39236254008914206,0.20702426977679325,0.22958063610505147,0.6134029668079722,0.4948716721845035
4,mentions,portland_bin_count_medium,geography_bins,record count,17,0.48869901397601273,0.04652720267133121,0.5502902766949597,0.022088451368901984,0.48869901397601273,0.5502902766949597,0.1514839156741016,0.07542398028405554
4,mentions,portland_bin_count_share_medium,geography_bins,record share,16,-0.12620028741424155,0.6414141839640819,0.2831870728051829,0.2878661725071163,0.12620028741424155,0.2831870728051829,0.7760023674660979,0.4198048349062113
4,mentions,portland_bin_count_large,geography_bins,record count,17,0.3495460464661455,0.16904237509143677,0.6252365702691729,0.007275569627247305,0.3495460464661455,0.6252365702691729,0.33782190307524335,0.03512343957981458
4,mentions,portland_bin_count_share_large,geography_bins,record share,16,-0.18187849223419272,0.5002113219456976,0.21780727015094628,0.4177357681071878,0.18187849223419272,0.21780727015094628,0.6798988841980356,0.513008838026371
4,mentions,oregon_bin_count_micro,geography_bins,record count,17,0.47256593313333495,0.055422222308043,0.4549357078266599,0.0665297606170991,0.47256593313333495,0.4549357078266599,0.16164814839845876,0.1818604849753913
4,mentions,oregon_bin_count_share_micro,geography_bins,record share,17,-0.12193892432630153,0.6410595811090896,-0.32843137254901966,0.19806893186877203,0.12193892432630153,0.32843137254901966,0.7760023674660979,0.3301148864479534
4,mentions,oregon_bin_count_small,geography_bins,record count,17,0.6862427163959649,0.0023505819595169993,0.6470588235294119,0.004991395929870346,0.6862427163959649,0.6470588235294119,0.02714277735091025,0.030382410007906452
4,mentions,oregon_bin_count_share_small,geography_bins,record share,17,0.33255788480216464,0.19215570919173747,0.3308823529411765,0.194542528266613,0.33255788480216464,0.3308823529411765,0.3635378282005844,0.3281440235822388
4,mentions,oregon_bin_count_medium,geography_bins,record count,17,0.5841487956324657,0.013805645874245175,0.6100902544831768,0.009304351755940223,0.5841487956324657,0.6100902544831768,0.06995550616084778,0.040886946884869504
4,mentions,oregon_bin_count_share_medium,geography_bins,record share,17,-0.05605983078062313,0.8307796286028397,0.36855148099909213,0.14548743483503904,0.05605983078062313,0.36855148099909213,0.881129909124224,0.321354797225257
4,mentions,oregon_bin_count_large,geography_bins,record count,17,0.5290062880319962,0.029001314148995542,0.5921393794718747,0.012267240642565957,0.5290062880319962,0.5921393794718747,0.10784710289331005,0.04906896257026383
4,mentions,oregon_bin_count_share_large,geography_bins,record share,17,-0.10827837835632557,0.679124884665949,0.23587294783941895,0.362081396139017,0.10827837835632557,0.23587294783941895,0.8126280671216484,0.47392420055956125
4,mentions,oregon_bin_count_mega,geography_bins,record count,17,0.3441655640694061,0.17614999231780548,0.33694239521923985,0.1860014348618251,0.3441655640694061,0.33694239521923985,0.33782190307524335,0.3281440235822388
4,mentions,oregon_bin_count_share_mega,geography_bins,record share,17,0.36131754948726,0.15417072057229433,0.33694239521923985,0.1860014348618251,0.36131754948726,0.33694239521923985,0.33782190307524335,0.3281440235822388
4,first_place_votes,total_amount,scale,dollar amount,17,0.7765366267701935,0.0002464776932918649,0.7009803921568628,0.0017194111989726412,0.7765366267701935,0.7009803921568628,0.004313359632607636,0.030814593953207372
4,first_place_votes,total_record_count,scale,record count,17,0.6082616158606781,0.009577054125506182,0.5416666666666667,0.024714801734579784,0.6082616158606781,0.5416666666666667,0.04729306584166651,0.08046679634514348
4,first_place_votes,mean_amount,scale,dollar amount,17,0.03705537786918565,0.8877172640052413,0.3995098039215687,0.11211790882594828,0.03705537786918565,0.3995098039215687,0.9181848168192617,0.2310974514953011
4,first_place_votes,median_amount,scale,dollar amount,17,-0.018618770004393687,0.9434571573507444,0.3500337893756689,0.16840774158615635,0.018618770004393687,0.3500337893756689,0.9502446189144188,0.2562726502398031
4,first_place_votes,bin_amount_micro,overall_bins,dollar amount,17,0.6046507673752004,0.010134228394642822,0.7083333333333334,0.0014610497738465633,0.6046507673752004,0.7083333333333334,0.04729306584166651,0.030814593953207372
4,first_place_votes,bin_amount_share_micro,overall_bins,dollar share,17,-0.3378072723711034,0.1848030556633313,-0.34313725490196084,0.17753073968099276,0.3378072723711034,0.34313725490196084,0.4100424094322165,0.26440748463126584
4,first_place_votes,bin_count_micro,overall_bins,record count,17,0.3845917230088417,0.12744370302048116,0.44852941176470595,0.07094643963763717,0.3845917230088417,0.44852941176470595,0.32465049543155977,0.17125002671153797
4,first_place_votes,bin_count_share_micro,overall_bins,record share,17,-0.1986469002335765,0.4446756496382658,-0.4191176470588236,0.09401767970071613,0.1986469002335765,0.4191176470588236,0.6288342520137091,0.2089281771127025
4,first_place_votes,bin_amount_small,overall_bins,dollar amount,17,0.820998866026738,5.362889835843189e-05,0.6646230556389479,0.0036082539354311636,0.820998866026738,0.6646230556389479,0.0026580324808272676,0.030814593953207372
4,first_place_votes,bin_amount_share_small,overall_bins,dollar share,17,0.500025765583795,0.04095688775601622,0.4803921568627451,0.050961600052324425,0.500025765583795,0.4803921568627451,0.13652295918672075,0.1456045715780698
4,first_place_votes,bin_count_small,overall_bins,record count,17,0.7896257653691279,0.00016331700625784682,0.6768854736396664,0.0028415007159059633,0.7896257653691279,0.6768854736396664,0.003954826223857432,0.030814593953207372
4,first_place_votes,bin_count_share_small,overall_bins,record share,17,0.40394970668631225,0.10781974027901328,0.4191176470588236,0.09401767970071613,0.40394970668631225,0.4191176470588236,0.2959757576286639,0.2089281771127025
4,first_place_votes,bin_amount_medium,overall_bins,dollar amount,17,0.7469736172906024,0.0005698563991708575,0.6736201389742877,0.0030312961766642246,0.7469736172906024,0.6736201389742877,0.005928169944248666,0.030814593953207372
4,first_place_votes,bin_amount_share_medium,overall_bins,dollar share,17,0.3002222091543782,0.24167221942908082,0.3801349580222765,0.13229197114462066,0.3002222091543782,0.3801349580222765,0.4126111063423331,0.2310974514953011
4,first_place_votes,bin_count_medium,overall_bins,record count,17,0.7520876468916924,0.0004969786327992891,0.6350828154702622,0.006159096819053487,0.7520876468916924,0.6350828154702622,0.005922291153099072,0.033057153426895095
4,first_place_votes,bin_count_share_medium,overall_bins,record share,17,0.038926982360355494,0.8820823316036678,0.47578181842788153,0.05355540911569533,0.038926982360355494,0.47578181842788153,0.9181848168192617,0.1499551455239469
4,first_place_votes,bin_amount_large,overall_bins,dollar amount,17,0.5426799202695454,0.02439425222267735,0.6191664880784747,0.008040997000242803,0.5426799202695454,0.6191664880784747,0.09230257597769809,0.03709979956157523
4,first_place_votes,bin_amount_share_large,overall_bins,dollar share,17,0.014848601609862663,0.9548943549540005,0.14742059239963684,0.5723238113609056,0.014848601609862663,0.14742059239963684,0.9548943549540005,0.6410026687242142
4,first_place_votes,bin_count_large,overall_bins,record count,17,0.5368997607081343,0.026266858254406934,0.6330699838932983,0.006375308160901197,0.5368997607081343,0.6330699838932983,0.09677263567413082,0.033057153426895095
4,first_place_votes,bin_count_share_large,overall_bins,record share,17,-0.05246496380826595,0.8414975010956236,0.2899271650526191,0.25897949941675796,0.05246496380826595,0.2899271650526191,0.9181848168192617,0.3726139652887662
4,first_place_votes,bin_amount_mega,overall_bins,dollar amount,17,0.31025614611580665,0.2255233251877191,0.3807011478451152,0.1316690602553389,0.31025614611580665,0.3807011478451152,0.4100424094322165,0.2310974514953011
4,first_place_votes,bin_amount_share_mega,overall_bins,dollar share,17,0.245409906207513,0.34241336080646173,0.363197646794765,0.1518808380534747,0.245409906207513,0.363197646794765,0.5639078732140168,0.24913573610197542
4,first_place_votes,bin_count_mega,overall_bins,record count,17,0.3171804322064079,0.214791819460807,0.3807011478451152,0.1316690602553389,0.3171804322064079,0.3807011478451152,0.4100424094322165,0.2310974514953011
4,first_place_votes,bin_count_share_mega,overall_bins,record share,17,0.30145375962687593,0.23965193849030875,0.3807011478451152,0.1316690602553389,0.30145375962687593,0.3807011478451152,0.4126111063423331,0.2310974514953011
4,first_place_votes,cash_amount,cash_in_kind,dollar amount,17,0.751303204805537,0.0005076249559799205,0.661764705882353,0.0038091599277271593,0.751303204805537,0.661764705882353,0.005922291153099072,0.030814593953207372
4,first_place_votes,cash_amount_share,cash_in_kind,dollar share,17,-0.12312812925581475,0.6377838877152515,-0.10396986883017494,0.6912896294816813,0.12312812925581475,0.10396986883017494,0.8102102736765024,0.743756848805932
4,first_place_votes,cash_count,cash_in_kind,record count,17,0.6094766319494713,0.00939516105569643,0.5416666666666667,0.024714801734579784,0.6094766319494713,0.5416666666666667,0.04729306584166651,0.08046679634514348
4,first_place_votes,cash_count_share,cash_in_kind,record share,17,0.20229305572533623,0.436187838118811,0.04885331185996172,0.8522919827387051,0.20229305572533623,0.04885331185996172,0.6242845925163748,0.8584235797368253
4,first_place_votes,in_kind_amount,cash_in_kind,dollar amount,17,0.30644229997008215,0.23157792044061154,0.3954272230811409,0.11617564763759508,0.30644229997008215,0.3954272230811409,0.410391251413742,0.2310974514953011
4,first_place_votes,in_kind_amount_share,cash_in_kind,dollar share,17,0.21461500193184643,0.40813322984059436,0.3556191133749858,0.1612543109117325,0.21461500193184643,0.3556191133749858,0.607858001890247,0.24913573610197542
4,first_place_votes,in_kind_count,cash_in_kind,record count,17,0.30074522095510514,0.24081294450622323,0.45512215741566603,0.06640432894203144,0.30074522095510514,0.45512215741566603,0.4126111063423331,0.17125002671153797
4,first_place_votes,in_kind_count_share,cash_in_kind,record share,17,0.12474630467699924,0.6333367538116293,0.32642649959047204,0.20098442125952867,0.12474630467699924,0.32642649959047204,0.8102102736765024,0.296187568171937
4,first_place_votes,cash_bin_amount_micro,cash_in_kind_bins,dollar amount,17,0.6049386821232686,0.010088876932243963,0.7083333333333334,0.0014610497738465633,0.6049386821232686,0.7083333333333334,0.04729306584166651,0.030814593953207372
4,first_place_votes,cash_bin_amount_share_micro,cash_in_kind_bins,dollar share,17,-0.317535783971747,0.21425014249162858,-0.34558823529411764,0.17425156925857005,0.317535783971747,0.34558823529411764,0.4100424094322165,0.2623141902817184
4,first_place_votes,cash_bin_count_micro,cash_in_kind_bins,record count,17,0.3845008857747787,0.1275412660623985,0.44852941176470595,0.07094643963763717,0.3845008857747787,0.44852941176470595,0.32465049543155977,0.17125002671153797
4,first_place_votes,cash_bin_count_share_micro,cash_in_kind_bins,record share,17,-0.20349188059921014,0.43341552352129353,-0.4534313725490197,0.06754818013371677,0.20349188059921014,0.4534313725490197,0.6242845925163748,0.17125002671153797
4,first_place_votes,cash_bin_amount_small,cash_in_kind_bins,dollar amount,17,0.8194397392274668,5.695783887487002e-05,0.6646230556389479,0.0036082539354311636,0.8194397392274668,0.6646230556389479,0.0026580324808272676,0.030814593953207372
4,first_place_votes,cash_bin_amount_share_small,cash_in_kind_bins,dollar share,17,0.563135295003657,0.018584822441385554,0.7573529411764707,0.0004302161190606453,0.563135295003657,0.7573529411764707,0.07702039457346982,0.030814593953207372
4,first_place_votes,cash_bin_count_small,cash_in_kind_bins,record count,17,0.7882407058771923,0.00017081305826564068,0.6768854736396664,0.0028415007159059633,0.7882407058771923,0.6768854736396664,0.003954826223857432,0.030814593953207372
4,first_place_votes,cash_bin_count_share_small,cash_in_kind_bins,record share,17,0.40792256993615905,0.1040738648088061,0.45861443322687545,0.06408702169098161,0.40792256993615905,0.45861443322687545,0.2959757576286639,0.17125002671153797
4,first_place_votes,cash_bin_amount_medium,cash_in_kind_bins,dollar amount,17,0.7348000840402285,0.0007796613220626365,0.6539882223557293,0.004402084850458196,0.7348000840402285,0.6539882223557293,0.006064032504931618,0.030814593953207372
4,first_place_votes,cash_bin_amount_share_medium,cash_in_kind_bins,dollar share,17,0.313754602885709,0.2200592813233859,0.36787254002155784,0.14628781415975992,0.313754602885709,0.36787254002155784,0.4100424094322165,0.24381302359959986
4,first_place_votes,cash_bin_count_medium,cash_in_kind_bins,record count,17,0.7381963096728318,0.0007155702932933911,0.6469908747140141,0.004997474795341256,0.7381963096728318,0.6469908747140141,0.005998271006545013,0.030856298198946357
4,first_place_votes,cash_bin_count_share_medium,cash_in_kind_bins,record share,17,0.038140246218116916,0.8844503607981945,0.45370946602658807,0.06735905448301448,0.038140246218116916,0.45370946602658807,0.9181848168192617,0.17125002671153797
4,first_place_votes,cash_bin_amount_large,cash_in_kind_bins,dollar amount,17,0.5238891344931759,0.030887709929039914,0.6265375176984566,0.007119390933458726,0.5238891344931759,0.6265375176984566,0.10547022902598994,0.03526195819512397
4,first_place_votes,cash_bin_amount_share_large,cash_in_kind_bins,dollar share,17,0.026735285427318053,0.9188730222559122,0.13513554303300043,0.6050720352998914,0.026735285427318053,0.13513554303300043,0.9321900225784616,0.6627757095448789
4,first_place_votes,cash_bin_count_large,cash_in_kind_bins,record count,17,0.5245636743821369,0.0306337970699099,0.637987032311887,0.005857570480208928,0.5245636743821369,0.637987032311887,0.10547022902598994,0.03299730451560956
4,first_place_votes,cash_bin_count_share_large,cash_in_kind_bins,record share,17,-0.04721551083815555,0.8571953277888048,0.24815799720605536,0.33686195029167365,0.04721551083815555,0.24815799720605536,0.9181848168192617,0.4534680100080222
4,first_place_votes,in_kind_bin_amount_micro,cash_in_kind_bins,dollar amount,17,0.3239461577199717,0.204629946759703,0.3572172541558802,0.1592459066983778,0.3239461577199717,0.3572172541558802,0.4100424094322165,0.24913573610197542
4,first_place_votes,in_kind_bin_amount_share_micro,cash_in_kind_bins,dollar share,8,0.7148633058846715,0.046268861873455414,0.5773502691896258,0.1339745962155612,0.7148633058846715,0.5773502691896258,0.14394757027297267,0.2310974514953011
4,first_place_votes,in_kind_bin_count_micro,cash_in_kind_bins,record count,17,0.3239461577199717,0.204629946759703,0.3572172541558802,0.1592459066983778,0.3239461577199717,0.3572172541558802,0.4100424094322165,0.24913573610197542
4,first_place_votes,in_kind_bin_count_share_micro,cash_in_kind_bins,record share,8,0.7148633058846714,0.046268861873455504,0.5773502691896258,0.1339745962155612,0.7148633058846714,0.5773502691896258,0.14394757027297267,0.2310974514953011
4,first_place_votes,in_kind_bin_amount_small,cash_in_kind_bins,dollar amount,17,0.3254270886897045,0.2024481814092206,0.3807011478451152,0.1316690602553389,0.3254270886897045,0.3807011478451152,0.4100424094322165,0.2310974514953011
4,first_place_votes,in_kind_bin_amount_share_small,cash_in_kind_bins,dollar share,8,0.7155561158506809,0.04595890570555059,0.545544725589981,0.16193822846628403,0.7155561158506809,0.545544725589981,0.14394757027297267,0.24913573610197542
4,first_place_votes,in_kind_bin_count_small,cash_in_kind_bins,record count,17,0.32527266758573037,0.20267496878962132,0.3807011478451152,0.1316690602553389,0.32527266758573037,0.3807011478451152,0.4100424094322165,0.2310974514953011
4,first_place_votes,in_kind_bin_count_share_small,cash_in_kind_bins,record share,8,0.6872453017630078,0.05966303229378962,0.545544725589981,0.16193822846628403,0.6872453017630078,0.545544725589981,0.17771967066235209,0.24913573610197542
4,first_place_votes,in_kind_bin_amount_medium,cash_in_kind_bins,dollar amount,17,0.14723477320790504,0.5728134728809482,0.49901205198873105,0.041433731888590106,0.14723477320790504,0.49901205198873105,0.7710950596474302,0.12560820194971697
4,first_place_votes,in_kind_bin_amount_share_medium,cash_in_kind_bins,dollar share,8,0.1811937282577082,0.6676245217055841,0.36147201953390995,0.37896407380977526,0.1811937282577082,0.36147201953390995,0.8164252433057746,0.4958408442370892
4,first_place_votes,in_kind_bin_count_medium,cash_in_kind_bins,record count,17,0.1601811501091001,0.5391331429099231,0.5027241430507131,0.03970785792518142,0.1601811501091001,0.5027241430507131,0.7399866667391102,0.12560820194971697
4,first_place_votes,in_kind_bin_count_share_medium,cash_in_kind_bins,record share,8,0.1733235967990177,0.6814681317257649,0.4337664234406919,0.28294767091803963,0.1733235967990177,0.4337664234406919,0.8164252433057746,0.3874692134630248
4,first_place_votes,in_kind_bin_amount_large,cash_in_kind_bins,dollar amount,17,0.2541978716804351,0.32484446952876905,0.14002800840280097,0.5919400736705165,0.2541978716804351,0.14002800840280097,0.5479304305304539,0.6577111929672406
4,first_place_votes,in_kind_bin_amount_share_large,cash_in_kind_bins,dollar share,8,-0.6452845483876852,0.08400037203355828,-0.7242672088068488,0.04216846779740498,0.6452845483876852,0.7242672088068488,0.24500108509787832,0.12560820194971697
4,first_place_votes,in_kind_bin_count_large,cash_in_kind_bins,record count,17,0.18866283620858124,0.4683427221748302,0.15198070102537,0.5603635054514203,0.18866283620858124,0.15198070102537,0.6491879317274875,0.6367647899217236
4,first_place_votes,in_kind_bin_count_share_large,cash_in_kind_bins,record share,8,-0.5712132213911543,0.1391431635533023,-0.7242672088068488,0.04216846779740498,0.5712132213911543,0.7242672088068488,0.33277480745752364,0.12560820194971697
4,first_place_votes,in_kind_bin_amount_mega,cash_in_kind_bins,dollar amount,17,0.31025614611580665,0.2255233251877191,0.3807011478451152,0.1316690602553389,0.31025614611580665,0.3807011478451152,0.4100424094322165,0.2310974514953011
4,first_place_votes,in_kind_bin_amount_share_mega,cash_in_kind_bins,dollar share,8,0.5063814758945666,0.20035813384312523,0.4520227726316985,0.26082977570213634,0.5063814758945666,0.4520227726316985,0.4100424094322165,0.3726139652887662
4,first_place_votes,in_kind_bin_count_mega,cash_in_kind_bins,record count,17,0.3171804322064079,0.214791819460807,0.3807011478451152,0.1316690602553389,0.3171804322064079,0.3807011478451152,0.4100424094322165,0.2310974514953011
4,first_place_votes,in_kind_bin_count_share_mega,cash_in_kind_bins,record share,8,0.5458911911073852,0.1616179166717849,0.545544725589981,0.16193822846628403,0.5458911911073852,0.545544725589981,0.37092636613196533,0.24913573610197542
4,first_place_votes,individual_amount,individual_business,dollar amount,17,0.7649862516932242,0.0003468063692406089,0.7107843137254903,0.0013823912026904083,0.7649862516932242,0.7107843137254903,0.004855289169368525,0.030814593953207372
4,first_place_votes,individual_amount_share,individual_business,dollar share,17,-0.034973885886264655,0.8939900817841687,-0.1667688848097729,0.5223445066581807,0.034973885886264655,0.1667688848097729,0.9181848168192617,0.6094019244345441
4,first_place_votes,individual_count,individual_business,record count,17,0.6104908058754911,0.009245453131949105,0.5441176470588236,0.023944958290257605,0.6104908058754911,0.5441176470588236,0.04729306584166651,0.08046679634514348
4,first_place_votes,individual_count_share,individual_business,record share,17,0.23016312109898462,0.3741533481947208,0.024524836001437192,0.92556226940861,0.23016312109898462,0.024524836001437192,0.5844211645635031,0.92556226940861
4,first_place_votes,business_amount,individual_business,dollar amount,17,-0.12145984126733583,0.6423810027006555,0.07006793996488933,0.7892996305369292,0.12145984126733583,0.07006793996488933,0.8102102736765024,0.8065835640523364
4,first_place_votes,business_amount_share,individual_business,dollar share,17,-0.31485135472608083,0.21836400058701871,-0.19656078986618247,0.44956952167237857,0.31485135472608083,0.19656078986618247,0.4100424094322165,0.5721793912193909
4,first_place_votes,business_count,individual_business,record count,17,-0.1909918507925092,0.46276670457327096,-0.08286718847832088,0.7518587409998091,0.1909918507925092,0.08286718847832088,0.6478733864025793,0.7914302536840097
4,first_place_votes,business_count_share,individual_business,record share,17,-0.3647522273492838,0.1500050209612345,-0.4078636389723286,0.10412874303087408,0.3647522273492838,0.4078636389723286,0.35001171557621386,0.22778162538003704
4,first_place_votes,individual_bin_amount_micro,individual_business_bins,dollar amount,17,0.6054064014459624,0.010015547641335606,0.7083333333333334,0.0014610497738465633,0.6054064014459624,0.7083333333333334,0.04729306584166651,0.030814593953207372
4,first_place_votes,individual_bin_amount_share_micro,individual_business_bins,dollar share,17,-0.32720397803561274,0.1998505025594838,-0.37500000000000006,0.13803484396804877,0.32720397803561274,0.37500000000000006,0.4100424094322165,0.23282985729550396
4,first_place_votes,individual_bin_count_micro,individual_business_bins,record count,17,0.3849624759973652,0.12704603757488178,0.44852941176470595,0.07094643963763717,0.3849624759973652,0.44852941176470595,0.32465049543155977,0.17125002671153797
4,first_place_votes,individual_bin_count_share_micro,individual_business_bins,record share,17,-0.2065553631291412,0.4263728006547906,-0.4338235294117647,0.08189345203365919,0.2065553631291412,0.4338235294117647,0.6242845925163748,0.19108472141187147
4,first_place_votes,individual_bin_amount_small,individual_business_bins,dollar amount,17,0.8215042472442304,5.2585728018412406e-05,0.6646230556389479,0.0036082539354311636,0.8215042472442304,0.6646230556389479,0.0026580324808272676,0.030814593953207372
4,first_place_votes,individual_bin_amount_share_small,individual_business_bins,dollar share,17,0.5283804856188133,0.029227125577075953,0.6666666666666667,0.0034699602434103993,0.5283804856188133,0.6666666666666667,0.10491788668693931,0.030814593953207372
4,first_place_votes,individual_bin_count_small,individual_business_bins,record count,17,0.7905778590701824,0.000158325817237797,0.6768854736396664,0.0028415007159059633,0.7905778590701824,0.6768854736396664,0.003954826223857432,0.030814593953207372
4,first_place_votes,individual_bin_count_share_small,individual_business_bins,record share,17,0.40516393622754576,0.10666490059217541,0.4803921568627451,0.050961600052324425,0.40516393622754576,0.4803921568627451,0.2959757576286639,0.1456045715780698
4,first_place_votes,individual_bin_amount_medium,individual_business_bins,dollar amount,17,0.7374989141256052,0.0007283614793661802,0.6638041806650085,0.003664909363915855,0.7374989141256052,0.6638041806650085,0.005998271006545013,0.030814593953207372
4,first_place_votes,individual_bin_amount_share_medium,individual_business_bins,dollar share,17,0.3176413803799716,0.2140893478293193,0.3825874416224202,0.1296084872600888,0.3176413803799716,0.3825874416224202,0.4100424094322165,0.2310974514953011
4,first_place_votes,individual_bin_count_medium,individual_business_bins,record count,17,0.7401910417906624,0.0006800078106764761,0.6506809367370978,0.004675890988776371,0.7401910417906624,0.6506809367370978,0.005998271006545013,0.030856298198946357
4,first_place_votes,individual_bin_count_share_medium,individual_business_bins,record share,17,0.03702289058967023,0.8878151207399768,0.4389945644257257,0.07791314530774668,0.03702289058967023,0.4389945644257257,0.9181848168192617,0.18487864988278874
4,first_place_votes,individual_bin_amount_large,individual_business_bins,dollar amount,17,0.5659149266005995,0.017887396911366538,0.6461935966850748,0.005069248989826901,0.5659149266005995,0.6461935966850748,0.07702039457346982,0.030856298198946357
4,first_place_votes,individual_bin_amount_share_large,individual_business_bins,dollar share,17,0.044120316658460154,0.8664752636971814,0.157248631892946,0.5466835549381013,0.044120316658460154,0.157248631892946,0.9181848168192617,0.6273417843551982
4,first_place_votes,individual_bin_count_large,individual_business_bins,record count,17,0.5626647810833707,0.01870495296784267,0.6588844880908892,0.004020691519015267,0.5626647810833707,0.6588844880908892,0.07702039457346982,0.030814593953207372
4,first_place_votes,individual_bin_count_share_large,individual_business_bins,record share,17,-0.04245648547020153,0.8714706217671585,0.28009912555931,0.2762003887732054,0.04245648547020153,0.28009912555931,0.9181848168192617,0.38668054428248755
4,first_place_votes,business_bin_amount_micro,individual_business_bins,dollar amount,17,-0.22084640421139343,0.3943219714517727,-0.16271950845765132,0.5326356481181189,0.22084640421139343,0.16271950845765132,0.6000551739483498,0.6162726507151789
4,first_place_votes,business_bin_amount_share_micro,individual_business_bins,dollar share,14,-0.2435888871411144,0.4013564683959987,-0.21045522901431749,0.4701807393886811,0.2435888871411144,0.21045522901431749,0.6041925330692454,0.5774149431089066
4,first_place_votes,business_bin_count_micro,individual_business_bins,record count,17,-0.2487343136630084,0.335704351027146,-0.1837867610286763,0.480123774848645,0.2487343136630084,0.1837867610286763,0.5595072517119101,0.579459728265606
4,first_place_votes,business_bin_count_share_micro,individual_business_bins,record share,14,-0.25668163644187036,0.3756993200765377,-0.21045522901431749,0.4701807393886811,0.25668163644187036,0.21045522901431749,0.5844211645635031,0.5774149431089066
4,first_place_votes,business_bin_amount_small,individual_business_bins,dollar amount,17,-0.11151273493261257,0.6700416913737025,-0.1838523666426375,0.4799643118988343,0.11151273493261257,0.1838523666426375,0.8164252433057746,0.579459728265606
4,first_place_votes,business_bin_amount_share_small,individual_business_bins,dollar share,14,0.04676265040207178,0.8738721946668035,-0.21384256642698712,0.4628970576155027,0.04676265040207178,0.21384256642698712,0.9181848168192617,0.5774149431089066
4,first_place_votes,business_bin_count_small,individual_business_bins,record count,17,-0.2407870567479278,0.35186925956501175,-0.24397501823713336,0.345332661515923,0.2407870567479278,0.24397501823713336,0.5639078732140168,0.46044354868789733
4,first_place_votes,business_bin_count_share_small,individual_business_bins,record share,14,-0.04461509462115301,0.8796252595513788,-0.21175884412696774,0.4673711328630259,0.04461509462115301,0.21175884412696774,0.9181848168192617,0.5774149431089066
4,first_place_votes,business_bin_amount_medium,individual_business_bins,dollar amount,17,-0.12838412083648243,0.6233825787615019,-0.07244999831448973,0.7822958410060026,0.12838412083648243,0.07244999831448973,0.8102102736765024,0.8053045422120615
4,first_place_votes,business_bin_amount_share_medium,individual_business_bins,dollar share,14,-0.09278326555880329,0.7523995201545142,-0.0853408563691529,0.7717594800005777,0.09278326555880329,0.0853408563691529,0.8926773967934913,0.8003431644450435
4,first_place_votes,business_bin_count_medium,individual_business_bins,record count,17,-0.15301594343428548,0.5576634648661692,-0.0661570155031204,0.8008315588842483,0.15301594343428548,0.0661570155031204,0.7579891755462494,0.8124378133608315
4,first_place_votes,business_bin_count_share_medium,individual_business_bins,record share,14,-0.08651136450286662,0.7687061386028948,-0.0853408563691529,0.7717594800005777,0.08651136450286662,0.0853408563691529,0.9043601630622292,0.8003431644450435
4,first_place_votes,business_bin_amount_large,individual_business_bins,dollar amount,17,-0.10918272842015292,0.6765808858119781,0.09162449818115674,0.7265344621695035,0.10918272842015292,0.09162449818115674,0.8164252433057746,0.7705668538161401
4,first_place_votes,business_bin_amount_share_large,individual_business_bins,dollar share,14,0.24849121081640083,0.39164478753725884,0.30881858233838233,0.2826873995068075,0.24849121081640083,0.30881858233838233,0.6000551739483498,0.3874692134630248
4,first_place_votes,business_bin_count_large,individual_business_bins,record count,17,-0.10715193187765187,0.6822982390483974,0.10232815998666225,0.6959439085255507,0.10715193187765187,0.10232815998666225,0.8164252433057746,0.743756848805932
4,first_place_votes,business_bin_count_share_large,individual_business_bins,record share,14,0.4148379107964197,0.1402408117142421,0.2565105978318897,0.376028694686242,0.4148379107964197,0.2565105978318897,0.33277480745752364,0.4958408442370892
4,first_place_votes,same_district_count,geography,record count,17,0.6975125824945514,0.0018536558015831838,0.625,0.007304262768989965,0.6975125824945514,0.625,0.012357705343887892,0.03526195819512397
4,first_place_votes,same_district_share,geography,record share,16,0.13548258224957796,0.6168727814659224,0.18235294117647058,0.4990748572458002,0.13548258224957796,0.18235294117647058,0.8102102736765024,0.5971835898667694
4,first_place_votes,portland_count,geography,record count,17,0.7240730500447206,0.0010140987883242645,0.5612745098039216,0.01906346540320027,0.7240730500447206,0.5612745098039216,0.007472306861336687,0.06672212891120095
4,first_place_votes,portland_share,geography,record share,16,-0.11837451585748669,0.6623798956778004,-0.1764705882352941,0.5132505967364671,0.11837451585748669,0.1764705882352941,0.8164252433057746,0.6038242314546672
4,first_place_votes,oregon_count,geography,record count,17,0.6054494112363636,0.010008825900797045,0.5710784313725491,0.016646381649637165,0.6054494112363636,0.5710784313725491,0.04729306584166651,0.06298630894457306
4,first_place_votes,oregon_share,geography,record share,17,-0.07370840068923654,0.7786021922862018,-0.13480392156862747,0.6059663630124607,0.07370840068923654,0.13480392156862747,0.9083692243339021,0.6627757095448789
4,first_place_votes,same_district_bin_count_micro,geography_bins,record count,17,0.5830282850670093,0.014033021279406857,0.637645736037367,0.00589237580635885,0.5830282850670093,0.637645736037367,0.06337493481022452,0.03299730451560956
4,first_place_votes,same_district_bin_count_share_micro,geography_bins,record share,16,-0.05459211403294778,0.8408522525519351,-0.12058823529411765,0.6564245147485953,0.05459211403294778,0.12058823529411765,0.9181848168192617,0.7123986981767702
4,first_place_votes,same_district_bin_count_small,geography_bins,record count,17,0.7097912517748746,0.0014138301446898285,0.5630020439284089,0.01861878235877873,0.7097912517748746,0.5630020439284089,0.0098968110128288,0.06672212891120095
4,first_place_votes,same_district_bin_count_share_small,geography_bins,record share,16,0.24802811931293683,0.35432997597841087,0.15599709889189395,0.5639916710735265,0.24802811931293683,0.15599709889189395,0.5639078732140168,0.6367647899217236
4,first_place_votes,same_district_bin_count_medium,geography_bins,record count,17,0.6436276119633458,0.005305919958785808,0.581497434990723,0.014348427689757658,0.6436276119633458,0.581497434990723,0.03229690409695709,0.05579944101572423
4,first_place_votes,same_district_bin_count_share_medium,geography_bins,record share,16,-0.056259196953598455,0.8360527663688442,0.32153532224755144,0.2245994312499686,0.056259196953598455,0.32153532224755144,0.9181848168192617,0.32754083723953753
4,first_place_votes,same_district_bin_count_large,geography_bins,record count,17,0.48540179009330525,0.048251101692167085,0.6564259638815947,0.004208697725114655,0.48540179009330525,0.6564259638815947,0.1468511790631172,0.030814593953207372
4,first_place_votes,same_district_bin_count_share_large,geography_bins,record share,16,-0.12599909523001393,0.6419501026090083,0.3899927472297349,0.13535707873296207,0.12599909523001393,0.3899927472297349,0.8102102736765024,0.2310974514953011
4,first_place_votes,portland_bin_count_micro,geography_bins,record count,17,0.5447553687851063,0.023747735176595598,0.5901844933454142,0.012630409087436779,0.5447553687851063,0.5901844933454142,0.09230257597769809,0.05200756683062203
4,first_place_votes,portland_bin_count_share_micro,geography_bins,record share,16,-0.06350799736161107,0.8152486494543131,-0.17941176470588235,0.5061395399904387,0.06350799736161107,0.17941176470588235,0.9181848168192617,0.600504538971707
4,first_place_votes,portland_bin_count_small,geography_bins,record count,17,0.7655145244726823,0.00034157294295296734,0.5955882352941178,0.01164673138054415,0.7655145244726823,0.5955882352941178,0.004855289169368525,0.04941037555382367
4,first_place_votes,portland_bin_count_share_small,geography_bins,record share,16,0.24796503847062634,0.35445637744881053,0.22369395312799886,0.4049436432683513,0.24796503847062634,0.22369395312799886,0.5639078732140168,0.5249269449774924
4,first_place_votes,portland_bin_count_medium,geography_bins,record count,17,0.6679333336399821,0.0033864281936386476,0.5650962931082769,0.018090630492635207,0.6679333336399821,0.5650962931082769,0.021549997595882303,0.06664969128865603
4,first_place_votes,portland_bin_count_share_medium,geography_bins,record share,16,-0.03469085501222609,0.8985094278874203,0.2920366688303449,0.2724069774672305,0.03469085501222609,0.2920366688303449,0.9181848168192617,0.3852219883374977
4,first_place_votes,portland_bin_count_large,geography_bins,record count,17,0.37857878876981277,0.13401455762953587,0.617851886368356,0.008214955617205942,0.37857878876981277,0.617851886368356,0.33277480745752364,0.03709979956157523
4,first_place_votes,portland_bin_count_share_large,geography_bins,record share,16,-0.14811153103398111,0.5840883241103991,0.2045622334525779,0.4472751519912379,0.14811153103398111,0.2045622334525779,0.7787844321471988,0.5721793912193909
4,first_place_votes,oregon_bin_count_micro,geography_bins,record count,17,0.37481230349452777,0.13824796573001094,0.4500307406263725,0.06989261094722839,0.37481230349452777,0.4500307406263725,0.33277480745752364,0.17125002671153797
4,first_place_votes,oregon_bin_count_share_micro,geography_bins,record share,17,-0.20194293949727843,0.4369992147614623,-0.3995098039215687,0.11211790882594828,0.20194293949727843,0.3995098039215687,0.6242845925163748,0.2310974514953011
4,first_place_votes,oregon_bin_count_small,geography_bins,record count,17,0.7836519392223296,0.00019774131119287163,0.661764705882353,0.0038091599277271593,0.7836519392223296,0.661764705882353,0.003954826223857432,0.030814593953207372
4,first_place_votes,oregon_bin_count_share_small,geography_bins,record share,17,0.396869904418523,0.11473012432887975,0.3970588235294118,0.1145417756110758,0.396869904418523,0.3970588235294118,0.30888879627006083,0.2310974514953011
4,first_place_votes,oregon_bin_count_medium,geography_bins,record count,17,0.7454751730739958,0.0005928169944248666,0.6137803165062604,0.008772915142617355,0.7454751730739958,0.6137803165062604,0.005928169944248666,0.038381503748950926
4,first_place_votes,oregon_bin_count_share_medium,geography_bins,record share,17,0.03760756784696122,0.8860542176087963,0.4275197179589469,0.08694287123195013,0.03760756784696122,0.4275197179589469,0.9181848168192617,0.19954101594218063
4,first_place_votes,oregon_bin_count_large,geography_bins,record count,17,0.5550229915215322,0.02074243920097228,0.5823113399785655,0.014180047672831576,0.5550229915215322,0.5823113399785655,0.08296975680388911,0.05579944101572423
4,first_place_votes,oregon_bin_count_share_large,geography_bins,record share,17,-0.05263769831057637,0.8409818864966424,0.27518510581265543,0.2850666356192254,0.05263769831057637,0.27518510581265543,0.9181848168192617,0.3874692134630248
4,first_place_votes,oregon_bin_count_mega,geography_bins,record count,17,0.3171804322064079,0.214791819460807,0.3807011478451152,0.1316690602553389,0.3171804322064079,0.3807011478451152,0.4100424094322165,0.2310974514953011
4,first_place_votes,oregon_bin_count_share_mega,geography_bins,record share,17,0.30660050078599593,0.23132473784606714,0.3807011478451152,0.1316690602553389,0.30660050078599593,0.3807011478451152,0.410391251413742,0.2310974514953011
